site,species,maturity_status,svl_mm,sex
2950,Plethodon sp.,mature_female,72,female
2950,Plethodon sp.,mature_female,70,female
2950,Plethodon sp.,mature_female,75,female
WS18C,Plethodon sp.,mature_female,82,female
WS27C,Plethodon sp.,mature_female,56,female
WS36R,Plethodon sp.,mature_female,57,female
WS10R,Plethodon sp.,mature_female,82,female
WS40R,Plethodon sp.,mature_female,75,female
WS10M,Plethodon sp.,mature_female,NA,female
WSXC,Plethodon sp.,mature_female,62,female
WSXC,Plethodon sp.,mature_female,79,female
WSXR,Plethodon sp.,mature_female,67,female
WSXM,Plethodon sp.,mature_female,60,female
WSXM,Plethodon sp.,mature_female,60,female
WSXM,Plethodon sp.,mature_female,64,female
WSXM,Plethodon sp.,mature_female,70,female
WSXM,Plethodon sp.,mature_female,57,female
WSXM,Plethodon sp.,mature_female,64,female
WSXM,Plethodon sp.,mature_female,62,female
WS27R,Plethodon sp.,mature_female,65,female
WSXR,Plethodon sp.,mature_female,62,female
WSXR,Plethodon sp.,mature_female,65,female
WSXC,Plethodon sp.,mature_female,70,female
WSXC,Plethodon sp.,mature_female,62,female
WSXC,Plethodon sp.,mature_female,64,female
WSXR,Plethodon sp.,mature_female,64,female
WSXM,Plethodon sp.,mature_female,63,female
WS27R,Plethodon sp.,mature_female,60,female
WS27R,Plethodon sp.,mature_female,60,female
2850,Plethodon sp.,mature_female,62,female
2950,Plethodon sp.,mature_female,55,female
2850,Plethodon sp.,mature_female,63,female
2950,Plethodon sp.,mature_female,65,female
2950,Plethodon sp.,mature_female,72,female
2950,Plethodon sp.,mature_female,69,female
2950,Plethodon sp.,mature_female,65,female
2950,Plethodon sp.,mature_female,61,female
2750,Plethodon sp.,mature_female,70,female
2850,Plethodon sp.,mature_female,62,female
2950,Plethodon sp.,mature_female,63,female
2950,Plethodon sp.,mature_female,66,female
WS7R,Plethodon sp.,mature_female,80,female
WS40M,Plethodon sp.,mature_female,61,female
WS40M,Plethodon sp.,mature_female,65,female
WS40M,Plethodon sp.,mature_female,70,female
WS36M,Plethodon sp.,mature_female,62,female
WS36M,Plethodon sp.,mature_female,65,female
WS36M,Plethodon sp.,mature_female,66,female
WS36M,Plethodon sp.,mature_female,70,female
WS36M,Plethodon sp.,mature_female,NA,female
WS36R,Plethodon sp.,mature_female,61,female
WS36R,Plethodon sp.,mature_female,65,female
WS36R,Plethodon sp.,mature_female,61,female
WS36R,Plethodon sp.,mature_female,67,female
WS36R,Plethodon sp.,mature_female,58,female
WS40R,Plethodon sp.,mature_female,75,female
WS40R,Plethodon sp.,mature_female,77,female
WS40R,Plethodon sp.,mature_female,80,female
WS36M,Plethodon sp.,mature_female,65,female
WS36M,Plethodon sp.,mature_female,65,female
WS36M,Plethodon sp.,mature_female,66,female
WS36M,Plethodon sp.,mature_female,73,female
WS40R,Plethodon sp.,mature_female,77,female
WSXR,Plethodon sp.,mature_female,64,female
WSXR,Plethodon sp.,mature_female,56,female
WSXM,Plethodon sp.,mature_female,57,female
WSXC,Plethodon sp.,mature_female,65,female
WSXC,Plethodon sp.,NA,NA,male
WSXM,Plethodon sp.,mature_female,52,female
WSXM,Plethodon sp.,mature_female,57,female
WSXM,Plethodon sp.,mature_female,62,female
WSXC,Plethodon sp.,mature_female,51,female
WSXC,Plethodon sp.,mature_female,62,female
WSXC,Plethodon sp.,mature_female,65,female
WSXC,Plethodon sp.,mature_female,65,female
WSXC,Plethodon sp.,mature_female,63,female
WSXC,Plethodon sp.,mature_female,63,female
WSXM,Plethodon sp.,mature_female,67,female
WSXC,Plethodon sp.,mature_female,70,female
WS27C,Plethodon sp.,mature_female,65,female
WS27C,Plethodon sp.,mature_female,51,female
WS27R,Plethodon sp.,mature_female,61,female
2750,Plethodon sp.,mature_female,73,female
2850,Plethodon sp.,mature_female,68,female
2950,Plethodon sp.,mature_female,71,female
2950,Plethodon sp.,mature_female,69,female
2950,Plethodon sp.,mature_female,72,female
2750,Plethodon sp.,mature_female,67,female
2750,Plethodon sp.,mature_female,66,female
2750,Plethodon sp.,mature_female,59,female
2850,Plethodon sp.,mature_female,65,female
2950,Plethodon sp.,mature_female,60,female
WSXC,Plethodon sp.,mature_female,68,female
WS36R,Plethodon sp.,mature_female,NA,female
WS40M,Plethodon sp.,mature_female,64,female
WS40M,Plethodon sp.,mature_female,57,female
WS36M,Plethodon sp.,mature_female,NA,female
WS36M,Plethodon sp.,mature_female,NA,female
WS36M,Plethodon sp.,mature_female,NA,female
WS36R,Plethodon sp.,mature_female,NA,female
WS40M,Plethodon sp.,mature_female,70,female
WS36M,Plethodon sp.,mature_female,NA,female
WS36M,Plethodon sp.,mature_female,NA,female
WS36M,Plethodon sp.,mature_female,NA,female
WS36R,Plethodon sp.,mature_female,NA,female
WS36R,Plethodon sp.,mature_female,NA,female
WS36R,Plethodon sp.,mature_female,NA,female
WS40M,Plethodon sp.,mature_female,70,female
WS40M,Plethodon sp.,mature_female,70,female
WS27R,Plethodon sp.,mature_female,60,female
WS27R,Plethodon sp.,mature_female,60,female
WS27R,Plethodon sp.,mature_female,61,female
WS27R,Plethodon sp.,mature_female,62,female
WS27R,Plethodon sp.,NA,NA,male
WS27R,Plethodon sp.,mature_female,NA,female
WS27R,Plethodon sp.,mature_female,NA,female
WS27R,Plethodon sp.,mature_female,NA,female
WS27R,Plethodon sp.,mature_female,NA,female
WSXR,Plethodon sp.,mature_female,NA,female
WSXR,Plethodon sp.,mature_female,NA,female
WSXR,Plethodon sp.,mature_female,NA,female
WSXM,Plethodon sp.,mature_female,NA,female
WS27C,Plethodon sp.,mature_female,NA,female
WS27C,Plethodon sp.,mature_female,NA,female
WS27C,Plethodon sp.,mature_female,NA,female
WS27R,Plethodon sp.,mature_female,NA,female
WSXR,Plethodon sp.,mature_female,NA,female
WS27C,Plethodon sp.,mature_female,55,female
WS27C,Plethodon sp.,mature_female,NA,female
WS27C,Plethodon sp.,mature_female,NA,female
WS27R,Plethodon sp.,mature_female,NA,female
WS27R,Plethodon sp.,mature_female,NA,female
WS27R,Plethodon sp.,mature_female,NA,female
WSXR,Plethodon sp.,mature_female,NA,female
WSXR,Plethodon sp.,mature_female,NA,female
WS27C,Plethodon sp.,mature_female,72,female
WS27C,Plethodon sp.,mature_female,NA,female
WS27C,Plethodon sp.,mature_female,NA,female
WS27C,Plethodon sp.,mature_female,NA,female
WS27C,Plethodon sp.,mature_female,NA,female
WS27C,Plethodon sp.,mature_female,NA,female
WSXC,Plethodon sp.,mature_female,73,female
WSXC,Plethodon sp.,mature_female,NA,female
WS40C,Plethodon sp.,mature_female,NA,female
2850,Plethodon sp.,mature_female,75,female
2850,Plethodon sp.,mature_female,65,female
2950,Plethodon sp.,mature_female,70,female
WS36R,Plethodon sp.,mature_female,NA,female
WS40R,Plethodon sp.,mature_female,66,female
WS36R,Plethodon sp.,mature_female,65,female
WS36R,Plethodon sp.,mature_female,67,female
WS36M,Plethodon sp.,mature_female,65,female
WS36M,Plethodon sp.,mature_female,55,female
WS36M,Plethodon sp.,mature_female,60,female
WSXC,Plethodon sp.,mature_female,63,female
WS6M,Plethodon sp.,mature_female,NA,female
WSXC,Plethodon sp.,mature_female,62,female
WSXC,Plethodon sp.,mature_female,61,female
WSXC,Plethodon sp.,mature_female,67,female
2750,Plethodon sp.,mature_female,71,female
2850,Plethodon sp.,mature_female,75,female
2950,Plethodon sp.,mature_female,62,female
2750,Plethodon sp.,mature_female,65,female
2750,Plethodon sp.,mature_female,65,female
2950,Plethodon sp.,mature_female,65,female
2950,Plethodon sp.,mature_female,65,female
2950,Plethodon sp.,mature_female,75,female
2950,Plethodon sp.,mature_female,55,female
2750,Plethodon sp.,mature_female,65,female
2950,Plethodon sp.,mature_female,75,female
2850,Plethodon sp.,mature_female,52,female
2750,Plethodon sp.,mature_female,67,female
2750,Plethodon sp.,mature_female,70,female
2750,Plethodon sp.,mature_female,78,female
2850,Plethodon sp.,mature_female,62,female
2750,Plethodon sp.,mature_female,70,female
2750,Plethodon sp.,mature_female,60,female
2850,Plethodon sp.,mature_female,71,female
WSXM,Plethodon sp.,NA,66,male
WS27R,Plethodon sp.,mature_female,65,female
WS27R,Plethodon sp.,mature_female,68,female
WS36M,Plethodon sp.,mature_female,63,female
WS36M,Plethodon sp.,mature_female,64,female
WS40C,Plethodon sp.,mature_female,70,female
WS40M,Plethodon sp.,mature_female,NA,female
WS31,Plethodon sp.,mature_female,67,female
WS31,Plethodon sp.,mature_female,67,female
WSXR,Plethodon sp.,mature_female,57,female
2750,Plethodon sp.,mature_female,75,female
WS36R,Plethodon sp.,mature_female,62,female
WS40R,Plethodon sp.,mature_female,65,female
WS27C,Plethodon sp.,mature_female,53,female
WSXM,Plethodon sp.,mature_female,60,female
WS36R,Plethodon sp.,mature_female,59,female
WS27R,Plethodon sp.,mature_female,NA,female
WSXC,Plethodon sp.,mature_female,59,female
WSXM,Plethodon sp.,mature_female,60,female
2750,Plethodon sp.,mature_female,68,female
2750,Plethodon sp.,mature_female,75,female
2750,Plethodon sp.,mature_female,71,female
2750,Plethodon sp.,mature_female,73,female
2750,Plethodon sp.,mature_female,70,female
2750,Plethodon sp.,mature_female,66,female
2750,Plethodon sp.,mature_female,81,female
2750,Plethodon sp.,mature_female,75,female
2750,Plethodon sp.,mature_female,75,female
2750,Plethodon sp.,mature_female,62,female
2750,Plethodon sp.,mature_female,68,female
2850,Plethodon sp.,mature_female,68,female
2850,Plethodon sp.,mature_female,62,female
2850,Plethodon sp.,mature_female,68,female
2850,Plethodon sp.,mature_female,67,female
2850,Plethodon sp.,mature_female,64,female
2850,Plethodon sp.,mature_female,77,female
2850,Plethodon sp.,mature_female,78,female
2850,Plethodon sp.,mature_female,77,female
2850,Plethodon sp.,mature_female,65,female
2950,Plethodon sp.,mature_female,66,female
2750,Plethodon sp.,mature_female,73,female
2750,Plethodon sp.,mature_female,76,female
WSXR,Plethodon sp.,mature_female,55,female
WS27C,Plethodon sp.,mature_female,56,female
WS27C,Plethodon sp.,mature_female,NA,female
WSXC,Plethodon sp.,mature_female,NA,female
WS27C,Plethodon sp.,mature_female,58,female
WS27R,Plethodon sp.,mature_female,54,female
2750,Plethodon sp.,mature_female,76,female
2750,Plethodon sp.,mature_female,69,female
2850,Plethodon sp.,mature_female,71,female
2950,Plethodon sp.,mature_female,71,female
2850,Plethodon sp.,mature_female,75,female
2850,Plethodon sp.,mature_female,65,female
2950,Plethodon sp.,mature_female,72,female
2950,Plethodon sp.,mature_female,64,female
2950,Plethodon sp.,mature_female,69,female
2950,Plethodon sp.,mature_female,67,female
2950,Plethodon sp.,mature_female,73,female
WS36R,Plethodon sp.,mature_female,59,female
WS36M,Plethodon sp.,mature_female,61,female
WS36M,Plethodon sp.,mature_female,NA,female
WS36R,Plethodon sp.,mature_female,65,female
WS40R,Plethodon sp.,mature_female,65,female
WS40R,Plethodon sp.,mature_female,71,female
WS27C,Plethodon sp.,mature_female,63,female
WS40R,Plethodon sp.,mature_female,67,female
WS40R,Plethodon sp.,mature_female,70,female
2850,Plethodon sp.,mature_female,66,female
2850,Plethodon sp.,mature_female,75,female
2750,Plethodon sp.,mature_female,58,female
2750,Plethodon sp.,mature_female,70,female
WS40M,Plethodon sp.,mature_female,68,female
WS40M,Plethodon sp.,mature_female,67,female
2750,Plethodon sp.,mature_female,73,female
2850,Plethodon sp.,mature_female,67,female
2850,Plethodon sp.,mature_female,75,female
WS10C,Plethodon sp.,mature_female,70,female
WS10C,Plethodon sp.,mature_female,71,female
2750,Plethodon sp.,mature_female,76,female
2850,Plethodon sp.,mature_female,53,female
2950,Plethodon sp.,mature_female,66,female
2950,Plethodon sp.,mature_female,62,female
2750,Plethodon sp.,mature_female,75,Female
2750,Plethodon sp.,mature_female,79,Female
2750,Plethodon sp.,mature_female,76,Female
2750,Plethodon sp.,mature_female,73,Female
2750,Plethodon sp.,mature_female,79,Female
2850,Plethodon sp.,mature_female,77,Female
2950,Plethodon sp.,mature_female,68,Female
WS31,Plethodon sp.,mature_female,60,female
WS31,Plethodon sp.,mature_female,66,female
WS31,Plethodon sp.,mature_female,68,female
Curtis Creek,Plethodon shermani,mature_female,62,female
Curtis Creek,Plethodon shermani,mature_female,66,female
Curtis Creek,Plethodon shermani,mature_female,54,female
Curtis Creek,Plethodon shermani,mature_female,62,female
WS32,Plethodon hybrid,mature_female,63,female
WS32,Plethodon hybrid,mature_female,68,female
WS32,Plethodon sp.,mature_female,71,female
WS32,Plethodon sp.,mature_female,63,female
WS32,Plethodon sp.,mature_female,64,female
WS32,Plethodon hybrid,mature_female,67,female
2750,Plethodon sp.,mature_female,80,Female
2850,Plethodon sp.,mature_female,65,Female
Curtis Creek,Plethodon shermani,mature_female,69,female
Curtis Creek,Plethodon shermani,mature_female,63,female
Curtis Creek,Plethodon shermani,mature_female,63,female
Curtis Creek,Plethodon shermani,mature_female,61,female
2750,Plethodon sp.,mature_female,80,Female
Chimney Tops,Plethodon jordani,mature_female,58,female
Maddron,Plethodon teyahalee,mature_female,74,female
Blackwell,Plethodon chattahoochee,mature_female,73,female
Chimney Tops,Plethodon jordani,mature_female,67,female
Chimney Tops,Plethodon jordani,mature_female,58,female
Chimney Tops,Plethodon jordani,mature_female,55,female
Chimney Tops,Plethodon jordani,mature_female,60,female
Chimney Tops,Plethodon jordani,mature_female,58,female
Maddron,Plethodon teyahalee,mature_female,70,female
Snowbird Trail,Plethodon shermani,mature_female,61,female
Snowbird Trail,Plethodon shermani,mature_female,59,female
Curtis Creek,Plethodon shermani,mature_female,62,female
Curtis Creek,Plethodon shermani,mature_female,62,female
Curtis Creek,Plethodon shermani,mature_female,61,female
Curtis Creek,Plethodon shermani,mature_female,53,female
Curtis Creek,Plethodon shermani,mature_female,37,female
Curtis Creek,Plethodon shermani,mature_female,58,female
Curtis Creek,Plethodon shermani,mature_female,64,female
Curtis Creek,Plethodon shermani,mature_female,63,female
Curtis Creek,Plethodon shermani,mature_female,71,female
WS32,Plethodon shermani,mature_female,68,female
2950,Plethodon sp.,mature_female,56,Female
2850,Plethodon sp.,mature_female,66,Female
2850,Plethodon sp.,mature_female,58,Female
2950,Plethodon sp.,mature_female,70,Female
2850,Plethodon sp.,mature_female,72,Female
WS31,Plethodon hybrid,mature_female,76,female
WS31,Plethodon sp.,mature_female,66,female
WS31,Plethodon sp.,mature_female,65,female
WS31,Plethodon sp.,mature_female,70,female
WS32,Plethodon hybrid,mature_female,51,female
2750,Plethodon sp.,mature_female,81,Female
2850,Plethodon sp.,mature_female,71,Female
2950,Plethodon sp.,mature_female,60,Female
2750,Plethodon sp.,mature_female,67,Female
2750,Plethodon sp.,mature_female,77,Female
2850,Plethodon sp.,mature_female,68,Female
2950,Plethodon sp.,mature_female,68,Female
WS31,Plethodon hybrid,mature_female,76,female
2750,Plethodon sp.,mature_female,75,Female
2850,Plethodon sp.,mature_female,60,Female
2750,Plethodon sp.,mature_female,69,Female
2750,Plethodon sp.,mature_female,72,Female
2850,Plethodon sp.,mature_female,66,Female
2850,Plethodon sp.,mature_female,64,Female
Hurricane Creek Sassafras Ridge,Plethodon hybrid,mature_female,52,female
Hurricane Creek Sassafras Ridge,Plethodon hybrid,mature_female,55,female
Lordamercy Cove,Plethodon chattahoochee,mature_female,68,female
High Shoals,Plethodon chattahoochee,mature_female,70,female
Lordamercy Cove,Plethodon chattahoochee,mature_female,50,female
Long Creek,Plethodon chattahoochee,mature_female,63,female
McKee Branch,Plethodon metcalfi,mature_female,85,female
McKee Branch,Plethodon metcalfi,mature_female,57,female
McKee Branch,Plethodon metcalfi,mature_female,60,female
McKee Branch,Plethodon metcalfi,mature_female,50,female
McKee Branch,Plethodon metcalfi,mature_female,48,female
Kephart Prong,Plethodon jordani,mature_female,54,female
Kephart Prong,Plethodon jordani,mature_female,54,female
Kephart Prong,Plethodon jordani,mature_female,46,female
Kephart Prong,Plethodon jordani,mature_female,55,female
Kephart Prong,Plethodon jordani,mature_female,57,female
Buck Creek,Plethodon shermani,mature_female,60,female
Buck Creek,Plethodon shermani,mature_female,61,female
Buck Creek,Plethodon shermani,mature_female,63,female
Buck Creek,Plethodon shermani,mature_female,55,female
2850,Plethodon sp.,mature_female,60,female
2850,Plethodon sp.,mature_female,67,female
2950,Plethodon sp.,mature_female,53,female
2950,Plethodon sp.,mature_female,64,female
2950,Plethodon sp.,mature_female,61,female
WSXR,Plethodon hybrid,mature_female,64,female
2750,Plethodon sp.,mature_female,73,female
2750,Plethodon sp.,mature_female,63,female
2950,Plethodon sp.,mature_female,54,female
2950,Plethodon sp.,mature_female,58,female
2950,Plethodon sp.,mature_female,56,female
2950,Plethodon sp.,mature_female,61,female
2750,Plethodon sp.,mature_female,76,female
2850,Plethodon sp.,mature_female,74,female
WS27R,Plethodon hybrid,mature_female,59,female
WSXC,Plethodon hybrid,mature_female,61,female
Bearpen,Plethodon shermani,mature_female,59,female
Bearpen,Plethodon hybrid,mature_female,61,female
Bearpen,Plethodon shermani,mature_female,55,female
Bearpen,Plethodon shermani,mature_female,61,female
Bearpen,Plethodon shermani,mature_female,49,female
Bearpen,Plethodon shermani,mature_female,57,female
Hurricane Creek Sassafras Ridge,Plethodon shermani,mature_female,56,female
Hurricane Creek Sassafras Ridge,Plethodon shermani,mature_female,57,female
Hurricane Creek Sassafras Ridge,Plethodon shermani,mature_female,67,female
WS36R,Plethodon hybrid,mature_female,56,female
WS36R,Plethodon hybrid,mature_female,62,female
GMSite2,Plethodon montanus,mature_female,56,female
2950,Plethodon sp.,mature_female,69,female
2950,Plethodon sp.,mature_female,62,female
2950,Plethodon sp.,mature_female,67,female
2950,Plethodon sp.,mature_female,71,female
2950,Plethodon sp.,mature_female,65,female
2850,Plethodon sp.,mature_female,72,female
2850,Plethodon sp.,mature_female,139,female
2750,Plethodon sp.,mature_female,67,female
WS36R,Plethodon hybrid,mature_female,58,female
2950,Plethodon sp.,mature_female,55,female
2850,Plethodon sp.,mature_female,60,female
2750,Plethodon sp.,mature_female,70,female
2750,Plethodon sp.,mature_female,76,female
2750,Plethodon sp.,mature_female,65,female
WS40C,Plethodon hybrid,mature_female,63,female
WSXC,Plethodon hybrid,mature_female,64,female
DF5,Plethodon hybrid,mature_female,62,female
DF4,Plethodon hybrid,mature_female,76,female
WSXR,Plethodon hybrid,mature_female,62,female
WS32,Plethodon hybrid,mature_female,60,female
WS31,Plethodon hybrid,mature_female,62,female
WS31,Plethodon hybrid,mature_female,62,female
WS31,Plethodon hybrid,mature_female,65,female
WS31,Plethodon hybrid,mature_female,66,female
WS31,Plethodon hybrid,mature_female,47,female
WS31,Plethodon hybrid,mature_female,67,female
WS31,Plethodon hybrid,mature_female,67,female
WS31,Plethodon hybrid,mature_female,65,female
WS31,Plethodon hybrid,mature_female,68,female
WS31,Plethodon hybrid,mature_female,67,female
WS31,Plethodon hybrid,mature_female,67,female
WS40M,Plethodon sp.,mature_female,70,female
2950,Plethodon hybrid,mature_female,60,Female
2950,Plethodon hybrid,mature_female,62,Female
2950,Plethodon hybrid,mature_female,55,Female
Chimney Picnic Area,Plethodon jordani,mature_female,59,Female
Lordamercy Cove,Plethodon chattahoochee,mature_female,65,Female
WS31,Plethodon hybrid,mature_female,71,Female
WS32,Plethodon hybrid,mature_female,75,Female
WS31,Plethodon hybrid,mature_female,74,Female
Chimney Tops,Plethodon jordani,mature_female,43,Female
McKee Branch,Plethodon metcalfi,mature_female,45,Female
Curtis Creek,Plethodon shermani,mature_female,60,Female
WS32,Plethodon hybrid,mature_female,64,Female
WS31,Plethodon hybrid,mature_female,72,Female
WS32,Plethodon hybrid,mature_female,68,Female
2750,Plethodon hybrid,mature_female,68,Female
2850,Plethodon hybrid,mature_female,68,Female
WS31,Plethodon hybrid,mature_female,72,Female
WS31,Plethodon hybrid,mature_female,66,Female
WS32,Plethodon hybrid,mature_female,67,Female
WS31,Plethodon hybrid,mature_female,68,Female
WS32,Plethodon hybrid,mature_female,62,Female
2950,Plethodon hybrid,mature_female,62,female
2850,Plethodon hybrid,mature_female,74,Female
2950,Plethodon hybrid,mature_female,63,Female
2950,Plethodon hybrid,mature_female,62,Female
2750,Plethodon hybrid,mature_female,67,Female
2750,Plethodon hybrid,mature_female,74,Female
2750,Plethodon hybrid,mature_female,74,Female
2850,Plethodon hybrid,mature_female,68,Female
2750,Plethodon hybrid,mature_female,68,Female
EF,Plethodon sp.,mature_female,70,female
EF,Plethodon sp.,mature_female,70,female
EF,Plethodon sp.,mature_female,69,female
EF,Plethodon sp.,mature_female,83,female
EF,Plethodon sp.,mature_female,69,female
EF,Plethodon sp.,mature_female,76,female
WS27R,Plethodon sp.,NA,59,unknown
WS27R,Plethodon sp.,mature_male,62,male
WS10R,Plethodon sp.,mature_male,NA,male
WS7R,Plethodon sp.,mature_male,NA,male
WS36M,Plethodon sp.,mature_male,NA,male
WS10M,Plethodon sp.,mature_male,NA,male
WS27C,Plethodon sp.,mature_male,NA,male
WS27R,Plethodon sp.,mature_male,50,male
WS10R,Plethodon sp.,mature_male,NA,male
WS10R,Plethodon sp.,mature_male,NA,male
WS40R,Plethodon sp.,mature_male,NA,male
WS36R,Plethodon sp.,mature_male,NA,male
WS7C,Plethodon sp.,mature_male,NA,male
WSXM,Plethodon sp.,mature_male,NA,male
WSXC,Plethodon sp.,mature_male,NA,male
WSXC,Plethodon sp.,mature_male,NA,male
WSXC,Plethodon sp.,mature_male,NA,male
WSXC,Plethodon sp.,mature_male,NA,male
WSXM,Plethodon sp.,mature_male,NA,male
WSXM,Plethodon sp.,mature_male,NA,male
WS36R,Plethodon sp.,mature_male,NA,male
WS7C,Plethodon sp.,mature_male,NA,male
WS36M,Plethodon sp.,mature_male,NA,male
WS36R,Plethodon sp.,mature_male,NA,male
WS40C,Plethodon sp.,mature_male,NA,male
WS36R,Plethodon sp.,mature_male,NA,male
WS40R,Plethodon sp.,mature_male,NA,male
WS40C,Plethodon sp.,mature_male,NA,male
WSXR,Plethodon sp.,mature_male,NA,male
WS6R,Plethodon sp.,mature_male,NA,male
WS27C,Plethodon sp.,mature_male,NA,male
WS27C,Plethodon sp.,mature_male,NA,male
WS27R,Plethodon sp.,mature_male,NA,male
WS27R,Plethodon sp.,mature_male,NA,male
WSXM,Plethodon sp.,mature_male,NA,male
WSXM,Plethodon sp.,mature_male,NA,male
WS27C,Plethodon sp.,mature_male,NA,male
WS27C,Plethodon sp.,mature_male,NA,male
WS27C,Plethodon sp.,mature_male,NA,male
WS27C,Plethodon sp.,mature_male,NA,male
WS36R,Plethodon sp.,mature_male,NA,male
WS36R,Plethodon sp.,mature_male,NA,male
WS36R,Plethodon sp.,mature_male,NA,male
WS36M,Plethodon sp.,mature_male,NA,male
WS40M,Plethodon sp.,mature_male,NA,male
WS40M,Plethodon sp.,mature_male,NA,male
WS36M,Plethodon sp.,mature_male,NA,male
WS36M,Plethodon sp.,mature_male,NA,male
WS36R,Plethodon sp.,mature_male,NA,male
WS36R,Plethodon sp.,mature_male,NA,male
WS40M,Plethodon sp.,mature_male,NA,male
WS36M,Plethodon sp.,mature_male,NA,male
WS36M,Plethodon sp.,mature_male,NA,male
WS40R,Plethodon sp.,mature_male,NA,male
WS40M,Plethodon sp.,mature_male,NA,male
WS27R,Plethodon sp.,NA,NA,juvenile
WS27R,Plethodon sp.,NA,NA,juvenile
WS27R,Plethodon sp.,mature_male,NA,male
WS27R,Plethodon sp.,mature_male,NA,male
WS27R,Plethodon sp.,mature_male,NA,male
WSXR,Plethodon sp.,mature_male,NA,male
WS27R,Plethodon sp.,mature_male,51,male
WSXR,Plethodon sp.,mature_male,NA,male
WSXR,Plethodon sp.,mature_male,NA,male
WSXR,Plethodon sp.,mature_male,NA,male
WSXR,Plethodon sp.,NA,NA,juvenile
WS27R,Plethodon sp.,mature_male,NA,male
WS27C,Plethodon sp.,mature_male,57,male
WS27C,Plethodon sp.,mature_male,NA,male
WS36M,Plethodon sp.,NA,NA,unknown
WS36R,Plethodon sp.,mature_male,60,male
WS40M,Plethodon sp.,mature_male,NA,male
WS40M,Plethodon sp.,mature_male,NA,male
WS36R,Plethodon sp.,mature_male,NA,male
WS36M,Plethodon sp.,mature_male,NA,male
WS36M,Plethodon sp.,mature_male,NA,male
WS36M,Plethodon sp.,mature_male,NA,male
WS40C,Plethodon sp.,mature_male,NA,male
WSXC,Plethodon sp.,mature_male,NA,male
WSXC,Plethodon sp.,mature_male,NA,male
WS18R,Plethodon sp.,mature_male,NA,male
WSXC,Plethodon sp.,mature_male,NA,male
WSXC,Plethodon sp.,mature_male,NA,male
WSXC,Plethodon sp.,mature_male,NA,male
WSXC,Plethodon sp.,mature_male,NA,male
WSXC,Plethodon sp.,mature_male,NA,male
WS6M,Plethodon sp.,mature_male,NA,male
WS18R,Plethodon sp.,mature_male,NA,male
WS18R,Plethodon sp.,mature_male,NA,male
WSXC,Plethodon sp.,mature_male,NA,male
2850,Plethodon sp.,mature_male,67,male
2850,Plethodon sp.,mature_male,65,male
2950,Plethodon sp.,mature_male,63,male
2750,Plethodon sp.,mature_male,73,male
2750,Plethodon sp.,mature_male,72,male
2750,Plethodon sp.,mature_male,70,male
2850,Plethodon sp.,mature_male,63,male
2850,Plethodon sp.,mature_male,61,male
WSXR,Plethodon sp.,mature_male,NA,male
WS27C,Plethodon sp.,mature_male,NA,male
WS27C,Plethodon sp.,mature_male,NA,male
WS10R,Plethodon sp.,mature_male,NA,male
WS40R,Plethodon sp.,mature_male,NA,male
WS10R,Plethodon sp.,mature_male,NA,male
WS31,Plethodon sp.,mature_male,60,male
WS27C,Plethodon sp.,mature_male,NA,male
WS27R,Plethodon sp.,mature_male,NA,male
WS36R,Plethodon sp.,mature_male,NA,male
WS10M,Plethodon sp.,NA,NA,female
WSXR,Plethodon sp.,mature_male,53,male
WSXR,Plethodon sp.,mature_male,52,male
WS36R,Plethodon sp.,mature_male,59,male
WS36R,Plethodon sp.,mature_male,60,male
WS40R,Plethodon sp.,mature_male,57,male
WS40R,Plethodon sp.,mature_male,71,male
WS36R,Plethodon sp.,mature_male,57,male
WS36R,Plethodon sp.,mature_male,NA,male
WS36R,Plethodon sp.,mature_male,53,male
WS36R,Plethodon sp.,mature_male,55,male
WS36R,Plethodon sp.,mature_male,57,male
WSXM,Plethodon sp.,mature_male,52,male
Lordamercy Cove,Plethodon chattahoochee,mature_male,80,male
WS10M,Plethodon sp.,mature_male,NA,male
WSXR,Plethodon sp.,mature_male,NA,male
WSXR,Plethodon sp.,mature_male,NA,male
WSXM,Plethodon sp.,mature_male,54,male
WS27R,Plethodon sp.,mature_male,NA,male
WS31,Plethodon sp.,mature_male,55,male
WS31,Plethodon sp.,mature_male,56,male
WS31,Plethodon sp.,mature_male,60,male
WS32,Plethodon sp.,mature_male,55,male
WS7C,Plethodon sp.,mature_male,NA,male
2750,Plethodon sp.,mature_male,71,male
WS10C,Plethodon sp.,mature_male,NA,male
WS27C,Plethodon sp.,mature_male,NA,male
WS40M,Plethodon sp.,mature_male,NA,male
WS36M,Plethodon sp.,mature_male,NA,male
WSXR,Plethodon sp.,mature_male,NA,male
WS27R,Plethodon sp.,mature_male,NA,male
WS32,Plethodon sp.,mature_male,NA,male
WS27C,Plethodon sp.,mature_male,NA,male
WS27C,Plethodon sp.,mature_male,NA,male
WS32,Plethodon sp.,mature_male,NA,male
WSXC,Plethodon sp.,mature_male,NA,male
WS36M,Plethodon sp.,mature_male,NA,male
2750,Plethodon sp.,mature_male,68,male
2750,Plethodon sp.,mature_male,72,male
2750,Plethodon sp.,mature_male,67,male
2850,Plethodon sp.,mature_male,68,male
2750,Plethodon sp.,mature_male,67,male
2750,Plethodon sp.,mature_male,66,male
2750,Plethodon sp.,mature_male,63,male
2850,Plethodon sp.,mature_male,64,male
2850,Plethodon sp.,mature_male,65,male
2850,Plethodon sp.,mature_male,66,male
2750,Plethodon sp.,mature_male,68,male
2850,Plethodon sp.,mature_male,50,male
2950,Plethodon sp.,mature_male,63,male
WS36R,Plethodon sp.,mature_male,NA,male
WS32,Plethodon sp.,NA,NA,unknown
WS40R,Plethodon sp.,mature_male,NA,male
WS36R,Plethodon sp.,mature_male,NA,male
WS36R,Plethodon sp.,mature_male,NA,male
WS31,Plethodon sp.,mature_male,62,male
WS32,Plethodon sp.,mature_male,60,male
WS36M,Plethodon sp.,mature_male,NA,male
WS27C,Plethodon sp.,mature_male,NA,male
WS31,Plethodon sp.,mature_male,45,male
WS31,Plethodon sp.,mature_male,50,male
WS31,Plethodon sp.,mature_male,NA,male
WS31,Plethodon sp.,mature_male,NA,male
WS31,Plethodon sp.,mature_male,NA,male
WS31,Plethodon sp.,mature_male,NA,male
WS31,Plethodon sp.,mature_male,NA,male
WS31,Plethodon sp.,mature_male,NA,male
WS31,Plethodon sp.,mature_male,NA,male
WS32,Plethodon sp.,mature_male,NA,male
WS32,Plethodon sp.,mature_male,58,male
WS36R,Plethodon sp.,mature_male,55,male
WS36R,Plethodon sp.,mature_male,56,male
WS36M,Plethodon sp.,mature_male,49,male
WS36M,Plethodon sp.,mature_male,50,male
WS36M,Plethodon sp.,mature_male,51,male
WS36M,Plethodon sp.,mature_male,52,male
WS36M,Plethodon sp.,mature_male,55,male
WS36M,Plethodon sp.,mature_male,57,male
WS36M,Plethodon sp.,mature_male,59,male
WS32,Plethodon sp.,mature_male,53,male
WS18R,Plethodon sp.,mature_male,NA,male
WS36M,Plethodon sp.,mature_male,58,male
2750,Plethodon sp.,mature_male,56,male
2750,Plethodon sp.,mature_male,60,male
2850,Plethodon sp.,mature_male,72,male
2850,Plethodon sp.,mature_male,71,male
2750,Plethodon sp.,mature_male,68,male
2750,Plethodon sp.,mature_male,64,male
2750,Plethodon sp.,mature_male,71,male
2750,Plethodon sp.,mature_male,69,male
2750,Plethodon sp.,mature_male,52,male
2850,Plethodon sp.,mature_male,75,male
2950,Plethodon sp.,mature_male,74,male
2950,Plethodon sp.,mature_male,68,male
2950,Plethodon sp.,mature_male,64,male
2950,Plethodon sp.,mature_male,60,male
2950,Plethodon sp.,mature_male,63,male
WS10R,Plethodon sp.,mature_male,NA,male
WS40M,Plethodon sp.,mature_male,NA,male
WS40M,Plethodon sp.,mature_male,NA,male
2750,Plethodon sp.,mature_male,69,male
2750,Plethodon sp.,mature_male,69,male
2750,Plethodon sp.,mature_male,75,male
2750,Plethodon sp.,mature_male,77,male
2850,Plethodon sp.,mature_male,63,male
2850,Plethodon sp.,mature_male,64,male
2850,Plethodon sp.,mature_male,66,male
2850,Plethodon sp.,mature_male,71,male
2850,Plethodon sp.,mature_male,65,male
2850,Plethodon sp.,mature_male,58,male
2950,Plethodon sp.,mature_male,60,male
2950,Plethodon sp.,mature_male,60,male
2950,Plethodon sp.,mature_male,62,male
2950,Plethodon sp.,mature_male,65,male
WS32,Plethodon sp.,mature_male,NA,male
WS32,Plethodon sp.,mature_male,NA,male
WS31,Plethodon sp.,mature_male,NA,male
WS31,Plethodon sp.,mature_male,NA,male
WS31,Plethodon sp.,mature_male,NA,male
2750,Plethodon sp.,mature_male,51,male
WS31,Plethodon sp.,mature_male,68,male
WS31,Plethodon sp.,mature_male,56,male
WS31,Plethodon sp.,mature_male,71,male
WS31,Plethodon hybrid,mature_male,64,male
WS31,Plethodon hybrid,mature_male,65,male
WS31,Plethodon sp.,mature_male,69,male
WS31,Plethodon sp.,mature_male,63,male
WS31,Plethodon sp.,mature_male,59,male
Curtis Creek,Plethodon shermani,mature_male,58,male
Curtis Creek,Plethodon shermani,mature_male,56,male
Curtis Creek,Plethodon shermani,mature_male,47,male
WS32,Plethodon hybrid,mature_male,63,male
WS32,Plethodon hybrid,mature_male,77,male
WS32,Plethodon hybrid,mature_male,64,male
WS32,Plethodon hybrid,mature_male,65,male
WS32,Plethodon sp.,mature_male,63,male
WS32,Plethodon sp.,mature_male,64,male
WS32,Plethodon hybrid,mature_male,63,male
WS32,Plethodon hybrid,mature_male,76,male
WS32,Plethodon hybrid,mature_male,62,male
2750,Plethodon sp.,mature_male,60,Male
2850,Plethodon sp.,mature_male,64,male
2850,Plethodon sp.,mature_male,65,male
2850,Plethodon sp.,mature_male,55,Male
2850,Plethodon sp.,mature_male,61,Male
2850,Plethodon sp.,mature_male,67,Male
2850,Plethodon sp.,mature_male,65,Male
2850,Plethodon sp.,mature_male,71,Male
2850,Plethodon sp.,mature_male,62,Male
2850,Plethodon sp.,mature_male,67,Male
2850,Plethodon sp.,mature_male,56,Male
2950,Plethodon sp.,mature_male,60,Male
2950,Plethodon sp.,mature_male,63,Male
2750,Plethodon sp.,mature_male,69,Male
2750,Plethodon sp.,mature_male,62,Male
2750,Plethodon sp.,mature_male,67,male
Cole Creek,Plethodon teyahalee,mature_male,65,male
Chimney Tops,Plethodon jordani,mature_male,55,male
Chimney Tops,Plethodon jordani,mature_male,54,male
Chimney Tops,Plethodon jordani,mature_male,64,male
Chimney Tops,Plethodon jordani,mature_male,55,male
Chimney Tops,Plethodon jordani,mature_male,58,male
Chimney Tops,Plethodon jordani,mature_male,55,male
Sugar Cove,Plethodon jordani,mature_male,56,male
Sugar Cove,Plethodon jordani,mature_male,73,male
Sugar Cove,Plethodon jordani,mature_male,68,male
Sugar Cove,Plethodon jordani,mature_male,59,male
Maddron,Plethodon teyahalee,mature_male,69,male
Snowbird Trail,Plethodon shermani,mature_male,63,male
Blackwell,Plethodon chattahoochee,mature_male,71,male
Blackwell,Plethodon chattahoochee,mature_male,61,male
Mart Helton,Plethodon chattahoochee,mature_male,56,male
Chimney Tops,Plethodon jordani,mature_male,56,male
Chimney Tops,Plethodon jordani,mature_male,64,male
Chimney Tops,Plethodon jordani,mature_male,54,male
Chimney Tops,Plethodon jordani,mature_male,60,male
Sugar Cove,Plethodon jordani,mature_male,60,male
Sugar Cove,Plethodon jordani,mature_male,64,male
Sugar Cove,Plethodon jordani,mature_male,55,male
Sugar Cove,Plethodon jordani,mature_male,55,male
Sugar Cove,Plethodon jordani,mature_male,67,male
Snowbird Trail,Plethodon shermani,mature_male,54,male
Snowbird Trail,Plethodon shermani,mature_male,62,male
Snowbird Trail,Plethodon shermani,mature_male,59,male
Snowbird Trail,Plethodon shermani,mature_male,58,male
Curtis Creek,Plethodon shermani,mature_male,51,male
Curtis Creek,Plethodon shermani,mature_male,60,male
Curtis Creek,Plethodon shermani,mature_male,58,male
Curtis Creek,Plethodon shermani,mature_male,54,male
Curtis Creek,Plethodon shermani,mature_male,57,male
Curtis Creek,Plethodon shermani,mature_male,52,male
Curtis Creek,Plethodon shermani,mature_male,56,male
Curtis Creek,Plethodon shermani,mature_male,57,male
Curtis Creek,Plethodon shermani,mature_male,52,male
Curtis Creek,Plethodon shermani,mature_male,53,male
Curtis Creek,Plethodon shermani,mature_male,48,male
Curtis Creek,Plethodon shermani,mature_male,52,male
Curtis Creek,Plethodon shermani,mature_male,62,male
Curtis Creek,Plethodon shermani,mature_male,61,male
Curtis Creek,Plethodon shermani,mature_male,62,male
Curtis Creek,Plethodon shermani,mature_male,47,male
Curtis Creek,Plethodon shermani,mature_male,50,male
WS31,Plethodon shermani,mature_male,68,male
WS31,Plethodon shermani,mature_male,63,male
Mart Helton,Plethodon chattahoochee,mature_male,48,male
Mart Helton,Plethodon chattahoochee,mature_male,68,male
2850,Plethodon sp.,mature_male,66,Male
2950,Plethodon sp.,mature_male,60,Male
Mart Helton,Plethodon chattahoochee,mature_male,56,male
Wolf Creek,Plethodon chattahoochee,mature_male,72,male
Wolf Creek,Plethodon chattahoochee,mature_male,66,male
Wolf Creek,Plethodon chattahoochee,mature_male,62,male
2750,Plethodon sp.,mature_male,78,Male
2950,Plethodon sp.,mature_male,66,Male
2950,Plethodon sp.,mature_male,63,Male
Blackwell,Plethodon chattahoochee,mature_male,59,male
Blackwell,Plethodon chattahoochee,mature_male,64,male
Blackwell,Plethodon chattahoochee,mature_male,61,male
Blackwell,Plethodon chattahoochee,mature_male,58,male
Blackwell,Plethodon chattahoochee,mature_male,50,male
Blackwell,Plethodon chattahoochee,mature_male,55,male
Blackwell,Plethodon chattahoochee,mature_male,60,male
Blackwell,Plethodon chattahoochee,mature_male,65,male
Blackwell,Plethodon chattahoochee,mature_male,61,male
Wolf Creek,Plethodon chattahoochee,mature_male,53,male
2750,Plethodon sp.,mature_male,70,Male
2850,Plethodon sp.,mature_male,70,Male
Blackwell,Plethodon chattahoochee,mature_male,50,male
Blackwell,Plethodon chattahoochee,mature_male,50,male
Blackwell,Plethodon chattahoochee,mature_male,57,male
Blackwell,Plethodon chattahoochee,mature_male,52,male
Blackwell,Plethodon chattahoochee,mature_male,70,male
Blackwell,Plethodon chattahoochee,mature_male,62,male
2750,Plethodon sp.,mature_male,68,Male
2750,Plethodon sp.,mature_male,52,Male
2950,Plethodon sp.,mature_male,67,Male
2950,Plethodon sp.,mature_male,57,Male
2950,Plethodon sp.,mature_male,65,Male
2950,Plethodon sp.,mature_male,64,Male
2950,Plethodon sp.,mature_male,62,Male
2950,Plethodon sp.,mature_male,62,Male
2950,Plethodon sp.,mature_male,58,Male
WS31,Plethodon sp.,mature_male,61,male
WS31,Plethodon sp.,mature_male,71,male
WS31,Plethodon sp.,mature_male,72,male
WS31,Plethodon sp.,mature_male,71,male
WS31,Plethodon hybrid,mature_male,77,male
WS31,Plethodon sp.,mature_male,77,male
WS32,Plethodon sp.,mature_male,68,male
WS32,Plethodon sp.,mature_male,70,male
WS32,Plethodon sp.,mature_male,65,male
WS32,Plethodon sp.,mature_male,60,male
WS32,Plethodon sp.,mature_male,72,male
WS32,Plethodon sp.,mature_male,63,male
2750,Plethodon sp.,mature_male,61,Male
2850,Plethodon sp.,mature_male,63,Male
2950,Plethodon sp.,mature_male,72,Male
2750,Plethodon sp.,mature_male,58,Male
2750,Plethodon sp.,mature_male,64,Male
2750,Plethodon sp.,mature_male,75,Male
2950,Plethodon sp.,mature_male,70,Male
WS31,Plethodon sp.,mature_male,62,male
WS31,Plethodon sp.,mature_male,61,male
WSXR,Plethodon hybrid,mature_male,48,male
WS32,Plethodon hybrid,mature_male,62,male
WS32,Plethodon hybrid,mature_male,65,male
WS27C,Plethodon hybrid,mature_male,62,male
WS40C,Plethodon hybrid,mature_male,74,male
WS40C,Plethodon hybrid,mature_male,75,male
WS40M,Plethodon sp.,mature_male,71,male
WS40M,Plethodon hybrid,mature_male,61,male
WS40M,Plethodon hybrid,mature_male,63,male
WS7C,Plethodon hybrid,mature_male,60,male
WS10C,Plethodon hybrid,mature_male,73,male
WS10C,Plethodon hybrid,mature_male,73,male
WS10C,Plethodon hybrid,mature_male,77,male
WS10R,Plethodon hybrid,mature_male,65,male
2750,Plethodon sp.,mature_male,71,Male
2750,Plethodon sp.,mature_male,67,Male
2750,Plethodon sp.,mature_male,69,Male
2850,Plethodon sp.,mature_male,67,Male
2850,Plethodon sp.,mature_male,62,Male
2850,Plethodon sp.,mature_male,62,Male
2850,Plethodon sp.,mature_male,73,Male
2850,Plethodon sp.,mature_male,62,male
2850,Plethodon sp.,mature_male,67,Male
2950,Plethodon sp.,mature_male,56,Male
2950,Plethodon sp.,mature_male,64,Male
WS1,Plethodon hybrid,mature_male,67,male
WS1,Plethodon hybrid,mature_male,75,male
WS12,Plethodon sp.,mature_male,63,male
FOSSite2,Plethodon hybrid,mature_male,74,male
2750,Plethodon sp.,mature_male,70,Male
2750,Plethodon sp.,mature_male,78,Male
2750,Plethodon sp.,mature_male,64,Male
2850,Plethodon sp.,mature_male,62,Male
2850,Plethodon sp.,mature_male,67,Male
2950,Plethodon sp.,mature_male,67,Male
2950,Plethodon sp.,mature_male,64,Male
2950,Plethodon sp.,mature_male,66,Male
2750,Plethodon sp.,mature_male,76,Male
2850,Plethodon sp.,mature_male,61,Male
2850,Plethodon sp.,mature_male,68,Male
2850,Plethodon sp.,mature_male,63,Male
2850,Plethodon sp.,mature_male,65,Male
2850,Plethodon sp.,mature_male,65,Male
Hurricane Creek Sassafras Ridge,Plethodon hybrid,mature_male,55,male
Hurricane Creek Sassafras Ridge,Plethodon hybrid,mature_male,50,male
Hurricane Creek Sassafras Ridge,Plethodon hybrid,mature_male,50,male
WSXC,Plethodon hybrid,mature_male,62,male
Buck Creek,Plethodon shermani,mature_male,62,male
Buck Creek,Plethodon shermani,mature_male,51,male
Buck Creek,Plethodon shermani,mature_male,56,male
Buck Creek,Plethodon shermani,mature_male,60,male
Buck Creek,Plethodon shermani,mature_male,61,male
Buck Creek,Plethodon shermani,mature_male,58,male
Buck Creek,Plethodon shermani,mature_male,61,male
Buck Creek,Plethodon shermani,mature_male,50,male
Buck Creek,Plethodon shermani,mature_male,54,male
Lordamercy Cove,Plethodon chattahoochee,mature_male,62,male
Lordamercy Cove,Plethodon chattahoochee,mature_male,65,male
Lordamercy Cove,Plethodon chattahoochee,mature_male,73,male
Lordamercy Cove,Plethodon chattahoochee,mature_male,68,male
Lordamercy Cove,Plethodon chattahoochee,mature_male,65,male
Lordamercy Cove,Plethodon chattahoochee,mature_male,65,male
Lordamercy Cove,Plethodon chattahoochee,mature_male,50,male
Lordamercy Cove,Plethodon chattahoochee,mature_male,55,male
Lordamercy Cove,Plethodon chattahoochee,mature_male,75,male
Lordamercy Cove,Plethodon chattahoochee,mature_male,63,male
Lordamercy Cove,Plethodon chattahoochee,mature_male,60,male
DF5,Plethodon hybrid,mature_male,69,male
McKee Branch,Plethodon metcalfi,mature_male,53,male
McKee Branch,Plethodon metcalfi,mature_male,55,male
McKee Branch,Plethodon metcalfi,mature_male,52,male
McKee Branch,Plethodon metcalfi,mature_male,54,male
McKee Branch,Plethodon metcalfi,mature_male,47,male
McKee Branch,Plethodon metcalfi,mature_male,47,male
McKee Branch,Plethodon metcalfi,mature_male,51,male
McKee Branch,Plethodon metcalfi,mature_male,49,male
Kephart Prong,Plethodon jordani,mature_male,55,male
Kephart Prong,Plethodon jordani,mature_male,53,male
Kephart Prong,Plethodon jordani,mature_male,56,male
Kephart Prong,Plethodon jordani,mature_male,54,male
Kephart Prong,Plethodon jordani,mature_male,54,male
Kephart Prong,Plethodon jordani,mature_male,53,male
Kephart Prong,Plethodon jordani,mature_male,52,male
Kephart Prong,Plethodon jordani,mature_male,51,male
Kephart Prong,Plethodon jordani,mature_male,50,male
Kephart Prong,Plethodon jordani,mature_male,60,male
Kephart Prong,Plethodon jordani,mature_male,53,male
Kephart Prong,Plethodon jordani,mature_male,51,male
Kephart Prong,Plethodon jordani,mature_male,43,male
Kephart Prong,Plethodon jordani,mature_male,52,male
Kephart Prong,Plethodon jordani,mature_male,52,male
Kephart Prong,Plethodon jordani,mature_male,45,male
Kephart Prong,Plethodon jordani,mature_male,59,male
Kephart Prong,Plethodon jordani,mature_male,47,male
Kephart Prong,Plethodon jordani,mature_male,56,male
Kephart Prong,Plethodon jordani,mature_male,52,male
Kephart Prong,Plethodon jordani,mature_male,54,male
Long Bunk Trail,Plethodon jordani,mature_male,64,male
Long Bunk Trail,Plethodon jordani,mature_male,62,male
Long Bunk Trail,Plethodon teyahalee,mature_male,65,male
Long Bunk Trail,Plethodon teyahalee,mature_male,66,male
Kephart Prong,Plethodon jordani,mature_male,57,male
Kephart Prong,Plethodon jordani,mature_male,49,male
Kephart Prong,Plethodon jordani,mature_male,53,male
Kephart Prong,Plethodon jordani,mature_male,50,male
Kephart Prong,Plethodon jordani,mature_male,50,male
Kephart Prong,Plethodon jordani,mature_male,54,male
Kephart Prong,Plethodon jordani,mature_male,55,male
Kephart Prong,Plethodon jordani,mature_male,43,male
Kephart Prong,Plethodon jordani,mature_male,55,male
Kephart Prong,Plethodon jordani,mature_male,47,male
Kephart Prong,Plethodon jordani,mature_male,55,male
Kephart Prong,Plethodon jordani,mature_male,51,male
Ramsey Cascade,Plethodon jordani,mature_male,63,male
Ramsey Cascade,Plethodon jordani,mature_male,56,male
Ramsey Cascade,Plethodon jordani,mature_male,63,male
Ramsey Cascade,Plethodon jordani,mature_male,59,male
Ramsey Cascade,Plethodon jordani,mature_male,57,male
Ramsey Cascade,Plethodon jordani,mature_male,64,male
Ramsey Cascade,Plethodon jordani,mature_male,55,male
Ramsey Cascade,Plethodon jordani,mature_male,64,male
Ramsey Cascade,Plethodon jordani,mature_male,71,male
Long Creek,Plethodon chattahoochee,mature_male,50,male
Long Creek,Plethodon chattahoochee,mature_male,63,male
Long Creek,Plethodon chattahoochee,mature_male,51,male
Long Creek,Plethodon chattahoochee,mature_male,63,male
Long Creek,Plethodon chattahoochee,mature_male,59,male
Long Creek,Plethodon chattahoochee,mature_male,63,male
Long Creek,Plethodon chattahoochee,mature_male,65,male
Long Creek,Plethodon chattahoochee,mature_male,56,male
Swallow Creek,Plethodon chattahoochee,mature_male,80,male
High Shoals,Plethodon chattahoochee,mature_male,73,male
High Shoals,Plethodon chattahoochee,mature_male,71,male
High Shoals,Plethodon chattahoochee,mature_male,67,male
Lordamercy Cove,Plethodon chattahoochee,mature_male,62,male
Long Creek,Plethodon chattahoochee,mature_male,58,male
Long Creek,Plethodon chattahoochee,mature_male,56,male
Long Creek,Plethodon chattahoochee,mature_male,67,male
Lordamercy Cove,Plethodon chattahoochee,mature_male,54,male
Lordamercy Cove,Plethodon chattahoochee,mature_male,62,male
High Shoals,Plethodon chattahoochee,mature_male,76,male
High Shoals,Plethodon chattahoochee,mature_male,75,male
High Shoals,Plethodon chattahoochee,mature_male,68,male
High Shoals,Plethodon chattahoochee,mature_male,54,male
McKee Branch,Plethodon metcalfi,mature_male,48,male
McKee Branch,Plethodon metcalfi,mature_male,49,male
McKee Branch,Plethodon metcalfi,mature_male,49,male
McKee Branch,Plethodon metcalfi,mature_male,54,male
McKee Branch,Plethodon metcalfi,mature_male,55,male
McKee Branch,Plethodon metcalfi,mature_male,53,male
McKee Branch,Plethodon metcalfi,mature_male,54,male
McKee Branch,Plethodon metcalfi,mature_male,45,male
McKee Branch,Plethodon metcalfi,mature_male,56,male
McKee Branch,Plethodon metcalfi,mature_male,53,male
McKee Branch,Plethodon metcalfi,mature_male,59,male
McKee Branch,Plethodon metcalfi,mature_male,53,male
McKee Branch,Plethodon metcalfi,mature_male,50,male
McKee Branch,Plethodon metcalfi,mature_male,51,male
McKee Branch,Plethodon metcalfi,mature_male,60,male
McKee Branch,Plethodon metcalfi,mature_male,50,male
McKee Branch,Plethodon metcalfi,mature_male,54,male
McKee Branch,Plethodon metcalfi,mature_male,59,male
McKee Branch,Plethodon metcalfi,mature_male,51,male
McKee Branch,Plethodon metcalfi,mature_male,54,male
McKee Branch,Plethodon metcalfi,mature_male,47,male
McKee Branch,Plethodon metcalfi,mature_male,51,male
McKee Branch,Plethodon metcalfi,mature_male,56,male
McKee Branch,Plethodon metcalfi,mature_male,55,male
McKee Branch,Plethodon metcalfi,mature_male,45,male
McKee Branch,Plethodon metcalfi,mature_male,49,male
McKee Branch,Plethodon metcalfi,mature_male,45,male
McKee Branch,Plethodon metcalfi,mature_male,57,male
McKee Branch,Plethodon metcalfi,mature_male,45,male
McKee Branch,Plethodon metcalfi,mature_male,55,male
McKee Branch,Plethodon metcalfi,mature_male,54,male
McKee Branch,Plethodon metcalfi,mature_male,53,male
McKee Branch,Plethodon metcalfi,mature_male,56,male
McKee Branch,Plethodon metcalfi,mature_male,51,male
McKee Branch,Plethodon metcalfi,mature_male,48,male
McKee Branch,Plethodon metcalfi,mature_male,52,male
McKee Branch,Plethodon metcalfi,mature_male,53,male
McKee Branch,Plethodon metcalfi,mature_male,52,male
McKee Branch,Plethodon metcalfi,mature_male,51,male
McKee Branch,Plethodon metcalfi,mature_male,48,male
McKee Branch,Plethodon metcalfi,mature_male,49,male
McKee Branch,Plethodon metcalfi,mature_male,48,male
McKee Branch,Plethodon metcalfi,mature_male,52,male
McKee Branch,Plethodon metcalfi,mature_male,54,male
McKee Branch,Plethodon metcalfi,mature_male,61,male
McKee Branch,Plethodon metcalfi,mature_male,58,male
McKee Branch,Plethodon metcalfi,mature_male,61,male
McKee Branch,Plethodon metcalfi,mature_male,51,male
McKee Branch,Plethodon metcalfi,mature_male,55,male
McKee Branch,Plethodon metcalfi,mature_male,55,male
McKee Branch,Plethodon metcalfi,mature_male,51,male
McKee Branch,Plethodon metcalfi,mature_male,48,male
McKee Branch,Plethodon metcalfi,mature_male,57,male
McKee Branch,Plethodon metcalfi,mature_male,53,male
McKee Branch,Plethodon metcalfi,mature_male,49,male
McKee Branch,Plethodon metcalfi,mature_male,47,male
Kephart Prong,Plethodon jordani,mature_male,52,male
Kephart Prong,Plethodon jordani,mature_male,42,male
Kephart Prong,Plethodon jordani,mature_male,44,male
Kephart Prong,Plethodon jordani,mature_male,51,male
Kephart Prong,Plethodon jordani,mature_male,50,male
Kephart Prong,Plethodon jordani,mature_male,57,male
Kephart Prong,Plethodon jordani,mature_male,51,male
Kephart Prong,Plethodon jordani,mature_male,49,male
Kephart Prong,Plethodon jordani,mature_male,56,male
Kephart Prong,Plethodon jordani,mature_male,58,male
Kephart Prong,Plethodon jordani,mature_male,63,male
Kephart Prong,Plethodon jordani,mature_male,51,male
Kephart Prong,Plethodon jordani,mature_male,41,male
Kephart Prong,Plethodon jordani,mature_male,50,male
Kephart Prong,Plethodon jordani,mature_male,43,male
Kephart Prong,Plethodon jordani,mature_male,60,male
Kephart Prong,Plethodon jordani,mature_male,53,male
Kephart Prong,Plethodon jordani,mature_male,54,male
Kephart Prong,Plethodon jordani,mature_male,52,male
Kephart Prong,Plethodon jordani,mature_male,58,male
Kephart Prong,Plethodon jordani,mature_male,52,male
Long Bunk Trail,Plethodon hybrid,mature_male,64,male
Long Bunk Trail,Plethodon hybrid,mature_male,71,male
Long Bunk Trail,Plethodon hybrid,mature_male,73,male
Long Bunk Trail,Plethodon hybrid,mature_male,71,male
Long Bunk Trail,Plethodon hybrid,mature_male,68,male
Buck Creek,Plethodon shermani,mature_male,49,male
Buck Creek,Plethodon hybrid,mature_male,53,male
Buck Creek,Plethodon shermani,mature_male,63,male
Buck Creek,Plethodon hybrid,mature_male,58,male
Buck Creek,Plethodon hybrid,mature_male,54,male
Buck Creek,Plethodon hybrid,mature_male,61,male
Buck Creek,Plethodon shermani,mature_male,56,male
Buck Creek,Plethodon shermani,mature_male,63,male
Buck Creek,Plethodon shermani,mature_male,53,male
Buck Creek,Plethodon shermani,mature_male,62,male
Buck Creek,Plethodon hybrid,mature_male,44,male
Buck Creek,Plethodon hybrid,mature_male,46,male
DF2,Plethodon hybrid,mature_male,58,male
DF2,Plethodon hybrid,mature_male,67,male
Buck Creek,Plethodon shermani,mature_male,61,male
Buck Creek,Plethodon hybrid,mature_male,60,male
Buck Creek,Plethodon hybrid,mature_male,59,male
2850,Plethodon sp.,mature_male,61,male
2950,Plethodon sp.,mature_male,56,male
2950,Plethodon sp.,mature_male,62,male
WS31,Plethodon hybrid,mature_male,75,male
WS31,Plethodon hybrid,mature_male,53,male
WS31,Plethodon hybrid,mature_male,64,male
2850,Plethodon sp.,mature_male,74,male
WS32,Plethodon hybrid,mature_male,66,male
WS27C,Plethodon hybrid,mature_male,67,male
WS27C,Plethodon hybrid,mature_male,63,male
WS27C,Plethodon hybrid,mature_male,68,male
WS10M,Plethodon hybrid,mature_male,75,male
WS40R,Plethodon hybrid,mature_male,70,male
WS32,Plethodon hybrid,mature_male,65,male
WS32,Plethodon hybrid,mature_male,55,male
WS27R,Plethodon hybrid,mature_male,52,male
WS27R,Plethodon hybrid,mature_male,51,male
WS27R,Plethodon hybrid,mature_male,51,male
WS27R,Plethodon hybrid,mature_male,64,male
WS27R,Plethodon hybrid,mature_male,58,male
WS7C,Plethodon hybrid,mature_male,56,male
WS12,Plethodon hybrid,mature_male,71,male
Hurricane Creek Sassafras Ridge,Plethodon shermani,mature_male,68,male
Hurricane Creek Sassafras Ridge,Plethodon shermani,mature_male,56,male
Hurricane Creek Sassafras Ridge,Plethodon hybrid,mature_male,50,male
Hurricane Creek Sassafras Ridge,Plethodon hybrid,mature_male,52,male
Hurricane Creek Sassafras Ridge,Plethodon shermani,mature_male,50,male
Hurricane Creek Sassafras Ridge,Plethodon hybrid,mature_male,58,male
Hurricane Creek Sassafras Ridge,Plethodon hybrid,mature_male,52,male
Hurricane Creek Sassafras Ridge,Plethodon shermani,mature_male,52,male
WSXM,Plethodon hybrid,mature_male,55,male
WS36M,Plethodon hybrid,mature_male,61,male
Bearpen,Plethodon shermani,mature_male,55,male
Bearpen,Plethodon shermani,mature_male,52,male
Bearpen,Plethodon hybrid,mature_male,52,male
Bearpen,Plethodon shermani,mature_male,67,male
Bearpen,Plethodon shermani,mature_male,58,male
Bearpen,Plethodon shermani,mature_male,59,male
Bearpen,Plethodon shermani,mature_male,61,male
Bearpen,Plethodon shermani,mature_male,49,male
Bearpen,Plethodon shermani,mature_male,47,male
Bearpen,Plethodon shermani,mature_male,52,male
Bearpen,Plethodon shermani,mature_male,60,male
Bearpen,Plethodon shermani,mature_male,51,male
Bearpen,Plethodon shermani,mature_male,50,male
Bearpen,Plethodon shermani,mature_male,58,male
Bearpen,Plethodon shermani,mature_male,54,male
Bearpen,Plethodon shermani,mature_male,43,male
Bearpen,Plethodon shermani,mature_male,50,male
Bearpen,Plethodon shermani,mature_male,56,male
Bearpen,Plethodon shermani,mature_male,60,male
Bearpen,Plethodon shermani,mature_male,60,male
Bearpen,Plethodon shermani,mature_male,48,male
Hurricane Creek Sassafras Ridge,Plethodon shermani,mature_male,61,male
Hurricane Creek Sassafras Ridge,Plethodon shermani,mature_male,54,male
Hurricane Creek Sassafras Ridge,Plethodon shermani,mature_male,64,male
Hurricane Creek Sassafras Ridge,Plethodon hybrid,mature_male,52,male
Hurricane Creek Sassafras Ridge,Plethodon hybrid,mature_male,57,male
Hurricane Creek Sassafras Ridge,Plethodon hybrid,mature_male,61,male
Hurricane Creek Sassafras Ridge,Plethodon shermani,mature_male,55,male
Hurricane Creek Sassafras Ridge,Plethodon shermani,mature_male,51,male
Bearpen,Plethodon shermani,mature_male,58,male
Bearpen,Plethodon shermani,mature_male,49,male
Bearpen,Plethodon shermani,mature_male,57,male
Bearpen,Plethodon shermani,mature_male,53,male
Bearpen,Plethodon shermani,mature_male,57,male
Bearpen,Plethodon shermani,mature_male,54,male
WS36R,Plethodon hybrid,mature_male,52,male
WS36R,Plethodon hybrid,mature_male,55,male
WS36R,Plethodon hybrid,mature_male,49,male
GMSite1,Plethodon montanus,mature_male,47,male
GMSite1,Plethodon montanus,mature_male,44,male
GMSite1,Plethodon montanus,mature_male,48,male
GMSite1,Plethodon montanus,mature_male,48,male
GMSite2,Plethodon montanus,mature_male,58,male
GMSite2,Plethodon montanus,mature_male,54,male
GMSite2,Plethodon montanus,mature_male,63,male
GMSite2,Plethodon montanus,mature_male,57,male
GMSite2,Plethodon montanus,mature_male,55,male
GMSite2,Plethodon montanus,mature_male,44,male
2950,Plethodon sp.,mature_male,56,male
2850,Plethodon sp.,mature_male,75,male
2950,Plethodon sp.,mature_male,63,male
2850,Plethodon sp.,mature_male,67,male
2750,Plethodon sp.,mature_male,74,male
WS36R,Plethodon hybrid,mature_male,49,male
WS36M,Plethodon hybrid,mature_male,58,male
WS36R,Plethodon hybrid,mature_male,58,male
WS36M,Plethodon hybrid,mature_male,53,male
2950,Plethodon sp.,mature_male,52,male
2750,Plethodon sp.,mature_male,65,male
WS40C,Plethodon hybrid,mature_male,60,male
WSXC,Plethodon hybrid,mature_male,63,male
DF4,Plethodon hybrid,mature_male,69,male
WSXR,Plethodon hybrid,mature_male,56,male
WSXR,Plethodon hybrid,mature_male,61,male
WS27R,Plethodon hybrid,mature_male,64,male
WS27R,Plethodon hybrid,mature_male,54,male
WS31,Plethodon hybrid,mature_male,70,male
WS31,Plethodon hybrid,mature_male,73,male
WS32,Plethodon hybrid,mature_male,65,male
WS32,Plethodon hybrid,mature_male,62,male
WS32,Plethodon hybrid,mature_male,61,male
WS32,Plethodon hybrid,mature_male,52,male
WS32,Plethodon hybrid,mature_male,71,male
WS32,Plethodon hybrid,mature_male,70,male
WS32,Plethodon hybrid,mature_male,69,male
WS32,Plethodon hybrid,mature_male,73,male
WS32,Plethodon hybrid,mature_male,67,male
WS32,Plethodon hybrid,mature_male,59,male
WS31,Plethodon hybrid,mature_male,67,male
WS32,Plethodon hybrid,mature_male,64,male
WS31,Plethodon hybrid,mature_male,75,male
WS31,Plethodon hybrid,mature_male,71,male
WS31,Plethodon hybrid,mature_male,68,male
WS32,Plethodon hybrid,mature_male,72,male
WS32,Plethodon hybrid,mature_male,60,male
WS32,Plethodon hybrid,mature_male,69,male
WS32,Plethodon hybrid,mature_male,69,male
WS32,Plethodon hybrid,mature_male,63,male
WS32,Plethodon hybrid,mature_male,65,male
WS32,Plethodon hybrid,mature_male,47,male
WS32,Plethodon hybrid,mature_male,66,male
WS32,Plethodon hybrid,mature_male,55,male
WS31,Plethodon hybrid,mature_male,62,male
WS32,Plethodon hybrid,mature_male,67,male
WS32,Plethodon hybrid,mature_male,60,male
WS31,Plethodon hybrid,mature_male,66,male
WS32,Plethodon hybrid,mature_male,59,male
WS32,Plethodon hybrid,mature_male,68,male
WS31,Plethodon hybrid,mature_male,72,male
WS31,Plethodon hybrid,mature_male,63,male
WS31,Plethodon hybrid,mature_male,65,male
WS32,Plethodon hybrid,mature_male,64,male
WS31,Plethodon hybrid,mature_male,73,male
WS32,Plethodon hybrid,mature_male,61,male
WS32,Plethodon hybrid,mature_male,55,male
WS32,Plethodon hybrid,mature_male,64,male
WS32,Plethodon hybrid,mature_male,62,male
WS32,Plethodon hybrid,mature_male,60,male
WS32,Plethodon hybrid,mature_male,60,male
WS32,Plethodon hybrid,mature_male,62,male
WS32,Plethodon hybrid,mature_male,63,male
WS31,Plethodon hybrid,mature_male,76,male
WS31,Plethodon hybrid,mature_male,67,male
WS31,Plethodon hybrid,mature_male,66,male
WS31,Plethodon hybrid,mature_male,66,male
WS31,Plethodon hybrid,mature_male,73,male
WS31,Plethodon hybrid,mature_male,70,male
WS31,Plethodon hybrid,mature_male,69,male
WS32,Plethodon hybrid,mature_male,65,male
WS31,Plethodon hybrid,mature_male,72,male
WS31,Plethodon hybrid,mature_male,67,male
WS31,Plethodon hybrid,mature_male,72,male
WS31,Plethodon hybrid,mature_male,69,male
WS31,Plethodon hybrid,mature_male,69,male
WS31,Plethodon hybrid,mature_male,68,male
WS31,Plethodon hybrid,mature_male,72,male
WS31,Plethodon hybrid,mature_male,68,male
WS31,Plethodon hybrid,mature_male,74,male
WS31,Plethodon hybrid,mature_male,64,male
WS31,Plethodon hybrid,mature_male,62,male
WS31,Plethodon hybrid,mature_male,71,male
WS31,Plethodon hybrid,mature_male,67,male
WS31,Plethodon hybrid,mature_male,73,male
WS31,Plethodon hybrid,mature_male,65,male
WS31,Plethodon hybrid,mature_male,52,male
WS31,Plethodon hybrid,mature_male,64,male
WS31,Plethodon hybrid,mature_male,62,male
WS32,Plethodon hybrid,mature_male,62,male
WS31,Plethodon hybrid,mature_male,69,male
WS31,Plethodon hybrid,mature_male,77,male
WS32,Plethodon hybrid,mature_male,63,male
WS32,Plethodon hybrid,mature_male,56,male
WS32,Plethodon hybrid,mature_male,65,male
WS40M,Plethodon sp.,mature_male,NA,male
2850,Plethodon hybrid,mature_male,63,Male
2750,Plethodon hybrid,mature_male,57,Male
2950,Plethodon hybrid,mature_male,61,Male
2750,Plethodon hybrid,mature_male,65,Male
2950,Plethodon hybrid,mature_male,62,Male
2750,Plethodon hybrid,mature_male,70,Male
2950,Plethodon hybrid,mature_male,60,Male
2750,Plethodon hybrid,mature_male,67,Male
2850,Plethodon hybrid,mature_male,67,Male
2850,Plethodon hybrid,mature_male,67,Male
2850,Plethodon hybrid,mature_male,72,Male
2850,Plethodon hybrid,mature_male,70,Male
2950,Plethodon hybrid,mature_male,63,Male
2950,Plethodon hybrid,mature_male,36,Male
2950,Plethodon hybrid,mature_male,58,Male
2950,Plethodon hybrid,mature_male,58,Male
2950,Plethodon hybrid,mature_male,58,Male
2850,Plethodon hybrid,mature_male,59,Male
2850,Plethodon hybrid,mature_male,62,Male
WS31,Plethodon hybrid,mature_male,57,Male
WS31,Plethodon hybrid,mature_male,65,Male
Cole Creek,Plethodon teyahalee,mature_male,68,Male
Chimney Picnic Area,Plethodon jordani,mature_male,55,Male
Lordamercy Cove,Plethodon chattahoochee,mature_male,56,Male
Lordamercy Cove,Plethodon chattahoochee,mature_male,70,Male
Lordamercy Cove,Plethodon chattahoochee,mature_male,67,Male
Lordamercy Cove,Plethodon chattahoochee,mature_male,73,Male
Lordamercy Cove,Plethodon chattahoochee,mature_male,64,Male
Lordamercy Cove,Plethodon chattahoochee,mature_male,67,Male
WS31,Plethodon hybrid,mature_male,70,Male
WS31,Plethodon hybrid,mature_male,67,Male
WS32,Plethodon hybrid,mature_male,75,Male
WS32,Plethodon hybrid,mature_male,60,Male
WS32,Plethodon hybrid,mature_male,66,Male
WS32,Plethodon hybrid,mature_male,65,Male
WS32,Plethodon hybrid,mature_male,70,Male
WS32,Plethodon hybrid,mature_male,71,Male
WS32,Plethodon hybrid,mature_male,70,Male
WS32,Plethodon hybrid,mature_male,66,Male
WS32,Plethodon hybrid,mature_male,64,Male
WS31,Plethodon hybrid,mature_male,55,Male
WS31,Plethodon hybrid,mature_male,73,Male
WS31,Plethodon hybrid,mature_male,67,Male
Cole Creek,Plethodon teyahalee,mature_male,75,Male
Cole Creek,Plethodon teyahalee,mature_male,70,Male
Lordamercy Cove,Plethodon chattahoochee,mature_male,65,Male
WSXC,Plethodon hybrid,NA,17,unknown
WS32,Plethodon hybrid,mature_male,59,Male
WS31,Plethodon hybrid,mature_male,61,Male
2750,Plethodon hybrid,mature_male,71,Male
2850,Plethodon hybrid,mature_male,53,Male
2850,Plethodon hybrid,mature_male,74,Male
WS32,Plethodon hybrid,mature_male,69,Male
WS32,Plethodon hybrid,mature_male,63,Male
2950,Plethodon hybrid,mature_male,54,Male
2950,Plethodon hybrid,mature_male,69,Male
WS31,Plethodon hybrid,mature_male,60,Male
WS31,Plethodon hybrid,mature_male,62,Male
WS31,Plethodon hybrid,mature_male,70,Male
WS32,Plethodon hybrid,mature_male,53,Male
WS32,Plethodon hybrid,mature_male,54,Male
WS32,Plethodon hybrid,mature_male,58,Male
2950,Plethodon hybrid,mature_male,64,Male
2750,Plethodon hybrid,mature_male,71,Male
2950,Plethodon hybrid,mature_male,60,Male
2950,Plethodon hybrid,mature_male,52,Male
2950,Plethodon hybrid,mature_male,66,Male
2750,Plethodon hybrid,mature_male,69,Male
2750,Plethodon hybrid,mature_male,48,Male
2850,Plethodon hybrid,mature_male,57,Male
2850,Plethodon hybrid,mature_male,62,Male
2850,Plethodon hybrid,mature_male,51,Male
2850,Plethodon hybrid,mature_male,52,Male
2750,Plethodon sp.,NA,49,unknown
2750,Plethodon sp.,NA,53,unknown
2750,Plethodon sp.,NA,50,unknown
2750,Plethodon sp.,NA,50,unknown
2750,Plethodon sp.,NA,33,unknown
2750,Plethodon sp.,NA,32,unknown
2750,Plethodon sp.,NA,49,unknown
2750,Plethodon sp.,NA,31,unknown
2750,Plethodon sp.,NA,52,unknown
2750,Plethodon sp.,NA,36,unknown
2750,Plethodon sp.,NA,47,unknown
2750,Plethodon sp.,NA,34,unknown
2750,Plethodon sp.,NA,34,unknown
2750,Plethodon sp.,NA,37,unknown
2850,Plethodon sp.,NA,33,unknown
2850,Plethodon sp.,NA,34,unknown
2850,Plethodon sp.,NA,32,unknown
2850,Plethodon sp.,NA,32,unknown
2850,Plethodon sp.,NA,49,unknown
2850,Plethodon sp.,NA,32,unknown
2850,Plethodon sp.,NA,49,unknown
2850,Plethodon sp.,NA,44,unknown
2850,Plethodon sp.,NA,42,unknown
2750,Plethodon sp.,NA,70,male
2750,Plethodon sp.,NA,54,male
2750,Plethodon sp.,NA,68,male
2750,Plethodon sp.,NA,59,female
2750,Plethodon sp.,NA,74,male
2750,Plethodon sp.,NA,56,male
2750,Plethodon sp.,NA,69,female
2750,Plethodon sp.,NA,58,female
2850,Plethodon sp.,NA,58,male
2850,Plethodon sp.,NA,67,male
2850,Plethodon sp.,NA,74,female
2850,Plethodon sp.,NA,73,male
2850,Plethodon sp.,NA,66,male
2850,Plethodon sp.,NA,65,female
2850,Plethodon sp.,NA,59,female
2850,Plethodon sp.,NA,62,male
2850,Plethodon sp.,NA,71,female
2850,Plethodon sp.,NA,68,male
2850,Plethodon sp.,NA,63,male
2850,Plethodon sp.,NA,67,female
2750,Plethodon sp.,NA,54,unknown
2750,Plethodon sp.,NA,52,unknown
2750,Plethodon sp.,NA,49,unknown
2750,Plethodon sp.,NA,31,unknown
2750,Plethodon sp.,NA,50,unknown
2750,Plethodon sp.,NA,34,unknown
2750,Plethodon sp.,NA,29,unknown
2750,Plethodon sp.,NA,39,unknown
2750,Plethodon sp.,NA,21,unknown
2850,Plethodon sp.,NA,33,unknown
2850,Plethodon sp.,NA,31,unknown
2850,Plethodon sp.,NA,35,unknown
2850,Plethodon sp.,NA,34,unknown
2750,Plethodon sp.,NA,53,male
2750,Plethodon sp.,NA,53,male
2750,Plethodon sp.,NA,65,male
2750,Plethodon sp.,NA,70,female
2750,Plethodon sp.,NA,69,female
2850,Plethodon sp.,NA,64,male
2850,Plethodon sp.,NA,75,female
2850,Plethodon sp.,NA,70,female
2850,Plethodon sp.,NA,66,male
2850,Plethodon sp.,NA,74,female
2850,Plethodon sp.,NA,64,male
2850,Plethodon sp.,NA,62,female
2850,Plethodon sp.,NA,63,female
2850,Plethodon sp.,NA,68,female
2750,Plethodon sp.,NA,51,unknown
2750,Plethodon sp.,NA,53,female
2750,Plethodon sp.,NA,32,unknown
2850,Plethodon sp.,NA,68,female
2750,Plethodon sp.,NA,43,unknown
2850,Plethodon sp.,NA,34,unknown
2850,Plethodon sp.,NA,34,unknown
2750,Plethodon sp.,NA,70,female
2750,Plethodon sp.,NA,33,unknown
2950,Plethodon sp.,NA,45,unknown
2750,Plethodon sp.,NA,40,unknown
2750,Plethodon sp.,NA,54,unknown
2750,Plethodon sp.,NA,40,unknown
2750,Plethodon sp.,NA,20,unknown
2850,Plethodon sp.,NA,41,unknown
2850,Plethodon sp.,NA,33,unknown
2950,Plethodon sp.,NA,50,female
2950,Plethodon sp.,NA,35,unknown
2950,Plethodon sp.,NA,51,unknown
2950,Plethodon sp.,NA,29,unknown
2950,Plethodon sp.,NA,31,unknown
2950,Plethodon sp.,NA,43,unknown
2750,Plethodon sp.,NA,65,male
2750,Plethodon sp.,NA,61,female
2750,Plethodon sp.,NA,65,female
2850,Plethodon sp.,NA,65,male
2850,Plethodon sp.,NA,70,female
2850,Plethodon sp.,NA,62,unknown
2850,Plethodon sp.,NA,64,female
2950,Plethodon sp.,NA,68,female
2750,Plethodon sp.,NA,35,unknown
2750,Plethodon sp.,NA,21,unknown
2750,Plethodon sp.,NA,55,female
2750,Plethodon sp.,NA,18,unknown
2850,Plethodon sp.,NA,49,unknown
2850,Plethodon sp.,NA,18,unknown
2950,Plethodon sp.,NA,33,unknown
2950,Plethodon sp.,NA,32,unknown
2950,Plethodon sp.,NA,35,unknown
2950,Plethodon sp.,NA,30,unknown
2950,Plethodon sp.,NA,47,unknown
2950,Plethodon sp.,NA,46,unknown
2750,Plethodon sp.,NA,NA,unknown
2950,Plethodon sp.,NA,NA,female
2850,Plethodon sp.,NA,48,unknown
2850,Plethodon sp.,NA,44,unknown
2850,Plethodon sp.,NA,32,unknown
2850,Plethodon sp.,NA,39,unknown
2950,Plethodon sp.,NA,47,unknown
2950,Plethodon sp.,NA,38,unknown
2750,Plethodon sp.,NA,58,male
2750,Plethodon sp.,NA,69,male
2850,Plethodon sp.,NA,64,male
2850,Plethodon sp.,NA,64,male
2850,Plethodon sp.,NA,71,female
2850,Plethodon sp.,NA,66,male
2850,Plethodon sp.,NA,68,female
2950,Plethodon sp.,NA,61,female
2950,Plethodon sp.,NA,58,male
2950,Plethodon sp.,NA,64,female
2750,Plethodon sp.,NA,50,unknown
2850,Plethodon sp.,NA,32,unknown
2850,Plethodon sp.,NA,51,unknown
2950,Plethodon sp.,NA,57,unknown
2950,Plethodon sp.,NA,55,female
2950,Plethodon sp.,NA,17,unknown
2950,Plethodon sp.,NA,30,unknown
2950,Plethodon sp.,NA,38,unknown
2950,Plethodon sp.,NA,73,female
2750,Plethodon sp.,NA,20,unknown
2750,Plethodon sp.,NA,20,unknown
2750,Plethodon sp.,NA,48,unknown
2750,Plethodon sp.,NA,21,unknown
2850,Plethodon sp.,NA,50,unknown
2850,Plethodon sp.,NA,51,unknown
2850,Plethodon sp.,NA,19,unknown
2950,Plethodon sp.,NA,34,unknown
2950,Plethodon sp.,NA,50,unknown
2950,Plethodon sp.,NA,18,unknown
2950,Plethodon sp.,NA,42,unknown
2850,Plethodon sp.,NA,67,female
2750,Plethodon sp.,NA,52,unknown
2750,Plethodon sp.,NA,44,unknown
2750,Plethodon sp.,NA,53,unknown
2750,Plethodon sp.,NA,40,unknown
2750,Plethodon sp.,NA,17,unknown
2850,Plethodon sp.,NA,32,unknown
2850,Plethodon sp.,NA,37,unknown
2950,Plethodon sp.,NA,53,female
2950,Plethodon sp.,NA,35,unknown
2950,Plethodon sp.,NA,36,unknown
2950,Plethodon sp.,NA,28,unknown
2750,Plethodon sp.,NA,63,female
2850,Plethodon sp.,NA,62,female
2850,Plethodon sp.,NA,63,female
2950,Plethodon sp.,NA,NA,unknown
2950,Plethodon sp.,NA,58,female
2950,Plethodon sp.,NA,63,female
2950,Plethodon sp.,NA,67,male
2950,Plethodon sp.,NA,58,female
2950,Plethodon sp.,NA,61,male
2750,Plethodon sp.,NA,54,female
2750,Plethodon sp.,NA,47,unknown
2750,Plethodon sp.,NA,35,unknown
2750,Plethodon sp.,NA,44,unknown
2750,Plethodon sp.,NA,49,unknown
2750,Plethodon sp.,NA,34,unknown
2850,Plethodon sp.,NA,15,unknown
2850,Plethodon sp.,NA,36,unknown
2850,Plethodon sp.,NA,34,unknown
2850,Plethodon sp.,NA,36,unknown
2850,Plethodon sp.,NA,51,unknown
2950,Plethodon sp.,NA,46,unknown
2950,Plethodon sp.,NA,56,female
2950,Plethodon sp.,NA,33,unknown
2950,Plethodon sp.,NA,47,unknown
2950,Plethodon sp.,NA,52,female
2950,Plethodon sp.,NA,34,unknown
2950,Plethodon sp.,NA,32,unknown
2950,Plethodon sp.,NA,29,unknown
2950,Plethodon sp.,NA,36,unknown
2950,Plethodon sp.,NA,56,female
2950,Plethodon sp.,NA,32,unknown
2950,Plethodon sp.,NA,34,unknown
2950,Plethodon sp.,NA,33,unknown
2950,Plethodon sp.,NA,31,unknown
2950,Plethodon sp.,NA,26,unknown
2950,Plethodon sp.,NA,38,unknown
2950,Plethodon sp.,NA,53,female
2950,Plethodon sp.,NA,54,female
2950,Plethodon sp.,NA,28,unknown
2950,Plethodon sp.,NA,31,unknown
2950,Plethodon sp.,NA,28,unknown
2950,Plethodon sp.,NA,54,female
2950,Plethodon sp.,NA,36,unknown
2950,Plethodon sp.,NA,34,unknown
2950,Plethodon sp.,NA,36,unknown
2950,Plethodon sp.,NA,43,unknown
2950,Plethodon sp.,NA,48,unknown
2950,Plethodon sp.,NA,44,unknown
2950,Plethodon sp.,NA,52,female
2950,Plethodon sp.,NA,54,female
2950,Plethodon sp.,NA,55,female
2750,Plethodon sp.,NA,NA,unknown
2750,Plethodon sp.,NA,68,female
2750,Plethodon sp.,NA,70,male
2750,Plethodon sp.,NA,61,male
2750,Plethodon sp.,NA,53,male
2750,Plethodon sp.,NA,57,male
2750,Plethodon sp.,NA,80,female
2750,Plethodon sp.,NA,87,male
2750,Plethodon sp.,NA,72,female
2750,Plethodon sp.,NA,61,female
2750,Plethodon sp.,NA,64,male
2750,Plethodon sp.,NA,63,male
2750,Plethodon sp.,NA,69,female
2750,Plethodon sp.,NA,72,male
2850,Plethodon sp.,NA,NA,unknown
2850,Plethodon sp.,NA,75,male
2850,Plethodon sp.,NA,NA,male
2850,Plethodon sp.,NA,NA,female
2850,Plethodon sp.,NA,63,female
2850,Plethodon sp.,NA,54,male
2850,Plethodon sp.,NA,64,male
2850,Plethodon sp.,NA,62,male
2850,Plethodon sp.,NA,58,female
2850,Plethodon sp.,NA,63,male
2850,Plethodon sp.,NA,61,female
2850,Plethodon sp.,NA,55,male
2850,Plethodon sp.,NA,71,female
2850,Plethodon sp.,NA,NA,male
2950,Plethodon sp.,NA,63,female
2950,Plethodon sp.,NA,60,female
2950,Plethodon sp.,NA,62,male
2950,Plethodon sp.,NA,62,male
2950,Plethodon sp.,NA,57,male
2950,Plethodon sp.,NA,54,male
2950,Plethodon sp.,NA,63,male
2950,Plethodon sp.,NA,54,male
2950,Plethodon sp.,NA,65,female
2950,Plethodon sp.,NA,56,male
2750,Plethodon sp.,NA,55,female
2750,Plethodon sp.,NA,19,unknown
2750,Plethodon sp.,NA,17,unknown
2750,Plethodon sp.,NA,19,unknown
2750,Plethodon sp.,NA,37,unknown
2850,Plethodon sp.,NA,19,unknown
2850,Plethodon sp.,NA,36,unknown
2850,Plethodon sp.,NA,18,unknown
2850,Plethodon sp.,NA,48,unknown
2850,Plethodon sp.,NA,18,unknown
2850,Plethodon sp.,NA,39,unknown
2850,Plethodon sp.,NA,19,unknown
2850,Plethodon sp.,NA,16,unknown
2850,Plethodon sp.,NA,19,unknown
2950,Plethodon sp.,NA,51,unknown
2950,Plethodon sp.,NA,31,unknown
2950,Plethodon sp.,NA,30,unknown
2950,Plethodon sp.,NA,29,unknown
2950,Plethodon sp.,NA,53,female
2950,Plethodon sp.,NA,33,unknown
2950,Plethodon sp.,NA,33,unknown
2950,Plethodon sp.,NA,36,unknown
2950,Plethodon sp.,NA,45,unknown
2950,Plethodon sp.,NA,31,unknown
2950,Plethodon sp.,NA,32,unknown
2950,Plethodon sp.,NA,30,unknown
2950,Plethodon sp.,NA,41,unknown
2950,Plethodon sp.,NA,52,female
2950,Plethodon sp.,NA,16,unknown
2950,Plethodon sp.,NA,42,unknown
2950,Plethodon sp.,NA,45,unknown
2950,Plethodon sp.,NA,33,unknown
2950,Plethodon sp.,NA,11,unknown
2950,Plethodon sp.,NA,50,female
2950,Plethodon sp.,NA,17,unknown
2950,Plethodon sp.,NA,16,unknown
2950,Plethodon sp.,NA,31,unknown
2950,Plethodon sp.,NA,34,unknown
2950,Plethodon sp.,NA,33,unknown
2950,Plethodon sp.,NA,36,unknown
2950,Plethodon sp.,NA,33,unknown
2950,Plethodon sp.,NA,57,female
2950,Plethodon sp.,NA,46,unknown
2950,Plethodon sp.,NA,32,unknown
2950,Plethodon sp.,NA,42,unknown
2950,Plethodon sp.,NA,32,unknown
2950,Plethodon sp.,NA,14,unknown
2950,Plethodon sp.,NA,36,unknown
2950,Plethodon sp.,NA,35,unknown
2950,Plethodon sp.,NA,31,unknown
2950,Plethodon sp.,NA,29,unknown
2750,Plethodon sp.,NA,NA,male
2750,Plethodon sp.,NA,NA,male
2750,Plethodon sp.,NA,NA,female
2750,Plethodon sp.,NA,53,male
2750,Plethodon sp.,NA,NA,male
2750,Plethodon sp.,NA,NA,female
2750,Plethodon sp.,NA,62,male
2750,Plethodon sp.,NA,58,female
2750,Plethodon sp.,NA,66,female
2850,Plethodon sp.,NA,62,female
2850,Plethodon sp.,NA,62,male
2950,Plethodon sp.,NA,58,male
2950,Plethodon sp.,NA,65,male
2950,Plethodon sp.,NA,54,male
2950,Plethodon sp.,NA,63,female
2750,Plethodon sp.,NA,57,female
2850,Plethodon sp.,NA,43,unknown
2850,Plethodon sp.,NA,32,unknown
2850,Plethodon sp.,NA,19,unknown
2850,Plethodon sp.,NA,18,unknown
2850,Plethodon sp.,NA,46,unknown
2850,Plethodon sp.,NA,20,unknown
2950,Plethodon sp.,NA,35,unknown
2950,Plethodon sp.,NA,33,unknown
2950,Plethodon sp.,NA,56,female
2950,Plethodon sp.,NA,36,unknown
2950,Plethodon sp.,NA,36,unknown
2950,Plethodon sp.,NA,33,unknown
2950,Plethodon sp.,NA,47,unknown
2950,Plethodon sp.,NA,49,unknown
2950,Plethodon sp.,NA,32,unknown
2950,Plethodon sp.,NA,55,female
2950,Plethodon sp.,NA,19,unknown
2950,Plethodon sp.,NA,51,unknown
2950,Plethodon sp.,NA,37,unknown
2950,Plethodon sp.,NA,19,unknown
2750,Plethodon sp.,NA,63,male
2850,Plethodon sp.,NA,63,male
2850,Plethodon sp.,NA,62,female
2850,Plethodon sp.,NA,65,female
2850,Plethodon sp.,NA,69,female
2850,Plethodon sp.,NA,64,female
2950,Plethodon sp.,NA,59,female
2750,Plethodon sp.,NA,21,unknown
2750,Plethodon sp.,NA,57,female
2850,Plethodon sp.,NA,47,unknown
2950,Plethodon sp.,NA,51,unknown
2950,Plethodon sp.,NA,44,unknown
2950,Plethodon sp.,NA,19,unknown
2950,Plethodon sp.,NA,28,unknown
2950,Plethodon sp.,NA,28,unknown
2950,Plethodon sp.,NA,54,female
2950,Plethodon sp.,NA,14,unknown
2950,Plethodon sp.,NA,44,unknown
2950,Plethodon sp.,NA,57,female
2950,Plethodon sp.,NA,54,female
2750,Plethodon sp.,NA,62,female
2750,Plethodon sp.,NA,71,female
2750,Plethodon sp.,NA,60,female
2750,Plethodon sp.,NA,64,female
2850,Plethodon sp.,NA,65,male
2950,Plethodon sp.,NA,68,female
2950,Plethodon sp.,NA,61,female
2950,Plethodon sp.,NA,62,female
2750,Plethodon sp.,NA,34,unknown
2750,Plethodon sp.,NA,55,female
2750,Plethodon sp.,NA,48,unknown
2750,Plethodon sp.,NA,44,unknown
2750,Plethodon sp.,NA,40,unknown
2750,Plethodon sp.,NA,37,unknown
2750,Plethodon sp.,NA,38,unknown
2750,Plethodon sp.,NA,53,female
2750,Plethodon sp.,NA,22,unknown
2750,Plethodon sp.,NA,43,unknown
2750,Plethodon sp.,NA,48,unknown
2750,Plethodon sp.,NA,17,unknown
2750,Plethodon sp.,NA,54,female
2750,Plethodon sp.,NA,49,unknown
2750,Plethodon sp.,NA,19,unknown
2750,Plethodon sp.,NA,52,female
2750,Plethodon sp.,NA,39,unknown
2750,Plethodon sp.,NA,19,unknown
2750,Plethodon sp.,NA,19,unknown
2850,Plethodon sp.,NA,32,unknown
2850,Plethodon sp.,NA,34,unknown
2850,Plethodon sp.,NA,32,unknown
2850,Plethodon sp.,NA,49,unknown
2850,Plethodon sp.,NA,34,unknown
2850,Plethodon sp.,NA,18,unknown
2850,Plethodon sp.,NA,48,unknown
2850,Plethodon sp.,NA,31,unknown
2850,Plethodon sp.,NA,31,unknown
2850,Plethodon sp.,NA,51,unknown
2850,Plethodon sp.,NA,42,unknown
2850,Plethodon sp.,NA,40,unknown
2850,Plethodon sp.,NA,41,unknown
2950,Plethodon sp.,NA,34,unknown
2950,Plethodon sp.,NA,52,female
2950,Plethodon sp.,NA,27,unknown
2950,Plethodon sp.,NA,34,unknown
2950,Plethodon sp.,NA,19,unknown
2950,Plethodon sp.,NA,34,unknown
2950,Plethodon sp.,NA,29,unknown
2950,Plethodon sp.,NA,34,unknown
2950,Plethodon sp.,NA,32,unknown
2950,Plethodon sp.,NA,19,unknown
2950,Plethodon sp.,NA,33,unknown
2950,Plethodon sp.,NA,46,unknown
2950,Plethodon sp.,NA,57,female
2950,Plethodon sp.,NA,17,unknown
2950,Plethodon sp.,NA,33,unknown
2950,Plethodon sp.,NA,18,unknown
2950,Plethodon sp.,NA,47,unknown
2950,Plethodon sp.,NA,38,unknown
2950,Plethodon sp.,NA,34,unknown
2950,Plethodon sp.,NA,48,unknown
2950,Plethodon sp.,NA,36,unknown
2750,Plethodon sp.,NA,58,male
2750,Plethodon sp.,NA,63,female
2750,Plethodon sp.,NA,57,male
2750,Plethodon sp.,NA,56,male
2750,Plethodon sp.,NA,61,male
2750,Plethodon sp.,NA,67,male
2750,Plethodon sp.,NA,64,male
2850,Plethodon sp.,NA,58,male
2850,Plethodon sp.,NA,58,female
2850,Plethodon sp.,NA,67,male
2850,Plethodon sp.,NA,53,male
2850,Plethodon sp.,NA,67,female
2850,Plethodon sp.,NA,57,male
2850,Plethodon sp.,NA,66,male
2850,Plethodon sp.,NA,59,female
2950,Plethodon sp.,NA,64,female
2950,Plethodon sp.,NA,67,male
2950,Plethodon sp.,NA,74,female
2950,Plethodon sp.,NA,62,female
2750,Plethodon sp.,NA,NA,unknown
2750,Plethodon sp.,NA,18,unknown
2750,Plethodon sp.,NA,24,unknown
2750,Plethodon sp.,NA,18,unknown
2750,Plethodon sp.,NA,56,female
2750,Plethodon sp.,NA,42,unknown
2750,Plethodon sp.,NA,38,unknown
2750,Plethodon sp.,NA,46,unknown
2850,Plethodon sp.,NA,NA,unknown
2850,Plethodon sp.,NA,17,unknown
2850,Plethodon sp.,NA,22,unknown
2850,Plethodon sp.,NA,17,unknown
2850,Plethodon sp.,NA,22,unknown
2850,Plethodon sp.,NA,38,unknown
2850,Plethodon sp.,NA,48,unknown
2950,Plethodon sp.,NA,35,unknown
2950,Plethodon sp.,NA,33,unknown
2950,Plethodon sp.,NA,34,unknown
2950,Plethodon sp.,NA,47,unknown
2950,Plethodon sp.,NA,NA,unknown
2950,Plethodon sp.,NA,48,unknown
2950,Plethodon sp.,NA,NA,unknown
2950,Plethodon sp.,NA,NA,unknown
2950,Plethodon sp.,NA,NA,unknown
2950,Plethodon sp.,NA,NA,unknown
2950,Plethodon sp.,NA,38,unknown
2950,Plethodon sp.,NA,34,unknown
2950,Plethodon sp.,NA,22,unknown
2950,Plethodon sp.,NA,56,female
2950,Plethodon sp.,NA,53,female
2950,Plethodon sp.,NA,56,female
2950,Plethodon sp.,NA,19,unknown
2950,Plethodon sp.,NA,48,unknown
2950,Plethodon sp.,NA,57,female
2950,Plethodon sp.,NA,36,unknown
2950,Plethodon sp.,NA,19,unknown
2950,Plethodon sp.,NA,48,unknown
2950,Plethodon sp.,NA,18,unknown
2950,Plethodon sp.,NA,16,unknown
2950,Plethodon sp.,NA,55,female
2950,Plethodon sp.,NA,17,unknown
2950,Plethodon sp.,NA,18,unknown
2750,Plethodon sp.,NA,NA,female
2750,Plethodon sp.,NA,56,male
2750,Plethodon sp.,NA,NA,male
2750,Plethodon sp.,NA,NA,male
2750,Plethodon sp.,NA,NA,male
2750,Plethodon sp.,NA,NA,female
2750,Plethodon sp.,NA,NA,female
2750,Plethodon sp.,NA,NA,male
2750,Plethodon sp.,NA,NA,female
2750,Plethodon sp.,NA,NA,unknown
2750,Plethodon sp.,NA,NA,unknown
2750,Plethodon sp.,NA,53,male
2850,Plethodon sp.,NA,65,female
2850,Plethodon sp.,NA,NA,unknown
2850,Plethodon sp.,NA,61,female
2950,Plethodon sp.,NA,60,female
2950,Plethodon sp.,NA,60,female
2950,Plethodon sp.,NA,63,female
2950,Plethodon sp.,NA,NA,unknown
2950,Plethodon sp.,NA,NA,unknown
2950,Plethodon sp.,NA,NA,male
2950,Plethodon sp.,NA,NA,male
2950,Plethodon sp.,NA,NA,female
2950,Plethodon sp.,NA,NA,female
2750,Plethodon sp.,NA,57,female
2750,Plethodon sp.,NA,22,unknown
2750,Plethodon sp.,NA,22,unknown
2750,Plethodon sp.,NA,22,unknown
2850,Plethodon sp.,NA,39,unknown
2850,Plethodon sp.,NA,31,unknown
2850,Plethodon sp.,NA,52,female
2950,Plethodon sp.,NA,33,unknown
2950,Plethodon sp.,NA,44,unknown
2950,Plethodon sp.,NA,32,unknown
2950,Plethodon sp.,NA,34,unknown
2950,Plethodon sp.,NA,34,unknown
2950,Plethodon sp.,NA,33,unknown
2950,Plethodon sp.,NA,54,female
2750,Plethodon sp.,NA,NA,male
2750,Plethodon sp.,NA,NA,female
2750,Plethodon sp.,NA,NA,female
2750,Plethodon sp.,NA,NA,male
2750,Plethodon sp.,NA,NA,unknown
2750,Plethodon sp.,NA,57,male
2850,Plethodon sp.,NA,54,male
2850,Plethodon sp.,NA,NA,female
2850,Plethodon sp.,NA,60,male
2850,Plethodon sp.,NA,61,male
2850,Plethodon sp.,NA,NA,female
2850,Plethodon sp.,NA,NA,female
2850,Plethodon sp.,NA,58,female
2850,Plethodon sp.,NA,58,female
2850,Plethodon sp.,NA,53,male
2850,Plethodon sp.,NA,58,male
2850,Plethodon sp.,NA,56,male
2850,Plethodon sp.,NA,60,male
2950,Plethodon sp.,NA,NA,female
2950,Plethodon sp.,NA,NA,female
2950,Plethodon sp.,NA,NA,unknown
2950,Plethodon sp.,NA,NA,unknown
2950,Plethodon sp.,NA,NA,female
2950,Plethodon sp.,NA,NA,male
2950,Plethodon sp.,NA,NA,female
2950,Plethodon sp.,NA,NA,female
2950,Plethodon sp.,NA,NA,unknown
2950,Plethodon sp.,NA,60,female
2950,Plethodon sp.,NA,NA,unknown
2950,Plethodon sp.,NA,NA,unknown
2950,Plethodon sp.,NA,NA,female
2950,Plethodon sp.,NA,68,female
2950,Plethodon sp.,NA,59,female
2950,Plethodon sp.,NA,63,male
2750,Plethodon sp.,NA,NA,unknown
2750,Plethodon sp.,NA,36,unknown
2750,Plethodon sp.,NA,54,female
2750,Plethodon sp.,NA,23,unknown
2850,Plethodon sp.,NA,45,unknown
2850,Plethodon sp.,NA,22,unknown
2850,Plethodon sp.,NA,40,unknown
2950,Plethodon sp.,NA,36,unknown
2950,Plethodon sp.,NA,38,unknown
2950,Plethodon sp.,NA,36,unknown
2950,Plethodon sp.,NA,36,unknown
2950,Plethodon sp.,NA,36,unknown
2950,Plethodon sp.,NA,35,unknown
2950,Plethodon sp.,NA,35,unknown
2950,Plethodon sp.,NA,38,unknown
2950,Plethodon sp.,NA,36,unknown
2950,Plethodon sp.,NA,21,unknown
2950,Plethodon sp.,NA,22,unknown
2950,Plethodon sp.,NA,22,unknown
2950,Plethodon sp.,NA,19,unknown
2950,Plethodon sp.,NA,42,unknown
2950,Plethodon sp.,NA,35,unknown
2950,Plethodon sp.,NA,39,unknown
2950,Plethodon sp.,NA,36,unknown
2750,Plethodon sp.,NA,61,female
2750,Plethodon sp.,NA,73,female
2850,Plethodon sp.,NA,69,male
2850,Plethodon sp.,NA,68,male
2950,Plethodon sp.,NA,65,female
2950,Plethodon sp.,NA,57,male
2950,Plethodon sp.,NA,67,male
2950,Plethodon sp.,NA,NA,female
2950,Plethodon sp.,NA,55,male
2750,Plethodon sp.,NA,53,female
2750,Plethodon sp.,NA,45,unknown
2750,Plethodon sp.,NA,39,unknown
2750,Plethodon sp.,NA,41,unknown
2750,Plethodon sp.,NA,55,female
2750,Plethodon sp.,NA,23,unknown
2750,Plethodon sp.,NA,52,male
2750,Plethodon sp.,NA,22,unknown
2750,Plethodon sp.,NA,NA,unknown
2750,Plethodon sp.,NA,NA,unknown
2750,Plethodon sp.,NA,NA,unknown
2850,Plethodon sp.,NA,37,unknown
2850,Plethodon sp.,NA,34,unknown
2850,Plethodon sp.,NA,37,unknown
2850,Plethodon sp.,NA,NA,unknown
2850,Plethodon sp.,NA,22,unknown
2850,Plethodon sp.,NA,25,unknown
2850,Plethodon sp.,NA,25,unknown
2850,Plethodon sp.,NA,22,unknown
2950,Plethodon sp.,NA,33,unknown
2950,Plethodon sp.,NA,48,unknown
2950,Plethodon sp.,NA,35,unknown
2950,Plethodon sp.,NA,38,unknown
2950,Plethodon sp.,NA,NA,unknown
2950,Plethodon sp.,NA,19,unknown
2950,Plethodon sp.,NA,19,unknown
2950,Plethodon sp.,NA,30,unknown
2950,Plethodon sp.,NA,53,female
2950,Plethodon sp.,NA,33,unknown
2950,Plethodon sp.,NA,41,unknown
2950,Plethodon sp.,NA,31,unknown
2950,Plethodon sp.,NA,19,unknown
2750,Plethodon sp.,NA,NA,male
2750,Plethodon sp.,NA,NA,female
2750,Plethodon sp.,NA,NA,female
2750,Plethodon sp.,NA,NA,female
2750,Plethodon sp.,NA,NA,female
2750,Plethodon sp.,NA,NA,unknown
2750,Plethodon sp.,NA,NA,unknown
2750,Plethodon sp.,NA,NA,female
2750,Plethodon sp.,NA,NA,unknown
2850,Plethodon sp.,NA,56,male
2850,Plethodon sp.,NA,NA,unknown
2950,Plethodon sp.,NA,NA,unknown
2950,Plethodon sp.,NA,NA,unknown
2950,Plethodon sp.,NA,NA,unknown
2950,Plethodon sp.,NA,NA,female
2950,Plethodon sp.,NA,NA,female
2950,Plethodon sp.,NA,NA,unknown
2950,Plethodon sp.,NA,NA,unknown
2950,Plethodon sp.,NA,NA,female
2950,Plethodon sp.,NA,NA,female
2750,Plethodon sp.,NA,38,unknown
2750,Plethodon sp.,NA,52,male
2750,Plethodon sp.,NA,39,unknown
2750,Plethodon sp.,NA,48,unknown
2750,Plethodon sp.,NA,37,unknown
2750,Plethodon sp.,NA,19,unknown
2850,Plethodon sp.,NA,36,unknown
2850,Plethodon sp.,NA,56,female
2850,Plethodon sp.,NA,24,unknown
2950,Plethodon sp.,NA,28,unknown
2950,Plethodon sp.,NA,47,unknown
2950,Plethodon sp.,NA,53,unknown
2950,Plethodon sp.,NA,NA,unknown
2950,Plethodon sp.,NA,32,unknown
2950,Plethodon sp.,NA,47,unknown
2950,Plethodon sp.,NA,20,unknown
2950,Plethodon sp.,NA,27,unknown
2950,Plethodon sp.,NA,36,unknown
2950,Plethodon sp.,NA,33,unknown
2950,Plethodon sp.,NA,20,unknown
2950,Plethodon sp.,NA,18,unknown
2950,Plethodon sp.,NA,36,unknown
2750,Plethodon sp.,NA,NA,female
2850,Plethodon sp.,NA,59,male
2850,Plethodon sp.,NA,NA,unknown
2950,Plethodon sp.,NA,NA,unknown
2950,Plethodon sp.,NA,NA,unknown
2950,Plethodon sp.,NA,65,female
2950,Plethodon sp.,NA,NA,unknown
2750,Plethodon sp.,NA,21,unknown
2750,Plethodon sp.,NA,54,female
2750,Plethodon sp.,NA,NA,unknown
2750,Plethodon sp.,NA,NA,unknown
2750,Plethodon sp.,NA,NA,unknown
2750,Plethodon sp.,NA,21,unknown
2750,Plethodon sp.,NA,23,unknown
2750,Plethodon sp.,NA,56,female
2850,Plethodon sp.,NA,38,unknown
2850,Plethodon sp.,NA,57,female
2850,Plethodon sp.,NA,50,unknown
2850,Plethodon sp.,NA,NA,unknown
2850,Plethodon sp.,NA,56,female
2850,Plethodon sp.,NA,NA,unknown
2850,Plethodon sp.,NA,NA,unknown
2950,Plethodon sp.,NA,53,female
2950,Plethodon sp.,NA,50,male
2950,Plethodon sp.,NA,21,unknown
2950,Plethodon sp.,NA,21,unknown
2950,Plethodon sp.,NA,40,unknown
2950,Plethodon sp.,NA,24,unknown
2950,Plethodon sp.,NA,37,unknown
2750,Plethodon sp.,NA,64,female
2750,Plethodon sp.,NA,70,male
2850,Plethodon sp.,NA,NA,female
2950,Plethodon sp.,NA,NA,unknown
2950,Plethodon sp.,NA,NA,female
2950,Plethodon sp.,NA,NA,unknown
2950,Plethodon sp.,NA,NA,unknown
2950,Plethodon sp.,NA,NA,female
2950,Plethodon sp.,NA,70,female
2750,Plethodon sp.,NA,19,unknown
2750,Plethodon sp.,NA,22,unknown
2750,Plethodon sp.,NA,23,unknown
2750,Plethodon sp.,NA,33,unknown
2750,Plethodon sp.,NA,21,unknown
2750,Plethodon sp.,NA,19,unknown
2850,Plethodon sp.,NA,40,unknown
2850,Plethodon sp.,NA,23,unknown
2850,Plethodon sp.,NA,39,unknown
2850,Plethodon sp.,NA,38,unknown
2850,Plethodon sp.,NA,48,unknown
2850,Plethodon sp.,NA,20,unknown
2850,Plethodon sp.,NA,22,unknown
2950,Plethodon sp.,NA,34,unknown
2950,Plethodon sp.,NA,37,unknown
2950,Plethodon sp.,NA,56,female
2950,Plethodon sp.,NA,36,unknown
2950,Plethodon sp.,NA,52,female
2950,Plethodon sp.,NA,36,unknown
2950,Plethodon sp.,NA,34,unknown
2950,Plethodon sp.,NA,45,unknown
2950,Plethodon sp.,NA,37,unknown
2950,Plethodon sp.,NA,23,unknown
2950,Plethodon sp.,NA,22,unknown
2950,Plethodon sp.,NA,24,unknown
2950,Plethodon sp.,NA,21,unknown
2950,Plethodon sp.,NA,38,unknown
2950,Plethodon sp.,NA,34,unknown
2950,Plethodon sp.,NA,23,unknown
2750,Plethodon sp.,NA,56,male
2850,Plethodon sp.,NA,56,male
2850,Plethodon sp.,NA,53,male
2750,Plethodon sp.,NA,52,female
2750,Plethodon sp.,NA,40,unknown
2750,Plethodon sp.,NA,43,unknown
2750,Plethodon sp.,NA,36,unknown
2750,Plethodon sp.,NA,26,unknown
2750,Plethodon sp.,NA,23,unknown
2850,Plethodon sp.,NA,25,unknown
2850,Plethodon sp.,NA,56,female
2850,Plethodon sp.,NA,45,unknown
2850,Plethodon sp.,NA,23,unknown
2850,Plethodon sp.,NA,40,unknown
2850,Plethodon sp.,NA,52,male
2850,Plethodon sp.,NA,25,unknown
2850,Plethodon sp.,NA,42,unknown
2850,Plethodon sp.,NA,48,unknown
2850,Plethodon sp.,NA,21,unknown
2850,Plethodon sp.,NA,24,unknown
2950,Plethodon sp.,NA,49,unknown
2950,Plethodon sp.,NA,36,unknown
2950,Plethodon sp.,NA,54,female
2950,Plethodon sp.,NA,49,unknown
2950,Plethodon sp.,NA,34,unknown
2950,Plethodon sp.,NA,36,unknown
2950,Plethodon sp.,NA,37,unknown
2950,Plethodon sp.,NA,24,unknown
2950,Plethodon sp.,NA,23,unknown
2950,Plethodon sp.,NA,21,unknown
2950,Plethodon sp.,NA,22,unknown
2950,Plethodon sp.,NA,23,unknown
2950,Plethodon sp.,NA,56,female
2950,Plethodon sp.,NA,36,unknown
2950,Plethodon sp.,NA,38,unknown
2750,Plethodon sp.,NA,59,female
2750,Plethodon sp.,NA,56,male
2750,Plethodon sp.,NA,69,female
2750,Plethodon sp.,NA,65,male
2750,Plethodon sp.,NA,70,female
2750,Plethodon sp.,NA,59,male
2750,Plethodon sp.,NA,59,female
2750,Plethodon sp.,NA,67,female
2850,Plethodon sp.,NA,67,female
2850,Plethodon sp.,NA,NA,male
2850,Plethodon sp.,NA,64,female
2950,Plethodon sp.,NA,61,female
2950,Plethodon sp.,NA,68,male
2950,Plethodon sp.,NA,NA,unknown
2950,Plethodon sp.,NA,63,female
2750,Plethodon sp.,NA,21,unknown
2750,Plethodon sp.,NA,26,unknown
2750,Plethodon sp.,NA,26,unknown
2750,Plethodon sp.,NA,52,unknown
2750,Plethodon sp.,NA,26,unknown
2750,Plethodon sp.,NA,22,unknown
2750,Plethodon sp.,NA,25,unknown
2850,Plethodon sp.,NA,41,unknown
2850,Plethodon sp.,NA,41,unknown
2850,Plethodon sp.,NA,24,unknown
2850,Plethodon sp.,NA,40,unknown
2850,Plethodon sp.,NA,45,unknown
2850,Plethodon sp.,NA,NA,unknown
2850,Plethodon sp.,NA,21,unknown
2850,Plethodon sp.,NA,46,unknown
2850,Plethodon sp.,NA,22,unknown
2950,Plethodon sp.,NA,37,unknown
2950,Plethodon sp.,NA,38,unknown
2950,Plethodon sp.,NA,48,unknown
2950,Plethodon sp.,NA,35,unknown
2950,Plethodon sp.,NA,42,unknown
2950,Plethodon sp.,NA,48,unknown
2950,Plethodon sp.,NA,39,unknown
2950,Plethodon sp.,NA,39,unknown
2950,Plethodon sp.,NA,36,unknown
2950,Plethodon sp.,NA,55,female
2950,Plethodon sp.,NA,49,unknown
2950,Plethodon sp.,NA,42,unknown
2950,Plethodon sp.,NA,50,male
2950,Plethodon sp.,NA,38,unknown
2950,Plethodon sp.,NA,42,unknown
2950,Plethodon sp.,NA,36,unknown
2950,Plethodon sp.,NA,42,unknown
2950,Plethodon sp.,NA,37,unknown
2950,Plethodon sp.,NA,54,female
2950,Plethodon sp.,NA,39,unknown
2950,Plethodon sp.,NA,39,unknown
2950,Plethodon sp.,NA,41,unknown
2950,Plethodon sp.,NA,23,unknown
2950,Plethodon sp.,NA,23,unknown
2950,Plethodon sp.,NA,20,unknown
2950,Plethodon sp.,NA,51,unknown
2950,Plethodon sp.,NA,20,unknown
2950,Plethodon sp.,NA,36,unknown
2950,Plethodon sp.,NA,22,unknown
2950,Plethodon sp.,NA,19,unknown
2950,Plethodon sp.,NA,22,unknown
2950,Plethodon sp.,NA,22,unknown
2950,Plethodon sp.,NA,47,unknown
2950,Plethodon sp.,NA,18,unknown
2750,Plethodon sp.,NA,59,female
2750,Plethodon sp.,NA,66,female
2750,Plethodon sp.,NA,53,male
2850,Plethodon sp.,NA,58,male
2850,Plethodon sp.,NA,57,male
2850,Plethodon sp.,NA,55,male
2850,Plethodon sp.,NA,64,female
2950,Plethodon sp.,NA,66,male
2950,Plethodon sp.,NA,58,female
2950,Plethodon sp.,NA,59,female
2750,Plethodon sp.,NA,52,female
2750,Plethodon sp.,NA,44,unknown
2750,Plethodon sp.,NA,27,unknown
2750,Plethodon sp.,NA,55,female
2750,Plethodon sp.,NA,25,unknown
2750,Plethodon sp.,NA,52,female
2750,Plethodon sp.,NA,42,unknown
2750,Plethodon sp.,NA,25,unknown
2750,Plethodon sp.,NA,27,unknown
2750,Plethodon sp.,NA,26,unknown
2750,Plethodon sp.,NA,24,unknown
2750,Plethodon sp.,NA,28,unknown
2750,Plethodon sp.,NA,24,unknown
2750,Plethodon sp.,NA,26,unknown
2750,Plethodon sp.,NA,26,unknown
2850,Plethodon sp.,NA,44,unknown
2850,Plethodon sp.,NA,42,unknown
2850,Plethodon sp.,NA,41,unknown
2850,Plethodon sp.,NA,56,female
2850,Plethodon sp.,NA,27,unknown
2850,Plethodon sp.,NA,47,unknown
2850,Plethodon sp.,NA,26,unknown
2850,Plethodon sp.,NA,26,unknown
2850,Plethodon sp.,NA,28,unknown
2950,Plethodon sp.,NA,39,unknown
2950,Plethodon sp.,NA,56,female
2950,Plethodon sp.,NA,24,unknown
2950,Plethodon sp.,NA,47,unknown
2950,Plethodon sp.,NA,37,unknown
2950,Plethodon sp.,NA,36,unknown
2950,Plethodon sp.,NA,38,unknown
2950,Plethodon sp.,NA,37,unknown
2950,Plethodon sp.,NA,56,female
2950,Plethodon sp.,NA,23,unknown
2950,Plethodon sp.,NA,24,unknown
2950,Plethodon sp.,NA,23,unknown
2950,Plethodon sp.,NA,38,unknown
2950,Plethodon sp.,NA,24,unknown
2950,Plethodon sp.,NA,44,unknown
2950,Plethodon sp.,NA,52,male
2950,Plethodon sp.,NA,24,unknown
2950,Plethodon sp.,NA,43,unknown
2950,Plethodon sp.,NA,19,unknown
2950,Plethodon sp.,NA,24,unknown
2950,Plethodon sp.,NA,39,unknown
2950,Plethodon sp.,NA,25,unknown
2950,Plethodon sp.,NA,24,unknown
2950,Plethodon sp.,NA,40,unknown
2950,Plethodon sp.,NA,47,unknown
2750,Plethodon sp.,NA,76,male
2750,Plethodon sp.,NA,54,male
2750,Plethodon sp.,NA,73,female
2750,Plethodon sp.,NA,68,male
2750,Plethodon sp.,NA,67,male
2750,Plethodon sp.,NA,69,male
2850,Plethodon sp.,NA,73,male
2850,Plethodon sp.,NA,73,female
2850,Plethodon sp.,NA,75,female
2850,Plethodon sp.,NA,74,female
2850,Plethodon sp.,NA,76,male
2850,Plethodon sp.,NA,65,male
2850,Plethodon sp.,NA,63,male
2850,Plethodon sp.,NA,65,female
2850,Plethodon sp.,NA,62,male
2950,Plethodon sp.,NA,71,female
2750,Plethodon sp.,NA,52,female
2750,Plethodon sp.,NA,51,unknown
2750,Plethodon sp.,NA,51,male
2750,Plethodon sp.,NA,43,unknown
2750,Plethodon sp.,NA,NA,unknown
2750,Plethodon sp.,NA,45,unknown
2750,Plethodon sp.,NA,26,unknown
2750,Plethodon sp.,NA,47,unknown
2750,Plethodon sp.,NA,25,unknown
2750,Plethodon sp.,NA,24,unknown
2750,Plethodon sp.,NA,24,unknown
2750,Plethodon sp.,NA,24,unknown
2750,Plethodon sp.,NA,26,unknown
2750,Plethodon sp.,NA,42,unknown
2750,Plethodon sp.,NA,44,unknown
2750,Plethodon sp.,NA,26,unknown
2750,Plethodon sp.,NA,NA,unknown
2750,Plethodon sp.,NA,NA,unknown
2750,Plethodon sp.,NA,NA,unknown
2750,Plethodon sp.,NA,NA,unknown
2750,Plethodon sp.,NA,24,unknown
2750,Plethodon sp.,NA,52,male
2750,Plethodon sp.,NA,24,unknown
2750,Plethodon sp.,NA,44,unknown
2850,Plethodon sp.,NA,52,unknown
2850,Plethodon sp.,NA,42,unknown
2850,Plethodon sp.,NA,38,unknown
2850,Plethodon sp.,NA,51,unknown
2850,Plethodon sp.,NA,41,unknown
2850,Plethodon sp.,NA,42,unknown
2850,Plethodon sp.,NA,NA,unknown
2850,Plethodon sp.,NA,NA,unknown
2850,Plethodon sp.,NA,NA,unknown
2850,Plethodon sp.,NA,NA,unknown
2850,Plethodon sp.,NA,23,unknown
2850,Plethodon sp.,NA,46,unknown
2950,Plethodon sp.,NA,32,unknown
2950,Plethodon sp.,NA,NA,unknown
2950,Plethodon sp.,NA,35,unknown
2950,Plethodon sp.,NA,33,unknown
2950,Plethodon sp.,NA,54,female
2950,Plethodon sp.,NA,37,unknown
2950,Plethodon sp.,NA,38,unknown
2950,Plethodon sp.,NA,49,unknown
2950,Plethodon sp.,NA,24,unknown
2950,Plethodon sp.,NA,21,unknown
2950,Plethodon sp.,NA,41,unknown
2950,Plethodon sp.,NA,24,unknown
2950,Plethodon sp.,NA,48,unknown
2750,Plethodon sp.,NA,55,male
2750,Plethodon sp.,NA,60,female
2750,Plethodon sp.,NA,59,female
2750,Plethodon sp.,NA,59,male
2750,Plethodon sp.,NA,57,male
2850,Plethodon sp.,NA,NA,female
2850,Plethodon sp.,NA,NA,female
2850,Plethodon sp.,NA,NA,female
2850,Plethodon sp.,NA,59,female
2850,Plethodon sp.,NA,NA,female
2850,Plethodon sp.,NA,NA,female
2950,Plethodon sp.,NA,NA,unknown
2950,Plethodon sp.,NA,64,female
2950,Plethodon sp.,NA,NA,unknown
2950,Plethodon sp.,NA,68,male
2750,Plethodon sp.,NA,39,unknown
2750,Plethodon sp.,NA,NA,unknown
2750,Plethodon sp.,NA,NA,unknown
2750,Plethodon sp.,NA,24,unknown
2750,Plethodon sp.,NA,25,unknown
2750,Plethodon sp.,NA,NA,unknown
2750,Plethodon sp.,NA,20,unknown
2750,Plethodon sp.,NA,23,unknown
2750,Plethodon sp.,NA,NA,unknown
2750,Plethodon sp.,NA,NA,unknown
2750,Plethodon sp.,NA,NA,unknown
2750,Plethodon sp.,NA,NA,unknown
2750,Plethodon sp.,NA,23,unknown
2850,Plethodon sp.,NA,22,unknown
2850,Plethodon sp.,NA,24,unknown
2850,Plethodon sp.,NA,NA,unknown
2850,Plethodon sp.,NA,NA,unknown
2850,Plethodon sp.,NA,NA,unknown
2850,Plethodon sp.,NA,NA,unknown
2850,Plethodon sp.,NA,41,unknown
2850,Plethodon sp.,NA,25,unknown
2850,Plethodon sp.,NA,26,unknown
2850,Plethodon sp.,NA,21,unknown
2850,Plethodon sp.,NA,28,unknown
2850,Plethodon sp.,NA,26,unknown
2850,Plethodon sp.,NA,49,unknown
2850,Plethodon sp.,NA,23,unknown
2950,Plethodon sp.,NA,32,unknown
2950,Plethodon sp.,NA,41,unknown
2950,Plethodon sp.,NA,21,unknown
2950,Plethodon sp.,NA,35,unknown
2950,Plethodon sp.,NA,33,unknown
2950,Plethodon sp.,NA,34,unknown
2950,Plethodon sp.,NA,35,unknown
2950,Plethodon sp.,NA,33,unknown
2950,Plethodon sp.,NA,22,unknown
2950,Plethodon sp.,NA,38,unknown
2950,Plethodon sp.,NA,NA,unknown
2950,Plethodon sp.,NA,NA,unknown
2950,Plethodon sp.,NA,NA,unknown
2950,Plethodon sp.,NA,NA,unknown
2950,Plethodon sp.,NA,41,unknown
2950,Plethodon sp.,NA,25,unknown
2950,Plethodon sp.,NA,48,unknown
2950,Plethodon sp.,NA,19,unknown
2950,Plethodon sp.,NA,18,unknown
2950,Plethodon sp.,NA,55,female
2750,Plethodon sp.,NA,54,male
2750,Plethodon sp.,NA,NA,female
2750,Plethodon sp.,NA,NA,male
2750,Plethodon sp.,NA,60,female
2850,Plethodon sp.,NA,63,female
2850,Plethodon sp.,NA,66,female
2850,Plethodon sp.,NA,63,female
2850,Plethodon sp.,NA,NA,unknown
2850,Plethodon sp.,NA,NA,male
2850,Plethodon sp.,NA,64,male
2950,Plethodon sp.,NA,NA,unknown
2950,Plethodon sp.,NA,NA,unknown
2950,Plethodon sp.,NA,65,female
2950,Plethodon sp.,NA,61,female
2950,Plethodon sp.,NA,66,male
2750,Plethodon sp.,NA,29,unknown
2750,Plethodon sp.,NA,44,unknown
2750,Plethodon sp.,NA,27,unknown
2750,Plethodon sp.,NA,37,unknown
2750,Plethodon sp.,NA,29,unknown
2750,Plethodon sp.,NA,26,unknown
2750,Plethodon sp.,NA,25,unknown
2750,Plethodon sp.,NA,25,unknown
2750,Plethodon sp.,NA,29,unknown
2750,Plethodon sp.,NA,27,unknown
2750,Plethodon sp.,NA,27,unknown
2850,Plethodon sp.,NA,42,unknown
2850,Plethodon sp.,NA,44,unknown
2850,Plethodon sp.,NA,29,unknown
2850,Plethodon sp.,NA,27,unknown
2850,Plethodon sp.,NA,42,unknown
2850,Plethodon sp.,NA,45,unknown
2850,Plethodon sp.,NA,52,female
2850,Plethodon sp.,NA,26,unknown
2850,Plethodon sp.,NA,49,unknown
2850,Plethodon sp.,NA,29,unknown
2850,Plethodon sp.,NA,30,unknown
2850,Plethodon sp.,NA,31,unknown
2850,Plethodon sp.,NA,30,unknown
2850,Plethodon sp.,NA,31,unknown
2950,Plethodon sp.,NA,44,unknown
2950,Plethodon sp.,NA,37,unknown
2950,Plethodon sp.,NA,45,unknown
2950,Plethodon sp.,NA,56,unknown
2950,Plethodon sp.,NA,37,unknown
2950,Plethodon sp.,NA,41,unknown
2950,Plethodon sp.,NA,26,unknown
2950,Plethodon sp.,NA,40,unknown
2950,Plethodon sp.,NA,50,male
2950,Plethodon sp.,NA,50,unknown
2950,Plethodon sp.,NA,38,unknown
2950,Plethodon sp.,NA,56,female
2950,Plethodon sp.,NA,42,unknown
2950,Plethodon sp.,NA,52,female
2950,Plethodon sp.,NA,38,unknown
2950,Plethodon sp.,NA,42,unknown
2950,Plethodon sp.,NA,26,unknown
2950,Plethodon sp.,NA,19,unknown
2950,Plethodon sp.,NA,42,unknown
2950,Plethodon sp.,NA,45,unknown
2950,Plethodon sp.,NA,38,unknown
2950,Plethodon sp.,NA,28,unknown
2950,Plethodon sp.,NA,25,unknown
2950,Plethodon sp.,NA,37,unknown
2950,Plethodon sp.,NA,42,unknown
2950,Plethodon sp.,NA,26,unknown
2950,Plethodon sp.,NA,41,unknown
2950,Plethodon sp.,NA,25,unknown
2950,Plethodon sp.,NA,26,unknown
2950,Plethodon sp.,NA,25,unknown
2950,Plethodon sp.,NA,23,unknown
2950,Plethodon sp.,NA,26,unknown
2950,Plethodon sp.,NA,39,unknown
2950,Plethodon sp.,NA,26,unknown
2950,Plethodon sp.,NA,40,unknown
2950,Plethodon sp.,NA,24,unknown
2750,Plethodon sp.,NA,62,male
2750,Plethodon sp.,NA,61,female
2750,Plethodon sp.,NA,69,female
2750,Plethodon sp.,NA,59,male
2750,Plethodon sp.,NA,60,male
2750,Plethodon sp.,NA,64,male
2750,Plethodon sp.,NA,63,male
2750,Plethodon sp.,NA,75,female
2850,Plethodon sp.,NA,73,female
2850,Plethodon sp.,NA,71,male
2850,Plethodon sp.,NA,63,female
2850,Plethodon sp.,NA,66,male
2950,Plethodon sp.,NA,53,male
2950,Plethodon sp.,NA,65,female
2950,Plethodon sp.,NA,53,male
2950,Plethodon sp.,NA,66,female
2950,Plethodon sp.,NA,70,female
2950,Plethodon sp.,NA,55,male
2950,Plethodon sp.,NA,54,male
2950,Plethodon sp.,NA,64,female
2950,Plethodon sp.,NA,65,female
2750,Plethodon sp.,NA,43,unknown
2750,Plethodon sp.,NA,38,unknown
2750,Plethodon sp.,NA,26,unknown
2750,Plethodon sp.,NA,26,unknown
2750,Plethodon sp.,NA,27,unknown
2750,Plethodon sp.,NA,29,unknown
2850,Plethodon sp.,NA,30,unknown
2850,Plethodon sp.,NA,29,unknown
2850,Plethodon sp.,NA,29,unknown
2850,Plethodon sp.,NA,27,unknown
2850,Plethodon sp.,NA,30,unknown
2850,Plethodon sp.,NA,30,unknown
2850,Plethodon sp.,NA,31,unknown
2850,Plethodon sp.,NA,30,unknown
2850,Plethodon sp.,NA,44,unknown
2950,Plethodon sp.,NA,36,unknown
2950,Plethodon sp.,NA,43,unknown
2950,Plethodon sp.,NA,42,unknown
2950,Plethodon sp.,NA,51,unknown
2950,Plethodon sp.,NA,51,unknown
2950,Plethodon sp.,NA,42,unknown
2950,Plethodon sp.,NA,43,unknown
2950,Plethodon sp.,NA,24,unknown
2950,Plethodon sp.,NA,40,unknown
2950,Plethodon sp.,NA,40,unknown
2950,Plethodon sp.,NA,27,unknown
2950,Plethodon sp.,NA,NA,unknown
2950,Plethodon sp.,NA,26,unknown
2950,Plethodon sp.,NA,52,female
2950,Plethodon sp.,NA,28,unknown
2950,Plethodon sp.,NA,24,unknown
2950,Plethodon sp.,NA,49,unknown
2750,Plethodon sp.,NA,64,male
2750,Plethodon sp.,NA,65,male
2850,Plethodon sp.,NA,71,female
2850,Plethodon sp.,NA,65,male
2850,Plethodon sp.,NA,68,female
2850,Plethodon sp.,NA,69,male
2950,Plethodon sp.,NA,66,female
2950,Plethodon sp.,NA,67,male
2950,Plethodon sp.,NA,67,male
2950,Plethodon sp.,NA,58,male
2950,Plethodon sp.,NA,67,male
2950,Plethodon sp.,NA,66,female
2950,Plethodon sp.,NA,63,male
2950,Plethodon sp.,NA,68,female
2950,Plethodon sp.,NA,61,female
2950,Plethodon sp.,NA,NA,unknown
2950,Plethodon sp.,NA,59,male
2950,Plethodon sp.,NA,61,male
2750,Plethodon sp.,NA,38,unknown
2750,Plethodon sp.,NA,25,unknown
2850,Plethodon sp.,NA,29,unknown
2850,Plethodon sp.,NA,27,unknown
2850,Plethodon sp.,NA,54,female
2850,Plethodon sp.,NA,41,unknown
2850,Plethodon sp.,NA,45,unknown
2850,Plethodon sp.,NA,28,unknown
2850,Plethodon sp.,NA,28,unknown
2850,Plethodon sp.,NA,41,unknown
2850,Plethodon sp.,NA,29,unknown
2850,Plethodon sp.,NA,31,unknown
2850,Plethodon sp.,NA,42,unknown
2950,Plethodon sp.,NA,23,unknown
2950,Plethodon sp.,NA,47,unknown
2950,Plethodon sp.,NA,23,unknown
2950,Plethodon sp.,NA,41,unknown
2950,Plethodon sp.,NA,42,unknown
2950,Plethodon sp.,NA,39,unknown
2950,Plethodon sp.,NA,49,unknown
2950,Plethodon sp.,NA,39,unknown
2950,Plethodon sp.,NA,24,unknown
2950,Plethodon sp.,NA,23,unknown
2950,Plethodon sp.,NA,26,unknown
2950,Plethodon sp.,NA,29,unknown
2950,Plethodon sp.,NA,49,unknown
2950,Plethodon sp.,NA,26,unknown
2750,Plethodon sp.,NA,60,male
2750,Plethodon sp.,NA,58,female
2750,Plethodon sp.,NA,55,male
2850,Plethodon sp.,NA,69,male
2850,Plethodon sp.,NA,68,male
2850,Plethodon sp.,NA,66,male
2850,Plethodon sp.,NA,65,female
2850,Plethodon sp.,NA,70,male
2950,Plethodon sp.,NA,59,male
2950,Plethodon sp.,NA,69,male
2950,Plethodon sp.,NA,59,female
2950,Plethodon sp.,NA,70,female
2950,Plethodon sp.,NA,71,female
2750,Plethodon sp.,NA,28,unknown
2750,Plethodon sp.,NA,28,unknown
2750,Plethodon sp.,NA,29,unknown
2850,Plethodon sp.,NA,53,unknown
2850,Plethodon sp.,NA,28,unknown
2850,Plethodon sp.,NA,34,unknown
2950,Plethodon sp.,NA,56,female
2950,Plethodon sp.,NA,25,unknown
2950,Plethodon sp.,NA,29,unknown
2750,Plethodon sp.,NA,68,male
2950,Plethodon sp.,NA,62,female
2750,Plethodon sp.,NA,49,unknown
2750,Plethodon sp.,NA,45,unknown
2850,Plethodon sp.,NA,29,unknown
2950,Plethodon sp.,NA,38,unknown
2950,Plethodon sp.,NA,40,unknown
2950,Plethodon sp.,NA,38,unknown
2750,Plethodon sp.,NA,62,male
2750,Plethodon sp.,NA,28,unknown
2750,Plethodon sp.,NA,31,unknown
2850,Plethodon sp.,NA,29,unknown
2850,Plethodon sp.,NA,33,unknown
2950,Plethodon sp.,NA,40,unknown
2750,Plethodon sp.,NA,28,unknown
2950,Plethodon sp.,NA,49,unknown
2950,Plethodon sp.,NA,42,unknown
2950,Plethodon sp.,NA,57,female
2950,Plethodon sp.,NA,42,unknown
2950,Plethodon sp.,NA,43,unknown
2950,Plethodon sp.,NA,26,unknown
2850,Plethodon sp.,NA,58,male
2850,Plethodon sp.,NA,68,male
2950,Plethodon sp.,NA,64,female
2950,Plethodon sp.,NA,61,female
2950,Plethodon sp.,NA,62,unknown
2950,Plethodon sp.,NA,63,female
2950,Plethodon sp.,NA,56,male
2750,Plethodon sp.,NA,28,unknown
2750,Plethodon sp.,NA,57,female
2750,Plethodon sp.,NA,31,unknown
2850,Plethodon sp.,NA,31,unknown
2850,Plethodon sp.,NA,28,unknown
2850,Plethodon sp.,NA,27,unknown
2850,Plethodon sp.,NA,42,unknown
2850,Plethodon sp.,NA,47,unknown
2850,Plethodon sp.,NA,32,unknown
2950,Plethodon sp.,NA,46,unknown
2950,Plethodon sp.,NA,45,unknown
2950,Plethodon sp.,NA,26,unknown
2950,Plethodon sp.,NA,41,unknown
2950,Plethodon sp.,NA,43,unknown
2950,Plethodon sp.,NA,25,unknown
2950,Plethodon sp.,NA,25,unknown
2950,Plethodon sp.,NA,40,unknown
2950,Plethodon sp.,NA,41,unknown
2950,Plethodon sp.,NA,25,unknown
2750,Plethodon sp.,NA,60,female
2850,Plethodon sp.,NA,64,male
2950,Plethodon sp.,NA,65,male
2950,Plethodon sp.,NA,67,female
2950,Plethodon sp.,NA,55,male
2950,Plethodon sp.,NA,66,female
2950,Plethodon sp.,NA,61,male
2950,Plethodon sp.,NA,66,male
2950,Plethodon sp.,NA,59,female
2950,Plethodon sp.,NA,65,female
2950,Plethodon sp.,NA,71,female
2750,Plethodon sp.,NA,30,unknown
2750,Plethodon sp.,NA,28,unknown
2850,Plethodon sp.,NA,57,female
2850,Plethodon sp.,NA,30,unknown
2950,Plethodon sp.,NA,42,unknown
2950,Plethodon sp.,NA,27,unknown
2950,Plethodon sp.,NA,41,unknown
2950,Plethodon sp.,NA,24,unknown
2750,Plethodon sp.,NA,71,male
2850,Plethodon sp.,NA,71,male
2850,Plethodon sp.,NA,74,female
2850,Plethodon sp.,NA,61,female
2950,Plethodon sp.,NA,67,female
2950,Plethodon sp.,NA,61,female
2750,Plethodon sp.,NA,51,male
2750,Plethodon sp.,NA,46,unknown
2750,Plethodon sp.,NA,48,unknown
2750,Plethodon sp.,NA,46,unknown
2750,Plethodon sp.,NA,26,unknown
2750,Plethodon sp.,NA,32,unknown
2750,Plethodon sp.,NA,31,unknown
2850,Plethodon sp.,NA,50,unknown
2850,Plethodon sp.,NA,46,unknown
2850,Plethodon sp.,NA,30,unknown
2850,Plethodon sp.,NA,34,unknown
2850,Plethodon sp.,NA,37,unknown
2850,Plethodon sp.,NA,44,unknown
2850,Plethodon sp.,NA,43,unknown
2850,Plethodon sp.,NA,45,unknown
2950,Plethodon sp.,NA,25,unknown
2950,Plethodon sp.,NA,44,unknown
2950,Plethodon sp.,NA,57,female
2950,Plethodon sp.,NA,28,unknown
2950,Plethodon sp.,NA,54,female
2950,Plethodon sp.,NA,44,unknown
2950,Plethodon sp.,NA,41,unknown
2950,Plethodon sp.,NA,39,unknown
2950,Plethodon sp.,NA,37,unknown
2950,Plethodon sp.,NA,43,unknown
2950,Plethodon sp.,NA,40,unknown
2950,Plethodon sp.,NA,42,unknown
2950,Plethodon sp.,NA,46,unknown
2950,Plethodon sp.,NA,46,unknown
2950,Plethodon sp.,NA,24,unknown
2750,Plethodon sp.,NA,62,female
2750,Plethodon sp.,NA,76,male
2750,Plethodon sp.,NA,64,male
2750,Plethodon sp.,NA,67,female
2750,Plethodon sp.,NA,59,male
2750,Plethodon sp.,NA,73,female
2750,Plethodon sp.,NA,70,female
2750,Plethodon sp.,NA,69,male
2750,Plethodon sp.,NA,58,male
2850,Plethodon sp.,NA,68,male
2850,Plethodon sp.,NA,64,female
2850,Plethodon sp.,NA,68,male
2850,Plethodon sp.,NA,64,male
2850,Plethodon sp.,NA,68,male
2850,Plethodon sp.,NA,70,female
2850,Plethodon sp.,NA,70,male
2850,Plethodon sp.,NA,69,female
2850,Plethodon sp.,NA,69,male
2950,Plethodon sp.,NA,73,male
2950,Plethodon sp.,NA,62,female
2950,Plethodon sp.,NA,64,male
2950,Plethodon sp.,NA,71,female
2950,Plethodon sp.,NA,63,female
2950,Plethodon sp.,NA,54,male
2950,Plethodon sp.,NA,73,female
2950,Plethodon sp.,NA,62,female
2950,Plethodon sp.,NA,72,female
2750,Plethodon sp.,NA,54,female
2750,Plethodon sp.,NA,29,unknown
2750,Plethodon sp.,NA,32,unknown
2750,Plethodon sp.,NA,30,unknown
2750,Plethodon sp.,NA,48,unknown
2750,Plethodon sp.,NA,30,unknown
2850,Plethodon sp.,NA,48,unknown
2850,Plethodon sp.,NA,48,unknown
2850,Plethodon sp.,NA,34,unknown
2850,Plethodon sp.,NA,51,unknown
2850,Plethodon sp.,NA,45,unknown
2850,Plethodon sp.,NA,49,unknown
2850,Plethodon sp.,NA,57,female
2850,Plethodon sp.,NA,32,unknown
2850,Plethodon sp.,NA,32,unknown
2950,Plethodon sp.,NA,56,female
2950,Plethodon sp.,NA,46,unknown
2950,Plethodon sp.,NA,44,unknown
2950,Plethodon sp.,NA,27,unknown
2950,Plethodon sp.,NA,43,unknown
2950,Plethodon sp.,NA,38,unknown
2950,Plethodon sp.,NA,53,female
2950,Plethodon sp.,NA,41,unknown
2950,Plethodon sp.,NA,55,female
2950,Plethodon sp.,NA,29,unknown
2950,Plethodon sp.,NA,40,unknown
2950,Plethodon sp.,NA,38,unknown
2950,Plethodon sp.,NA,25,unknown
2950,Plethodon sp.,NA,46,unknown
2950,Plethodon sp.,NA,20,unknown
2950,Plethodon sp.,NA,28,unknown
2950,Plethodon sp.,NA,46,unknown
2950,Plethodon sp.,NA,24,unknown
2750,Plethodon sp.,NA,58,male
2750,Plethodon sp.,NA,54,male
2750,Plethodon sp.,NA,61,male
2750,Plethodon sp.,NA,67,male
2850,Plethodon sp.,NA,64,male
2950,Plethodon sp.,NA,62,female
2950,Plethodon sp.,NA,76,female
2950,Plethodon sp.,NA,67,male
2950,Plethodon sp.,NA,70,male
2950,Plethodon sp.,NA,67,male
2950,Plethodon sp.,NA,64,female
2950,Plethodon sp.,NA,67,female
2750,Plethodon sp.,NA,48,unknown
2750,Plethodon sp.,NA,34,unknown
2750,Plethodon sp.,NA,49,unknown
2750,Plethodon sp.,NA,29,unknown
2750,Plethodon sp.,NA,33,unknown
2750,Plethodon sp.,NA,31,unknown
2750,Plethodon sp.,NA,32,unknown
2750,Plethodon sp.,NA,29,unknown
2750,Plethodon sp.,NA,31,unknown
2850,Plethodon sp.,NA,56,female
2850,Plethodon sp.,NA,37,unknown
2850,Plethodon sp.,NA,35,unknown
2850,Plethodon sp.,NA,50,female
2850,Plethodon sp.,NA,57,female
2850,Plethodon sp.,NA,34,unknown
2850,Plethodon sp.,NA,54,female
2850,Plethodon sp.,NA,30,unknown
2950,Plethodon sp.,NA,25,unknown
2950,Plethodon sp.,NA,53,female
2950,Plethodon sp.,NA,40,unknown
2950,Plethodon sp.,NA,28,unknown
2950,Plethodon sp.,NA,48,unknown
2950,Plethodon sp.,NA,38,unknown
2950,Plethodon sp.,NA,53,female
2950,Plethodon sp.,NA,29,unknown
2950,Plethodon sp.,NA,43,unknown
2950,Plethodon sp.,NA,25,unknown
2950,Plethodon sp.,NA,28,unknown
2950,Plethodon sp.,NA,41,unknown
2950,Plethodon sp.,NA,28,unknown
2950,Plethodon sp.,NA,46,unknown
2950,Plethodon sp.,NA,25,unknown
2750,Plethodon sp.,NA,77,female
2750,Plethodon sp.,NA,77,female
2850,Plethodon sp.,NA,68,male
2850,Plethodon sp.,NA,74,male
2850,Plethodon sp.,NA,70,male
2850,Plethodon sp.,NA,65,male
2950,Plethodon sp.,NA,65,female
2950,Plethodon sp.,NA,60,female
2950,Plethodon sp.,NA,70,male
2950,Plethodon sp.,NA,63,female
2950,Plethodon sp.,NA,54,male
2750,Plethodon sp.,NA,32,unknown
2950,Plethodon sp.,NA,51,female
2950,Plethodon sp.,NA,56,female
2950,Plethodon sp.,NA,31,unknown
2950,Plethodon sp.,NA,25,unknown
2750,Plethodon sp.,NA,32,unknown
2850,Plethodon sp.,NA,32,unknown
2750,Plethodon sp.,NA,71,male
2850,Plethodon sp.,NA,67,male
2950,Plethodon sp.,NA,68,female
2750,Plethodon sp.,NA,53,female
2750,Plethodon sp.,NA,28,unknown
2850,Plethodon sp.,NA,43,unknown
2850,Plethodon sp.,NA,32,unknown
2950,Plethodon sp.,NA,43,unknown
2850,Plethodon sp.,NA,67,male
2850,Plethodon sp.,NA,58,female
2850,Plethodon sp.,NA,71,male
2750,Plethodon sp.,NA,50,female
2750,Plethodon sp.,NA,28,unknown
2750,Plethodon sp.,NA,55,female
2750,Plethodon sp.,NA,27,unknown
2750,Plethodon sp.,NA,31,unknown
2750,Plethodon sp.,NA,35,unknown
2750,Plethodon sp.,NA,35,unknown
2750,Plethodon sp.,NA,33,unknown
2750,Plethodon sp.,NA,33,unknown
2750,Plethodon sp.,NA,31,unknown
2850,Plethodon sp.,NA,35,unknown
2850,Plethodon sp.,NA,53,unknown
2950,Plethodon sp.,NA,52,female
2950,Plethodon sp.,NA,40,unknown
2950,Plethodon sp.,NA,28,unknown
2950,Plethodon sp.,NA,50,female
2750,Plethodon sp.,NA,58,male
2750,Plethodon sp.,NA,70,male
2750,Plethodon sp.,NA,72,female
2750,Plethodon sp.,NA,70,male
2850,Plethodon sp.,NA,58,male
2850,Plethodon sp.,NA,70,male
2850,Plethodon sp.,NA,77,female
2950,Plethodon sp.,NA,57,male
2950,Plethodon sp.,NA,63,female
2950,Plethodon sp.,NA,60,female
2950,Plethodon sp.,NA,69,male
2750,Plethodon sp.,NA,46,unknown
2750,Plethodon sp.,NA,51,female
2950,Plethodon sp.,NA,33,unknown
2950,Plethodon sp.,NA,40,unknown
2950,Plethodon sp.,NA,31,unknown
2750,Plethodon sp.,NA,62,female
2750,Plethodon sp.,NA,80,male
2950,Plethodon sp.,NA,68,female
2750,Plethodon sp.,NA,31,unknown
2750,Plethodon sp.,NA,31,unknown
2950,Plethodon sp.,NA,38,unknown
2950,Plethodon sp.,NA,25,unknown
2750,Plethodon sp.,NA,NA,male
2750,Plethodon sp.,NA,71,female
2750,Plethodon sp.,NA,59,male
2750,Plethodon sp.,NA,71,female
2950,Plethodon sp.,NA,72,female
2750,Plethodon sp.,NA,32,unknown
2750,Plethodon sp.,NA,43,unknown
2750,Plethodon sp.,NA,53,female
2850,Plethodon sp.,NA,45,unknown
2850,Plethodon sp.,NA,33,unknown
2850,Plethodon sp.,NA,33,unknown
2950,Plethodon sp.,NA,29,unknown
2950,Plethodon sp.,NA,44,unknown
2950,Plethodon sp.,NA,30,unknown
2750,Plethodon sp.,NA,64,female
2750,Plethodon sp.,NA,76,female
2750,Plethodon sp.,NA,72,male
2750,Plethodon sp.,NA,58,female
2750,Plethodon sp.,NA,75,female
2850,Plethodon sp.,NA,66,female
2950,Plethodon sp.,NA,63,female
2950,Plethodon sp.,NA,57,male
2750,Plethodon sp.,NA,53,female
2750,Plethodon sp.,NA,33,unknown
2750,Plethodon sp.,NA,34,unknown
2750,Plethodon sp.,NA,31,unknown
2850,Plethodon sp.,NA,31,unknown
2850,Plethodon sp.,NA,34,unknown
2850,Plethodon sp.,NA,NA,female
2950,Plethodon sp.,NA,62,female
2750,Plethodon sp.,NA,32,unknown
2750,Plethodon sp.,NA,29,unknown
2850,Plethodon sp.,NA,31,unknown
2850,Plethodon sp.,NA,46,unknown
2950,Plethodon sp.,NA,45,unknown
2950,Plethodon sp.,NA,27,unknown
2750,Plethodon sp.,NA,55,male
2850,Plethodon sp.,NA,NA,female
2950,Plethodon sp.,NA,49,unknown
2950,Plethodon sp.,NA,30,unknown
2750,Plethodon sp.,NA,45,unknown
2750,Plethodon sp.,NA,27,unknown
2950,Plethodon sp.,NA,48,unknown
2950,Plethodon sp.,NA,30,unknown
2950,Plethodon sp.,NA,68,male
2750,Plethodon sp.,NA,30,unknown
2750,Plethodon sp.,NA,11,unknown
2750,Plethodon sp.,NA,35,unknown
2750,Plethodon sp.,NA,34,unknown
2750,Plethodon sp.,NA,35,unknown
2750,Plethodon sp.,NA,35,unknown
2850,Plethodon sp.,NA,54,unknown
2850,Plethodon sp.,NA,54,unknown
2950,Plethodon sp.,NA,35,unknown
2950,Plethodon sp.,NA,18,unknown
2950,Plethodon sp.,NA,43,unknown
2950,Plethodon sp.,NA,56,unknown
2950,Plethodon sp.,NA,20,unknown
2950,Plethodon sp.,NA,46,unknown
2950,Plethodon sp.,NA,56,female
2950,Plethodon sp.,NA,43,unknown
2950,Plethodon sp.,NA,45,unknown
2750,Plethodon sp.,NA,66,male
2750,Plethodon sp.,NA,61,female
2750,Plethodon sp.,NA,65,male
2750,Plethodon sp.,NA,66,male
2750,Plethodon sp.,NA,NA,unknown
2750,Plethodon sp.,NA,60,male
2750,Plethodon sp.,NA,69,female
2750,Plethodon sp.,NA,68,female
2750,Plethodon sp.,NA,65,female
2750,Plethodon sp.,NA,66,male
2850,Plethodon sp.,NA,65,female
2850,Plethodon sp.,NA,76,male
2850,Plethodon sp.,NA,77,female
2850,Plethodon sp.,NA,67,unknown
2950,Plethodon sp.,NA,66,female
2950,Plethodon sp.,NA,53,male
2950,Plethodon sp.,NA,73,female
2750,Plethodon sp.,NA,53,unknown
2750,Plethodon sp.,NA,19,unknown
2750,Plethodon sp.,NA,36,unknown
2750,Plethodon sp.,NA,44,unknown
2750,Plethodon sp.,NA,33,unknown
2850,Plethodon sp.,NA,46,unknown
2850,Plethodon sp.,NA,42,unknown
2850,Plethodon sp.,NA,51,unknown
2950,Plethodon sp.,NA,30,unknown
2950,Plethodon sp.,NA,54,female
2950,Plethodon sp.,NA,47,unknown
2950,Plethodon sp.,NA,41,unknown
2950,Plethodon sp.,NA,30,unknown
2750,Plethodon sp.,NA,54,male
2750,Plethodon sp.,NA,71,female
2750,Plethodon sp.,NA,76,male
2750,Plethodon sp.,NA,72,female
2750,Plethodon sp.,NA,72,male
2750,Plethodon sp.,NA,60,male
2850,Plethodon sp.,NA,70,male
2850,Plethodon sp.,NA,65,female
2850,Plethodon sp.,NA,65,female
2950,Plethodon sp.,NA,66,male
2950,Plethodon sp.,NA,63,female
2950,Plethodon sp.,NA,68,female
2950,Plethodon sp.,NA,31,unknown
2950,Plethodon sp.,NA,30,unknown
2950,Plethodon sp.,NA,34,unknown
2750,Plethodon sp.,NA,75,female
2750,Plethodon sp.,NA,58,male
2850,Plethodon sp.,NA,54,male
2950,Plethodon sp.,NA,60,male
2950,Plethodon sp.,NA,66,female
2750,Plethodon sp.,NA,38,unknown
2750,Plethodon sp.,NA,55,female
2750,Plethodon sp.,NA,56,female
2750,Plethodon sp.,NA,51,female
2750,Plethodon sp.,NA,32,unknown
2750,Plethodon sp.,NA,34,unknown
2850,Plethodon sp.,NA,51,unknown
2850,Plethodon sp.,NA,54,female
2850,Plethodon sp.,NA,54,unknown
2950,Plethodon sp.,NA,33,unknown
2950,Plethodon sp.,NA,44,unknown
2950,Plethodon sp.,NA,54,unknown
2950,Plethodon sp.,NA,49,unknown
2950,Plethodon sp.,NA,44,unknown
2950,Plethodon sp.,NA,31,unknown
2950,Plethodon sp.,NA,23,unknown
2950,Plethodon sp.,NA,32,unknown
2950,Plethodon sp.,NA,30,unknown
2950,Plethodon sp.,NA,55,unknown
2950,Plethodon sp.,NA,27,unknown
2950,Plethodon sp.,NA,56,female
2950,Plethodon sp.,NA,43,unknown
2950,Plethodon sp.,NA,49,unknown
2950,Plethodon sp.,NA,26,unknown
2750,Plethodon sp.,NA,70,female
2750,Plethodon sp.,NA,69,female
2750,Plethodon sp.,NA,81,female
2750,Plethodon sp.,NA,60,male
2750,Plethodon sp.,NA,76,female
2750,Plethodon sp.,NA,55,male
2750,Plethodon sp.,NA,61,female
2850,Plethodon sp.,NA,73,male
2850,Plethodon sp.,NA,65,female
2850,Plethodon sp.,NA,65,male
2950,Plethodon sp.,NA,66,female
2950,Plethodon sp.,NA,56,male
2950,Plethodon sp.,NA,69,male
2950,Plethodon sp.,NA,64,female
2950,Plethodon sp.,NA,57,male
2950,Plethodon sp.,NA,67,female
2950,Plethodon sp.,NA,61,male
2950,Plethodon sp.,NA,64,male
2950,Plethodon sp.,NA,67,female
2750,Plethodon sp.,NA,18,unknown
2750,Plethodon sp.,NA,19,unknown
2750,Plethodon sp.,NA,46,unknown
2750,Plethodon sp.,NA,20,unknown
2750,Plethodon sp.,NA,36,unknown
2750,Plethodon sp.,NA,32,unknown
2850,Plethodon sp.,NA,40,unknown
2850,Plethodon sp.,NA,48,unknown
2850,Plethodon sp.,NA,37,unknown
2950,Plethodon sp.,NA,32,unknown
2950,Plethodon sp.,NA,36,unknown
2950,Plethodon sp.,NA,49,unknown
2950,Plethodon sp.,NA,48,unknown
2950,Plethodon sp.,NA,43,unknown
2950,Plethodon sp.,NA,42,unknown
2950,Plethodon sp.,NA,48,unknown
2950,Plethodon sp.,NA,29,unknown
2950,Plethodon sp.,NA,29,unknown
2950,Plethodon sp.,NA,26,unknown
2750,Plethodon sp.,NA,68,unknown
2850,Plethodon sp.,NA,62,male
2950,Plethodon sp.,NA,66,female
2950,Plethodon sp.,NA,55,male
2950,Plethodon sp.,NA,67,female
2950,Plethodon sp.,NA,64,male
2950,Plethodon sp.,NA,66,female
2950,Plethodon sp.,NA,56,male
2750,Plethodon sp.,NA,36,unknown
2750,Plethodon sp.,NA,38,unknown
2850,Plethodon sp.,NA,51,unknown
2950,Plethodon sp.,NA,31,unknown
2950,Plethodon sp.,NA,33,unknown
2950,Plethodon sp.,NA,31,unknown
2950,Plethodon sp.,NA,30,unknown
2950,Plethodon sp.,NA,43,unknown
2950,Plethodon sp.,NA,48,unknown
2950,Plethodon sp.,NA,44,unknown
2850,Plethodon sp.,NA,68,female
2950,Plethodon sp.,NA,65,male
2950,Plethodon sp.,NA,65,female
2750,Plethodon sp.,NA,50,male
2750,Plethodon sp.,NA,20,unknown
2750,Plethodon sp.,NA,20,unknown
2750,Plethodon sp.,NA,18,unknown
2850,Plethodon sp.,NA,49,unknown
2850,Plethodon sp.,NA,38,unknown
2850,Plethodon sp.,NA,36,unknown
2950,Plethodon sp.,NA,22,unknown
2950,Plethodon sp.,NA,18,unknown
2950,Plethodon sp.,NA,20,unknown
2950,Plethodon sp.,NA,22,unknown
2950,Plethodon sp.,NA,54,female
2950,Plethodon sp.,NA,38,unknown
2950,Plethodon sp.,NA,44,unknown
2950,Plethodon sp.,NA,38,unknown
2950,Plethodon sp.,NA,38,unknown
2950,Plethodon sp.,NA,31,unknown
2950,Plethodon sp.,NA,31,unknown
2950,Plethodon sp.,NA,44,unknown
2850,Plethodon sp.,NA,63,male
2850,Plethodon sp.,NA,75,female
2950,Plethodon sp.,NA,59,female
2750,Plethodon sp.,NA,33,unknown
2750,Plethodon sp.,NA,19,unknown
2750,Plethodon sp.,NA,21,unknown
2750,Plethodon sp.,NA,22,unknown
2750,Plethodon sp.,NA,19,unknown
2750,Plethodon sp.,NA,34,unknown
2850,Plethodon sp.,NA,54,female
2850,Plethodon sp.,NA,51,unknown
2850,Plethodon sp.,NA,19,unknown
2850,Plethodon sp.,NA,34,unknown
2950,Plethodon sp.,NA,17,unknown
2950,Plethodon sp.,NA,57,female
2950,Plethodon sp.,NA,43,unknown
2750,Plethodon sp.,NA,59,male
2750,Plethodon sp.,NA,75,female
2750,Plethodon sp.,NA,70,female
2850,Plethodon sp.,NA,76,male
2850,Plethodon sp.,NA,72,female
2850,Plethodon sp.,NA,69,female
2850,Plethodon sp.,NA,72,male
2850,Plethodon sp.,NA,74,female
2850,Plethodon sp.,NA,60,male
2850,Plethodon sp.,NA,68,female
2850,Plethodon sp.,NA,77,female
2850,Plethodon sp.,NA,63,male
2850,Plethodon sp.,NA,71,male
2950,Plethodon sp.,NA,72,female
2950,Plethodon sp.,NA,51,female
2950,Plethodon sp.,NA,52,unknown
2950,Plethodon sp.,NA,32,unknown
2950,Plethodon sp.,NA,30,unknown
2950,Plethodon sp.,NA,34,unknown
2950,Plethodon sp.,NA,46,unknown
2950,Plethodon sp.,NA,47,unknown
2950,Plethodon sp.,NA,56,female
2950,Plethodon sp.,NA,42,unknown
2950,Plethodon sp.,NA,38,unknown
2950,Plethodon sp.,NA,37,unknown
2950,Plethodon sp.,NA,40,unknown
2950,Plethodon sp.,NA,68,male
2950,Plethodon sp.,NA,63,female
2950,Plethodon sp.,NA,64,female
2750,Plethodon sp.,NA,36,unknown
2850,Plethodon sp.,NA,17,unknown
2750,Plethodon sp.,NA,68,female
2850,Plethodon sp.,NA,72,female
2850,Plethodon sp.,NA,68,female
2850,Plethodon sp.,NA,68,male
2950,Plethodon sp.,NA,68,male
2950,Plethodon sp.,NA,78,female
2950,Plethodon sp.,NA,59,male
2950,Plethodon sp.,NA,44,unknown
2950,Plethodon sp.,NA,35,unknown
2950,Plethodon sp.,NA,44,unknown
2850,Plethodon sp.,NA,66,female
2750,Plethodon sp.,NA,34,unknown
2750,Plethodon sp.,NA,20,unknown
2850,Plethodon sp.,NA,56,female
2850,Plethodon sp.,NA,21,unknown
2850,Plethodon sp.,NA,41,unknown
2950,Plethodon sp.,NA,21,unknown
2950,Plethodon sp.,NA,42,unknown
2950,Plethodon sp.,NA,31,unknown
2750,Plethodon sp.,NA,59,female
2750,Plethodon sp.,NA,83,male
2750,Plethodon sp.,NA,60,male
2750,Plethodon sp.,NA,70,female
2750,Plethodon sp.,NA,77,male
2750,Plethodon sp.,NA,23,unknown
2850,Plethodon sp.,NA,48,unknown
2850,Plethodon sp.,NA,54,unknown
2950,Plethodon sp.,NA,23,unknown
2950,Plethodon sp.,NA,43,unknown
2750,Plethodon sp.,NA,75,female
2850,Plethodon sp.,NA,66,female
2950,Plethodon sp.,NA,66,female
2750,Plethodon sp.,NA,43,unknown
2750,Plethodon sp.,NA,24,unknown
2750,Plethodon sp.,NA,21,unknown
2750,Plethodon sp.,NA,24,unknown
2750,Plethodon sp.,NA,45,unknown
2750,Plethodon sp.,NA,24,unknown
2750,Plethodon sp.,NA,34,unknown
2850,Plethodon sp.,NA,22,unknown
2850,Plethodon sp.,NA,38,unknown
2950,Plethodon sp.,NA,32,unknown
2950,Plethodon sp.,NA,21,unknown
2950,Plethodon sp.,NA,41,unknown
2950,Plethodon sp.,NA,21,unknown
2950,Plethodon sp.,NA,21,unknown
2950,Plethodon sp.,NA,43,unknown
2950,Plethodon sp.,NA,44,unknown
2950,Plethodon sp.,NA,42,unknown
2950,Plethodon sp.,NA,28,unknown
2750,Plethodon sp.,NA,67,female
2750,Plethodon sp.,NA,72,male
2750,Plethodon sp.,NA,69,female
2850,Plethodon sp.,NA,66,female
2850,Plethodon sp.,NA,60,female
2850,Plethodon sp.,NA,70,female
2950,Plethodon sp.,NA,65,female
2950,Plethodon sp.,NA,67,female
2950,Plethodon sp.,NA,62,female
2950,Plethodon sp.,NA,62,female
2950,Plethodon sp.,NA,60,female
2750,Plethodon sp.,NA,NA,unknown
2850,Plethodon sp.,NA,55,female
2850,Plethodon sp.,NA,52,female
2950,Plethodon sp.,NA,53,female
2950,Plethodon sp.,NA,36,unknown
2950,Plethodon sp.,NA,34,unknown
2950,Plethodon sp.,NA,43,unknown
2950,Plethodon sp.,NA,23,unknown
2950,Plethodon sp.,NA,21,unknown
2950,Plethodon sp.,NA,47,unknown
2950,Plethodon sp.,NA,37,unknown
2850,Plethodon sp.,NA,67,female
2950,Plethodon sp.,NA,66,female
2750,Plethodon sp.,NA,27,unknown
2750,Plethodon sp.,NA,26,unknown
2750,Plethodon sp.,NA,25,unknown
2750,Plethodon sp.,NA,23,unknown
2750,Plethodon sp.,NA,27,unknown
2850,Plethodon sp.,NA,55,female
2850,Plethodon sp.,NA,55,unknown
2850,Plethodon sp.,NA,46,unknown
2850,Plethodon sp.,NA,56,male
2950,Plethodon sp.,NA,26,unknown
2950,Plethodon sp.,NA,23,unknown
2950,Plethodon sp.,NA,37,unknown
2750,Plethodon sp.,NA,59,female
2750,Plethodon sp.,NA,73,female
2850,Plethodon sp.,NA,60,female
2950,Plethodon sp.,NA,65,male
2750,Plethodon sp.,NA,19,unknown
2750,Plethodon sp.,NA,45,unknown
2750,Plethodon sp.,NA,32,unknown
2850,Plethodon sp.,NA,46,unknown
2850,Plethodon sp.,NA,47,unknown
2850,Plethodon sp.,NA,30,unknown
2850,Plethodon sp.,NA,25,unknown
2850,Plethodon sp.,NA,41,unknown
2950,Plethodon sp.,NA,40,unknown
2950,Plethodon sp.,NA,38,unknown
2950,Plethodon sp.,NA,27,unknown
2950,Plethodon sp.,NA,23,unknown
2950,Plethodon sp.,NA,37,unknown
2950,Plethodon sp.,NA,46,unknown
2750,Plethodon sp.,NA,64,female
2750,Plethodon sp.,NA,70,female
2850,Plethodon sp.,NA,75,female
2850,Plethodon sp.,NA,68,female
2850,Plethodon sp.,NA,60,female
2950,Plethodon sp.,NA,70,female
2950,Plethodon sp.,NA,65,female
2950,Plethodon sp.,NA,65,female
2950,Plethodon sp.,NA,23,unknown
2950,Plethodon sp.,NA,21,unknown
2750,Plethodon sp.,NA,71,male
2750,Plethodon sp.,NA,25,unknown
2750,Plethodon sp.,NA,28,unknown
2850,Plethodon sp.,NA,22,unknown
2850,Plethodon sp.,NA,26,unknown
2950,Plethodon sp.,NA,24,unknown
2950,Plethodon sp.,NA,25,unknown
2950,Plethodon sp.,NA,27,unknown
2950,Plethodon sp.,NA,23,unknown
2850,Plethodon sp.,NA,69,female
2750,Plethodon sp.,NA,29,unknown
2950,Plethodon sp.,NA,35,unknown
2950,Plethodon sp.,NA,28,unknown
2950,Plethodon sp.,NA,30,unknown
2950,Plethodon sp.,NA,26,unknown
2950,Plethodon sp.,NA,28,unknown
2950,Plethodon sp.,NA,NA,unknown
2950,Plethodon sp.,NA,49,unknown
2850,Plethodon sp.,NA,62,female
2950,Plethodon sp.,NA,NA,unknown
2950,Plethodon sp.,NA,45,unknown
2850,Plethodon sp.,NA,63,male
2950,Plethodon sp.,NA,42,unknown
2950,Plethodon sp.,NA,31,unknown
2950,Plethodon sp.,NA,42,unknown
2950,Plethodon sp.,NA,22,unknown
2950,Plethodon sp.,NA,48,unknown
2950,Plethodon sp.,NA,30,unknown
2950,Plethodon sp.,NA,29,unknown
2950,Plethodon sp.,NA,28,unknown
2750,Plethodon sp.,NA,27,unknown
2750,Plethodon sp.,NA,29,unknown
2750,Plethodon sp.,NA,29,unknown
2750,Plethodon sp.,NA,33,unknown
2750,Plethodon sp.,NA,33,unknown
2750,Plethodon sp.,NA,32,unknown
2750,Plethodon sp.,NA,28,unknown
2750,Plethodon sp.,NA,29,unknown
2850,Plethodon sp.,NA,48,unknown
2850,Plethodon sp.,NA,35,unknown
2850,Plethodon sp.,NA,30,unknown
2850,Plethodon sp.,NA,43,unknown
2950,Plethodon sp.,NA,25,unknown
2950,Plethodon sp.,NA,31,unknown
2950,Plethodon sp.,NA,26,unknown
2950,Plethodon sp.,NA,27,unknown
2950,Plethodon sp.,NA,27,unknown
2950,Plethodon sp.,NA,27,unknown
2950,Plethodon sp.,NA,25,unknown
2950,Plethodon sp.,NA,26,unknown
2950,Plethodon sp.,NA,29,unknown
2750,Plethodon sp.,NA,24,unknown
2750,Plethodon sp.,NA,33,unknown
2750,Plethodon sp.,NA,32,unknown
2750,Plethodon sp.,NA,31,unknown
2750,Plethodon sp.,NA,31,unknown
2750,Plethodon sp.,NA,31,unknown
2750,Plethodon sp.,NA,32,unknown
2750,Plethodon sp.,NA,49,unknown
2750,Plethodon sp.,NA,29,unknown
2750,Plethodon sp.,NA,33,unknown
2750,Plethodon sp.,NA,29,unknown
2750,Plethodon sp.,NA,42,unknown
2750,Plethodon sp.,NA,52,unknown
2850,Plethodon sp.,NA,46,unknown
2850,Plethodon sp.,NA,55,unknown
2850,Plethodon sp.,NA,55,female
2850,Plethodon sp.,NA,41,unknown
2850,Plethodon sp.,NA,27,unknown
2850,Plethodon sp.,NA,26,unknown
2950,Plethodon sp.,NA,25,unknown
2950,Plethodon sp.,NA,28,unknown
2950,Plethodon sp.,NA,29,unknown
2950,Plethodon sp.,NA,28,unknown
2950,Plethodon sp.,NA,29,unknown
2950,Plethodon sp.,NA,25,unknown
2950,Plethodon sp.,NA,51,female
2950,Plethodon sp.,NA,55,female
2950,Plethodon sp.,NA,53,female
2950,Plethodon sp.,NA,46,unknown
2950,Plethodon sp.,NA,26,unknown
2950,Plethodon sp.,NA,28,unknown
2950,Plethodon sp.,NA,29,unknown
2950,Plethodon sp.,NA,28,unknown
2950,Plethodon sp.,NA,28,unknown
2950,Plethodon sp.,NA,29,unknown
2950,Plethodon sp.,NA,29,unknown
2950,Plethodon sp.,NA,42,unknown
2950,Plethodon sp.,NA,26,unknown
2950,Plethodon sp.,NA,30,unknown
2950,Plethodon sp.,NA,44,unknown
2950,Plethodon sp.,NA,29,unknown
2950,Plethodon sp.,NA,45,unknown
2950,Plethodon sp.,NA,44,unknown
2950,Plethodon sp.,NA,49,unknown
2750,Plethodon sp.,NA,76,female
2750,Plethodon sp.,NA,71,female
2750,Plethodon sp.,NA,71,female
2750,Plethodon sp.,NA,72,female
2750,Plethodon sp.,NA,70,male
2750,Plethodon sp.,NA,71,female
2850,Plethodon sp.,NA,69,female
2850,Plethodon sp.,NA,63,female
2850,Plethodon sp.,NA,NA,male
2950,Plethodon sp.,NA,58,male
2950,Plethodon sp.,NA,67,female
2950,Plethodon sp.,NA,70,female
2950,Plethodon sp.,NA,66,female
2950,Plethodon sp.,NA,64,female
2950,Plethodon sp.,NA,68,male
2950,Plethodon sp.,NA,66,female
2950,Plethodon sp.,NA,67,female
2950,Plethodon sp.,NA,65,female
2750,Plethodon sp.,NA,32,unknown
2750,Plethodon sp.,NA,37,unknown
2750,Plethodon sp.,NA,36,unknown
2750,Plethodon sp.,NA,31,unknown
2750,Plethodon sp.,NA,33,unknown
2750,Plethodon sp.,NA,32,unknown
2750,Plethodon sp.,NA,39,unknown
2750,Plethodon sp.,NA,36,unknown
2750,Plethodon sp.,NA,36,unknown
2750,Plethodon sp.,NA,53,unknown
2850,Plethodon sp.,NA,38,unknown
2850,Plethodon sp.,NA,34,unknown
2850,Plethodon sp.,NA,33,unknown
2850,Plethodon sp.,NA,48,unknown
2850,Plethodon sp.,NA,52,female
2850,Plethodon sp.,NA,37,unknown
2950,Plethodon sp.,NA,31,unknown
2950,Plethodon sp.,NA,30,unknown
2950,Plethodon sp.,NA,30,unknown
2950,Plethodon sp.,NA,30,unknown
2950,Plethodon sp.,NA,33,unknown
2950,Plethodon sp.,NA,41,unknown
2950,Plethodon sp.,NA,30,unknown
2950,Plethodon sp.,NA,31,unknown
2950,Plethodon sp.,NA,32,unknown
2950,Plethodon sp.,NA,33,unknown
2950,Plethodon sp.,NA,33,unknown
2950,Plethodon sp.,NA,31,unknown
2950,Plethodon sp.,NA,33,unknown
2950,Plethodon sp.,NA,33,unknown
2950,Plethodon sp.,NA,33,unknown
2950,Plethodon sp.,NA,46,unknown
2950,Plethodon sp.,NA,30,unknown
2950,Plethodon sp.,NA,41,unknown
2750,Plethodon sp.,NA,72,male
2850,Plethodon sp.,NA,68,female
2850,Plethodon sp.,NA,55,male
2850,Plethodon sp.,NA,68,female
2850,Plethodon sp.,NA,71,female
2850,Plethodon sp.,NA,58,female
2950,Plethodon sp.,NA,61,male
2950,Plethodon sp.,NA,54,male
2950,Plethodon sp.,NA,65,female
2750,Plethodon sp.,NA,32,unknown
2750,Plethodon sp.,NA,36,unknown
2750,Plethodon sp.,NA,33,unknown
2750,Plethodon sp.,NA,50,unknown
2850,Plethodon sp.,NA,33,unknown
2850,Plethodon sp.,NA,35,unknown
2950,Plethodon sp.,NA,29,unknown
2950,Plethodon sp.,NA,32,unknown
2950,Plethodon sp.,NA,29,unknown
2950,Plethodon sp.,NA,50,female
2950,Plethodon sp.,NA,32,unknown
2950,Plethodon sp.,NA,63,female
2750,Plethodon sp.,NA,46,unknown
2750,Plethodon sp.,NA,37,unknown
2750,Plethodon sp.,NA,40,unknown
2750,Plethodon sp.,NA,50,unknown
2750,Plethodon sp.,NA,36,unknown
2750,Plethodon sp.,NA,29,unknown
2750,Plethodon sp.,NA,33,unknown
2750,Plethodon sp.,NA,37,unknown
2750,Plethodon sp.,NA,36,unknown
2750,Plethodon sp.,NA,31,unknown
2750,Plethodon sp.,NA,31,unknown
2750,Plethodon sp.,NA,52,unknown
2950,Plethodon sp.,NA,28,unknown
2950,Plethodon sp.,NA,32,unknown
2950,Plethodon sp.,NA,30,unknown
2950,Plethodon sp.,NA,29,unknown
2950,Plethodon sp.,NA,44,unknown
2950,Plethodon sp.,NA,42,unknown
2950,Plethodon sp.,NA,32,unknown
2950,Plethodon sp.,NA,32,unknown
2950,Plethodon sp.,NA,35,unknown
2950,Plethodon sp.,NA,29,unknown
2950,Plethodon sp.,NA,34,unknown
2950,Plethodon sp.,NA,46,unknown
2950,Plethodon sp.,NA,31,unknown
2950,Plethodon sp.,NA,33,unknown
2950,Plethodon sp.,NA,30,unknown
2950,Plethodon sp.,NA,30,unknown
2950,Plethodon sp.,NA,33,unknown
2950,Plethodon sp.,NA,40,unknown
2750,Plethodon sp.,NA,64,female
2750,Plethodon sp.,NA,67,female
2850,Plethodon sp.,NA,65,female
2950,Plethodon sp.,NA,68,female
2950,Plethodon sp.,NA,55,male
2950,Plethodon sp.,NA,66,female
2950,Plethodon sp.,NA,57,male
2950,Plethodon sp.,NA,74,male
2950,Plethodon sp.,NA,64,male
2950,Plethodon sp.,NA,56,male
2950,Plethodon sp.,NA,63,male
2750,Plethodon sp.,NA,52,male
2750,Plethodon sp.,NA,48,unknown
2850,Plethodon sp.,NA,54,female
2850,Plethodon sp.,NA,43,unknown
2950,Plethodon sp.,NA,49,unknown
2950,Plethodon sp.,NA,31,unknown
2950,Plethodon sp.,NA,35,unknown
2950,Plethodon sp.,NA,38,unknown
2950,Plethodon sp.,NA,38,unknown
2950,Plethodon sp.,NA,54,female
2950,Plethodon sp.,NA,56,female
2950,Plethodon sp.,NA,41,unknown
2750,Plethodon sp.,NA,69,male
2750,Plethodon sp.,NA,64,female
2850,Plethodon sp.,NA,58,male
2950,Plethodon sp.,NA,56,male
2950,Plethodon sp.,NA,63,male
2750,Plethodon sp.,NA,40,unknown
2950,Plethodon sp.,NA,49,unknown
2950,Plethodon sp.,NA,34,unknown
2950,Plethodon sp.,NA,35,unknown
2950,Plethodon sp.,NA,31,unknown
2950,Plethodon sp.,NA,35,unknown
2950,Plethodon sp.,NA,37,unknown
2950,Plethodon sp.,NA,NA,unknown
2750,Plethodon sp.,NA,67,male
2750,Plethodon sp.,NA,39,unknown
2850,Plethodon sp.,NA,44,unknown
2950,Plethodon sp.,NA,36,unknown
2950,Plethodon sp.,NA,37,unknown
2950,Plethodon sp.,NA,36,unknown
2950,Plethodon sp.,NA,38,unknown
2950,Plethodon sp.,NA,36,unknown
2750,Plethodon sp.,NA,67,male
2850,Plethodon sp.,NA,67,female
2850,Plethodon sp.,NA,59,female
2750,Plethodon sp.,NA,47,unknown
2750,Plethodon sp.,NA,46,unknown
2750,Plethodon sp.,NA,45,unknown
2750,Plethodon sp.,NA,46,unknown
2750,Plethodon sp.,NA,47,unknown
2750,Plethodon sp.,NA,43,unknown
2750,Plethodon sp.,NA,44,unknown
2750,Plethodon sp.,NA,45,unknown
2750,Plethodon sp.,NA,43,unknown
2750,Plethodon sp.,NA,42,unknown
2750,Plethodon sp.,NA,37,unknown
2850,Plethodon sp.,NA,53,female
2850,Plethodon sp.,NA,43,unknown
2850,Plethodon sp.,NA,43,unknown
2850,Plethodon sp.,NA,55,female
2850,Plethodon sp.,NA,39,unknown
2850,Plethodon sp.,NA,45,unknown
2850,Plethodon sp.,NA,53,female
2850,Plethodon sp.,NA,51,female
2850,Plethodon sp.,NA,44,unknown
2850,Plethodon sp.,NA,21,unknown
2950,Plethodon sp.,NA,33,unknown
2950,Plethodon sp.,NA,53,unknown
2950,Plethodon sp.,NA,36,unknown
2950,Plethodon sp.,NA,34,unknown
2950,Plethodon sp.,NA,35,unknown
2950,Plethodon sp.,NA,42,unknown
2950,Plethodon sp.,NA,18,unknown
2950,Plethodon sp.,NA,17,unknown
2950,Plethodon sp.,NA,47,unknown
2950,Plethodon sp.,NA,51,female
2950,Plethodon sp.,NA,35,unknown
2950,Plethodon sp.,NA,38,unknown
2950,Plethodon sp.,NA,37,unknown
2950,Plethodon sp.,NA,35,unknown
2950,Plethodon sp.,NA,41,unknown
2950,Plethodon sp.,NA,34,unknown
2950,Plethodon sp.,NA,39,unknown
2950,Plethodon sp.,NA,35,unknown
2950,Plethodon sp.,NA,37,unknown
2950,Plethodon sp.,NA,18,unknown
2950,Plethodon sp.,NA,36,unknown
2950,Plethodon sp.,NA,35,unknown
2950,Plethodon sp.,NA,47,unknown
2750,Plethodon sp.,NA,57,male
2750,Plethodon sp.,NA,66,male
2850,Plethodon sp.,NA,57,male
2850,Plethodon sp.,NA,66,male
2850,Plethodon sp.,NA,64,female
2850,Plethodon sp.,NA,78,female
2850,Plethodon sp.,NA,73,unknown
2850,Plethodon sp.,NA,67,male
2850,Plethodon sp.,NA,65,female
2850,Plethodon sp.,NA,68,female
2950,Plethodon sp.,NA,67,female
2950,Plethodon sp.,NA,69,female
2950,Plethodon sp.,NA,62,female
2950,Plethodon sp.,NA,70,female
2950,Plethodon sp.,NA,58,female
2950,Plethodon sp.,NA,58,female
2750,Plethodon sp.,NA,25,unknown
2750,Plethodon sp.,NA,45,unknown
2750,Plethodon sp.,NA,57,female
2750,Plethodon sp.,NA,46,unknown
2750,Plethodon sp.,NA,42,unknown
2750,Plethodon sp.,NA,39,unknown
2750,Plethodon sp.,NA,44,unknown
2750,Plethodon sp.,NA,57,female
2750,Plethodon sp.,NA,55,female
2850,Plethodon sp.,NA,33,unknown
2850,Plethodon sp.,NA,19,unknown
2950,Plethodon sp.,NA,37,unknown
2950,Plethodon sp.,NA,34,unknown
2950,Plethodon sp.,NA,33,unknown
2950,Plethodon sp.,NA,44,unknown
2950,Plethodon sp.,NA,42,unknown
2950,Plethodon sp.,NA,39,unknown
2950,Plethodon sp.,NA,41,unknown
2950,Plethodon sp.,NA,37,unknown
2950,Plethodon sp.,NA,39,unknown
2950,Plethodon sp.,NA,39,unknown
2950,Plethodon sp.,NA,37,unknown
2950,Plethodon sp.,NA,52,female
2950,Plethodon sp.,NA,34,unknown
2950,Plethodon sp.,NA,35,unknown
2950,Plethodon sp.,NA,19,unknown
2950,Plethodon sp.,NA,38,unknown
2750,Plethodon sp.,NA,64,female
2750,Plethodon sp.,NA,68,female
2750,Plethodon sp.,NA,72,female
2850,Plethodon sp.,NA,77,female
2850,Plethodon sp.,NA,64,female
2850,Plethodon sp.,NA,75,male
2850,Plethodon sp.,NA,77,female
2950,Plethodon sp.,NA,70,female
2950,Plethodon sp.,NA,59,female
2950,Plethodon sp.,NA,61,male
2750,Plethodon sp.,NA,47,unknown
2750,Plethodon sp.,NA,42,unknown
2750,Plethodon sp.,NA,23,unknown
2750,Plethodon sp.,NA,54,female
2750,Plethodon sp.,NA,47,unknown
2750,Plethodon sp.,NA,46,unknown
2750,Plethodon sp.,NA,45,unknown
2750,Plethodon sp.,NA,24,unknown
2750,Plethodon sp.,NA,25,unknown
2850,Plethodon sp.,NA,47,unknown
2850,Plethodon sp.,NA,42,unknown
2850,Plethodon sp.,NA,48,unknown
2850,Plethodon sp.,NA,23,unknown
2850,Plethodon sp.,NA,44,unknown
2850,Plethodon sp.,NA,44,unknown
2850,Plethodon sp.,NA,41,unknown
2950,Plethodon sp.,NA,42,unknown
2950,Plethodon sp.,NA,54,female
2950,Plethodon sp.,NA,35,unknown
2950,Plethodon sp.,NA,21,unknown
2950,Plethodon sp.,NA,23,unknown
2950,Plethodon sp.,NA,42,unknown
2950,Plethodon sp.,NA,49,unknown
2950,Plethodon sp.,NA,44,unknown
2950,Plethodon sp.,NA,41,unknown
2950,Plethodon sp.,NA,39,unknown
2950,Plethodon sp.,NA,41,unknown
2950,Plethodon sp.,NA,38,unknown
2950,Plethodon sp.,NA,47,unknown
2950,Plethodon sp.,NA,23,unknown
2950,Plethodon sp.,NA,44,unknown
2950,Plethodon sp.,NA,57,female
2750,Plethodon sp.,NA,59,female
2750,Plethodon sp.,NA,62,male
2750,Plethodon sp.,NA,72,male
2750,Plethodon sp.,NA,76,female
2750,Plethodon sp.,NA,66,female
2750,Plethodon sp.,NA,67,female
2850,Plethodon sp.,NA,72,female
2850,Plethodon sp.,NA,61,female
2850,Plethodon sp.,NA,66,male
2850,Plethodon sp.,NA,60,female
2850,Plethodon sp.,NA,78,female
2850,Plethodon sp.,NA,70,male
2850,Plethodon sp.,NA,73,male
2950,Plethodon sp.,NA,70,female
2950,Plethodon sp.,NA,66,female
2950,Plethodon sp.,NA,60,female
2950,Plethodon sp.,NA,70,male
2950,Plethodon sp.,NA,67,male
2750,Plethodon sp.,NA,46,unknown
2750,Plethodon sp.,NA,45,unknown
2750,Plethodon sp.,NA,48,unknown
2750,Plethodon sp.,NA,46,unknown
2750,Plethodon sp.,NA,45,unknown
2750,Plethodon sp.,NA,25,unknown
2750,Plethodon sp.,NA,37,unknown
2750,Plethodon sp.,NA,25,unknown
2750,Plethodon sp.,NA,25,unknown
2850,Plethodon sp.,NA,46,unknown
2850,Plethodon sp.,NA,41,unknown
2850,Plethodon sp.,NA,53,female
2850,Plethodon sp.,NA,54,unknown
2850,Plethodon sp.,NA,47,unknown
2950,Plethodon sp.,NA,40,unknown
2950,Plethodon sp.,NA,37,unknown
2950,Plethodon sp.,NA,38,unknown
2950,Plethodon sp.,NA,39,unknown
2950,Plethodon sp.,NA,37,unknown
2950,Plethodon sp.,NA,36,unknown
2950,Plethodon sp.,NA,22,unknown
2950,Plethodon sp.,NA,57,female
2950,Plethodon sp.,NA,24,unknown
2950,Plethodon sp.,NA,22,unknown
2950,Plethodon sp.,NA,51,unknown
2950,Plethodon sp.,NA,42,unknown
2950,Plethodon sp.,NA,42,unknown
2950,Plethodon sp.,NA,40,unknown
2950,Plethodon sp.,NA,25,unknown
2950,Plethodon sp.,NA,23,unknown
2950,Plethodon sp.,NA,24,unknown
2950,Plethodon sp.,NA,56,female
2950,Plethodon sp.,NA,25,unknown
2950,Plethodon sp.,NA,25,unknown
2950,Plethodon sp.,NA,35,unknown
2950,Plethodon sp.,NA,22,unknown
2750,Plethodon sp.,NA,68,female
2850,Plethodon sp.,NA,61,male
2850,Plethodon sp.,NA,66,female
2850,Plethodon sp.,NA,69,male
2850,Plethodon sp.,NA,64,male
2850,Plethodon sp.,NA,59,male
2850,Plethodon sp.,NA,65,female
2950,Plethodon sp.,NA,64,male
2950,Plethodon sp.,NA,60,male
2950,Plethodon sp.,NA,65,female
2950,Plethodon sp.,NA,21,unknown
2950,Plethodon sp.,NA,42,unknown
2950,Plethodon sp.,NA,46,unknown
2950,Plethodon sp.,NA,41,unknown
2950,Plethodon sp.,NA,44,unknown
2950,Plethodon sp.,NA,42,unknown
2950,Plethodon sp.,NA,42,unknown
2950,Plethodon sp.,NA,51,male
2950,Plethodon sp.,NA,50,unknown
2950,Plethodon sp.,NA,45,unknown
2950,Plethodon sp.,NA,22,unknown
2950,Plethodon sp.,NA,24,unknown
2950,Plethodon sp.,NA,22,unknown
2950,Plethodon sp.,NA,54,unknown
2950,Plethodon sp.,NA,21,unknown
2950,Plethodon sp.,NA,74,male
2950,Plethodon sp.,NA,58,female
2950,Plethodon sp.,NA,70,female
2950,Plethodon sp.,NA,58,female
2950,Plethodon sp.,NA,64,male
2750,Plethodon sp.,NA,53,female
2750,Plethodon sp.,NA,24,unknown
2750,Plethodon sp.,NA,49,unknown
2750,Plethodon sp.,NA,47,unknown
2750,Plethodon sp.,NA,48,unknown
2750,Plethodon sp.,NA,45,unknown
2750,Plethodon sp.,NA,45,unknown
2750,Plethodon sp.,NA,29,unknown
2850,Plethodon sp.,NA,46,unknown
2850,Plethodon sp.,NA,24,unknown
2950,Plethodon sp.,NA,41,unknown
2950,Plethodon sp.,NA,53,unknown
2950,Plethodon sp.,NA,25,unknown
2950,Plethodon sp.,NA,41,unknown
2950,Plethodon sp.,NA,43,unknown
2950,Plethodon sp.,NA,42,unknown
2950,Plethodon sp.,NA,45,unknown
2950,Plethodon sp.,NA,23,unknown
2950,Plethodon sp.,NA,27,unknown
2950,Plethodon sp.,NA,29,unknown
2950,Plethodon sp.,NA,42,unknown
2950,Plethodon sp.,NA,27,unknown
2950,Plethodon sp.,NA,28,unknown
2950,Plethodon sp.,NA,26,unknown
2950,Plethodon sp.,NA,20,unknown
2950,Plethodon sp.,NA,30,unknown
2950,Plethodon sp.,NA,43,unknown
2950,Plethodon sp.,NA,25,unknown
2950,Plethodon sp.,NA,23,unknown
2950,Plethodon sp.,NA,25,unknown
2950,Plethodon sp.,NA,24,unknown
2950,Plethodon sp.,NA,23,unknown
2750,Plethodon sp.,NA,71,female
2750,Plethodon sp.,NA,62,male
2750,Plethodon sp.,NA,68,male
2750,Plethodon sp.,NA,60,male
2750,Plethodon sp.,NA,73,female
2750,Plethodon sp.,NA,72,female
2750,Plethodon sp.,NA,73,female
2850,Plethodon sp.,NA,73,female
2850,Plethodon sp.,NA,72,female
2850,Plethodon sp.,NA,70,female
2850,Plethodon sp.,NA,63,male
2950,Plethodon sp.,NA,64,female
2950,Plethodon sp.,NA,73,female
2950,Plethodon sp.,NA,70,female
2750,Plethodon sp.,NA,49,unknown
2750,Plethodon sp.,NA,26,unknown
2750,Plethodon sp.,NA,46,unknown
2750,Plethodon sp.,NA,49,unknown
2750,Plethodon sp.,NA,51,female
2750,Plethodon sp.,NA,49,unknown
2750,Plethodon sp.,NA,47,unknown
2750,Plethodon sp.,NA,50,female
2750,Plethodon sp.,NA,48,unknown
2750,Plethodon sp.,NA,30,unknown
2750,Plethodon sp.,NA,52,unknown
2850,Plethodon sp.,NA,49,unknown
2850,Plethodon sp.,NA,45,unknown
2850,Plethodon sp.,NA,47,unknown
2950,Plethodon sp.,NA,43,unknown
2950,Plethodon sp.,NA,28,unknown
2950,Plethodon sp.,NA,40,unknown
2950,Plethodon sp.,NA,46,unknown
2950,Plethodon sp.,NA,46,unknown
2950,Plethodon sp.,NA,41,unknown
2950,Plethodon sp.,NA,46,unknown
2950,Plethodon sp.,NA,20,unknown
2950,Plethodon sp.,NA,51,female
2950,Plethodon sp.,NA,54,female
2950,Plethodon sp.,NA,45,unknown
2950,Plethodon sp.,NA,25,unknown
2950,Plethodon sp.,NA,49,unknown
2950,Plethodon sp.,NA,54,female
2950,Plethodon sp.,NA,46,unknown
2950,Plethodon sp.,NA,45,unknown
2950,Plethodon sp.,NA,43,unknown
2950,Plethodon sp.,NA,45,unknown
2950,Plethodon sp.,NA,45,unknown
2950,Plethodon sp.,NA,39,unknown
2950,Plethodon sp.,NA,26,unknown
2950,Plethodon sp.,NA,26,unknown
2950,Plethodon sp.,NA,26,unknown
2950,Plethodon sp.,NA,23,unknown
2950,Plethodon sp.,NA,26,unknown
2950,Plethodon sp.,NA,22,unknown
2950,Plethodon sp.,NA,46,unknown
2950,Plethodon sp.,NA,24,unknown
2950,Plethodon sp.,NA,27,unknown
2950,Plethodon sp.,NA,25,unknown
2950,Plethodon sp.,NA,25,unknown
2950,Plethodon sp.,NA,47,unknown
2950,Plethodon sp.,NA,26,unknown
2950,Plethodon sp.,NA,24,unknown
2950,Plethodon sp.,NA,24,unknown
2950,Plethodon sp.,NA,21,unknown
2950,Plethodon sp.,NA,33,unknown
2950,Plethodon sp.,NA,39,unknown
2950,Plethodon sp.,NA,42,unknown
2950,Plethodon sp.,NA,38,unknown
2950,Plethodon sp.,NA,27,unknown
2950,Plethodon sp.,NA,29,unknown
2950,Plethodon sp.,NA,43,unknown
2950,Plethodon sp.,NA,26,unknown
2950,Plethodon sp.,NA,23,unknown
2950,Plethodon sp.,NA,39,unknown
2950,Plethodon sp.,NA,38,unknown
2750,Plethodon sp.,NA,60,female
2750,Plethodon sp.,NA,68,male
2750,Plethodon sp.,NA,58,female
2850,Plethodon sp.,NA,68,male
2850,Plethodon sp.,NA,72,female
2850,Plethodon sp.,NA,65,male
2850,Plethodon sp.,NA,66,male
2850,Plethodon sp.,NA,70,female
2850,Plethodon sp.,NA,71,female
2850,Plethodon sp.,NA,59,female
2950,Plethodon sp.,NA,72,male
2950,Plethodon sp.,NA,66,male
2950,Plethodon sp.,NA,64,male
2950,Plethodon sp.,NA,58,unknown
2950,Plethodon sp.,NA,58,male
2950,Plethodon sp.,NA,61,male
2950,Plethodon sp.,NA,71,male
2950,Plethodon sp.,NA,58,male
2950,Plethodon sp.,NA,59,male
2750,Plethodon sp.,NA,57,female
2750,Plethodon sp.,NA,50,unknown
2750,Plethodon sp.,NA,43,unknown
2750,Plethodon sp.,NA,45,unknown
2750,Plethodon sp.,NA,51,female
2750,Plethodon sp.,NA,30,unknown
2750,Plethodon sp.,NA,57,female
2750,Plethodon sp.,NA,30,unknown
2750,Plethodon sp.,NA,27,unknown
2750,Plethodon sp.,NA,52,female
2850,Plethodon sp.,NA,49,unknown
2850,Plethodon sp.,NA,45,unknown
2850,Plethodon sp.,NA,27,unknown
2850,Plethodon sp.,NA,40,unknown
2850,Plethodon sp.,NA,53,female
2850,Plethodon sp.,NA,42,unknown
2950,Plethodon sp.,NA,38,unknown
2950,Plethodon sp.,NA,41,unknown
2950,Plethodon sp.,NA,27,unknown
2950,Plethodon sp.,NA,21,unknown
2950,Plethodon sp.,NA,49,unknown
2950,Plethodon sp.,NA,41,unknown
2950,Plethodon sp.,NA,55,female
2950,Plethodon sp.,NA,47,unknown
2950,Plethodon sp.,NA,52,female
2950,Plethodon sp.,NA,45,unknown
2950,Plethodon sp.,NA,43,unknown
2950,Plethodon sp.,NA,45,unknown
2950,Plethodon sp.,NA,41,unknown
2950,Plethodon sp.,NA,43,unknown
2950,Plethodon sp.,NA,25,unknown
2950,Plethodon sp.,NA,25,unknown
2950,Plethodon sp.,NA,23,unknown
2950,Plethodon sp.,NA,41,unknown
2950,Plethodon sp.,NA,37,unknown
2950,Plethodon sp.,NA,50,female
2950,Plethodon sp.,NA,24,unknown
2950,Plethodon sp.,NA,23,unknown
2950,Plethodon sp.,NA,25,unknown
2950,Plethodon sp.,NA,48,unknown
2950,Plethodon sp.,NA,24,unknown
2950,Plethodon sp.,NA,42,unknown
2950,Plethodon sp.,NA,44,unknown
2950,Plethodon sp.,NA,26,unknown
2950,Plethodon sp.,NA,26,unknown
2950,Plethodon sp.,NA,40,unknown
2950,Plethodon sp.,NA,41,unknown
2950,Plethodon sp.,NA,39,unknown
2750,Plethodon sp.,NA,67,male
2750,Plethodon sp.,NA,72,male
2750,Plethodon sp.,NA,65,female
2850,Plethodon sp.,NA,63,male
2950,Plethodon sp.,NA,70,female
2950,Plethodon sp.,NA,56,male
2950,Plethodon sp.,NA,65,female
2950,Plethodon sp.,NA,69,male
2950,Plethodon sp.,NA,68,female
2950,Plethodon sp.,NA,56,male
2950,Plethodon sp.,NA,58,male
2950,Plethodon sp.,NA,55,male
2950,Plethodon sp.,NA,60,male
2950,Plethodon sp.,NA,55,male
2750,Plethodon sp.,NA,49,unknown
2750,Plethodon sp.,NA,49,unknown
2750,Plethodon sp.,NA,43,unknown
2750,Plethodon sp.,NA,45,unknown
2750,Plethodon sp.,NA,49,unknown
2750,Plethodon sp.,NA,56,female
2750,Plethodon sp.,NA,50,female
2750,Plethodon sp.,NA,51,female
2750,Plethodon sp.,NA,31,unknown
2750,Plethodon sp.,NA,43,unknown
2750,Plethodon sp.,NA,29,unknown
2750,Plethodon sp.,NA,24,unknown
2750,Plethodon sp.,NA,23,unknown
2750,Plethodon sp.,NA,28,unknown
2750,Plethodon sp.,NA,43,unknown
2750,Plethodon sp.,NA,31,unknown
2750,Plethodon sp.,NA,31,unknown
2750,Plethodon sp.,NA,53,female
2850,Plethodon sp.,NA,50,female
2850,Plethodon sp.,NA,42,unknown
2850,Plethodon sp.,NA,28,unknown
2850,Plethodon sp.,NA,31,unknown
2850,Plethodon sp.,NA,29,unknown
2850,Plethodon sp.,NA,28,unknown
2850,Plethodon sp.,NA,28,unknown
2850,Plethodon sp.,NA,28,unknown
2850,Plethodon sp.,NA,42,unknown
2850,Plethodon sp.,NA,52,female
2850,Plethodon sp.,NA,45,unknown
2850,Plethodon sp.,NA,32,unknown
2850,Plethodon sp.,NA,27,unknown
2950,Plethodon sp.,NA,43,unknown
2950,Plethodon sp.,NA,41,unknown
2950,Plethodon sp.,NA,38,unknown
2950,Plethodon sp.,NA,40,unknown
2950,Plethodon sp.,NA,43,unknown
2950,Plethodon sp.,NA,21,unknown
2950,Plethodon sp.,NA,42,unknown
2950,Plethodon sp.,NA,39,unknown
2950,Plethodon sp.,NA,26,unknown
2950,Plethodon sp.,NA,40,unknown
2950,Plethodon sp.,NA,38,unknown
2950,Plethodon sp.,NA,22,unknown
2950,Plethodon sp.,NA,55,female
2950,Plethodon sp.,NA,45,unknown
2950,Plethodon sp.,NA,45,unknown
2950,Plethodon sp.,NA,40,unknown
2950,Plethodon sp.,NA,43,unknown
2950,Plethodon sp.,NA,43,unknown
2950,Plethodon sp.,NA,43,unknown
2950,Plethodon sp.,NA,43,unknown
2950,Plethodon sp.,NA,26,unknown
2950,Plethodon sp.,NA,26,unknown
2950,Plethodon sp.,NA,22,unknown
2950,Plethodon sp.,NA,28,unknown
2950,Plethodon sp.,NA,57,female
2950,Plethodon sp.,NA,28,unknown
2950,Plethodon sp.,NA,45,unknown
2950,Plethodon sp.,NA,27,unknown
2950,Plethodon sp.,NA,23,unknown
2950,Plethodon sp.,NA,28,unknown
2950,Plethodon sp.,NA,43,unknown
2950,Plethodon sp.,NA,25,unknown
2950,Plethodon sp.,NA,25,unknown
2950,Plethodon sp.,NA,28,unknown
2950,Plethodon sp.,NA,21,unknown
2950,Plethodon sp.,NA,27,unknown
2950,Plethodon sp.,NA,30,unknown
2950,Plethodon sp.,NA,37,unknown
2950,Plethodon sp.,NA,27,unknown
2950,Plethodon sp.,NA,27,unknown
2950,Plethodon sp.,NA,26,unknown
2950,Plethodon sp.,NA,37,unknown
2750,Plethodon sp.,NA,62,male
2750,Plethodon sp.,NA,68,female
2850,Plethodon sp.,NA,67,female
2850,Plethodon sp.,NA,64,female
2850,Plethodon sp.,NA,67,female
2850,Plethodon sp.,NA,62,female
2950,Plethodon sp.,NA,65,female
2950,Plethodon sp.,NA,57,male
2950,Plethodon sp.,NA,65,female
2950,Plethodon sp.,NA,57,male
2950,Plethodon sp.,NA,59,male
2950,Plethodon sp.,NA,55,male
2750,Plethodon sp.,NA,NA,unknown
2750,Plethodon sp.,NA,NA,unknown
2750,Plethodon sp.,NA,44,unknown
2750,Plethodon sp.,NA,43,unknown
2750,Plethodon sp.,NA,31,unknown
2750,Plethodon sp.,NA,41,unknown
2750,Plethodon sp.,NA,31,unknown
2850,Plethodon sp.,NA,49,unknown
2850,Plethodon sp.,NA,NA,unknown
2850,Plethodon sp.,NA,29,unknown
2850,Plethodon sp.,NA,NA,unknown
2850,Plethodon sp.,NA,41,unknown
2850,Plethodon sp.,NA,NA,unknown
2850,Plethodon sp.,NA,28,unknown
2850,Plethodon sp.,NA,32,unknown
2950,Plethodon sp.,NA,NA,unknown
2950,Plethodon sp.,NA,NA,unknown
2950,Plethodon sp.,NA,28,unknown
2950,Plethodon sp.,NA,30,unknown
2950,Plethodon sp.,NA,42,unknown
2950,Plethodon sp.,NA,40,unknown
2950,Plethodon sp.,NA,41,unknown
2950,Plethodon sp.,NA,37,unknown
2950,Plethodon sp.,NA,27,unknown
2950,Plethodon sp.,NA,40,unknown
2950,Plethodon sp.,NA,27,unknown
2950,Plethodon sp.,NA,NA,unknown
2950,Plethodon sp.,NA,48,unknown
2950,Plethodon sp.,NA,37,unknown
2950,Plethodon sp.,NA,NA,unknown
2950,Plethodon sp.,NA,40,unknown
2950,Plethodon sp.,NA,43,unknown
2950,Plethodon sp.,NA,27,unknown
2950,Plethodon sp.,NA,28,unknown
2950,Plethodon sp.,NA,29,unknown
2950,Plethodon sp.,NA,39,unknown
2950,Plethodon sp.,NA,27,unknown
2950,Plethodon sp.,NA,NA,unknown
2950,Plethodon sp.,NA,NA,unknown
2950,Plethodon sp.,NA,NA,unknown
2950,Plethodon sp.,NA,25,unknown
2950,Plethodon sp.,NA,29,unknown
2950,Plethodon sp.,NA,44,unknown
2950,Plethodon sp.,NA,27,unknown
2950,Plethodon sp.,NA,27,unknown
2950,Plethodon sp.,NA,24,unknown
2950,Plethodon sp.,NA,28,unknown
2950,Plethodon sp.,NA,NA,unknown
2950,Plethodon sp.,NA,25,unknown
2950,Plethodon sp.,NA,NA,unknown
2950,Plethodon sp.,NA,NA,unknown
2950,Plethodon sp.,NA,NA,unknown
2950,Plethodon sp.,NA,NA,unknown
2750,Plethodon sp.,NA,62,male
2750,Plethodon sp.,NA,64,male
2750,Plethodon sp.,NA,59,male
2850,Plethodon sp.,NA,NA,unknown
2850,Plethodon sp.,NA,65,female
2950,Plethodon sp.,NA,NA,female
2950,Plethodon sp.,NA,57,male
2950,Plethodon sp.,NA,NA,female
2950,Plethodon sp.,NA,59,female
2950,Plethodon sp.,NA,NA,unknown
2950,Plethodon sp.,NA,NA,unknown
2950,Plethodon sp.,NA,54,male
2950,Plethodon sp.,NA,NA,unknown
2750,Plethodon sp.,NA,29,unknown
2750,Plethodon sp.,NA,46,unknown
2750,Plethodon sp.,NA,50,female
2750,Plethodon sp.,NA,48,unknown
2750,Plethodon sp.,NA,57,female
2750,Plethodon sp.,NA,26,unknown
2750,Plethodon sp.,NA,30,unknown
2750,Plethodon sp.,NA,50,male
2750,Plethodon sp.,NA,44,unknown
2750,Plethodon sp.,NA,36,unknown
2850,Plethodon sp.,NA,42,unknown
2850,Plethodon sp.,NA,53,female
2850,Plethodon sp.,NA,31,unknown
2850,Plethodon sp.,NA,31,unknown
2950,Plethodon sp.,NA,NA,unknown
2950,Plethodon sp.,NA,50,female
2950,Plethodon sp.,NA,NA,unknown
2950,Plethodon sp.,NA,24,unknown
2950,Plethodon sp.,NA,28,unknown
2950,Plethodon sp.,NA,NA,unknown
2950,Plethodon sp.,NA,46,unknown
2950,Plethodon sp.,NA,29,unknown
2950,Plethodon sp.,NA,28,unknown
2950,Plethodon sp.,NA,43,unknown
2950,Plethodon sp.,NA,NA,unknown
2950,Plethodon sp.,NA,29,unknown
2950,Plethodon sp.,NA,NA,unknown
2950,Plethodon sp.,NA,NA,unknown
2950,Plethodon sp.,NA,25,unknown
2950,Plethodon sp.,NA,NA,unknown
2950,Plethodon sp.,NA,NA,unknown
2950,Plethodon sp.,NA,NA,unknown
2950,Plethodon sp.,NA,NA,unknown
2950,Plethodon sp.,NA,29,unknown
2950,Plethodon sp.,NA,25,unknown
2950,Plethodon sp.,NA,29,unknown
2950,Plethodon sp.,NA,25,unknown
2950,Plethodon sp.,NA,NA,unknown
2950,Plethodon sp.,NA,NA,unknown
2750,Plethodon sp.,NA,57,male
2750,Plethodon sp.,NA,54,male
2750,Plethodon sp.,NA,61,male
2750,Plethodon sp.,NA,59,male
2850,Plethodon sp.,NA,59,female
2850,Plethodon sp.,NA,NA,female
2850,Plethodon sp.,NA,72,male
2850,Plethodon sp.,NA,61,female
2850,Plethodon sp.,NA,59,female
2950,Plethodon sp.,NA,55,male
2950,Plethodon sp.,NA,NA,unknown
2950,Plethodon sp.,NA,NA,unknown
2950,Plethodon sp.,NA,NA,unknown
2950,Plethodon sp.,NA,NA,female
2950,Plethodon sp.,NA,NA,unknown
2950,Plethodon sp.,NA,59,male
2950,Plethodon sp.,NA,NA,female
2950,Plethodon sp.,NA,NA,unknown
2950,Plethodon sp.,NA,NA,unknown
2750,Plethodon sp.,NA,56,female
2750,Plethodon sp.,NA,34,unknown
2750,Plethodon sp.,NA,34,unknown
2750,Plethodon sp.,NA,40,unknown
2750,Plethodon sp.,NA,35,unknown
2750,Plethodon sp.,NA,40,unknown
2750,Plethodon sp.,NA,45,unknown
2750,Plethodon sp.,NA,30,unknown
2750,Plethodon sp.,NA,34,unknown
2850,Plethodon sp.,NA,47,unknown
2850,Plethodon sp.,NA,34,unknown
2850,Plethodon sp.,NA,35,unknown
2850,Plethodon sp.,NA,34,unknown
2850,Plethodon sp.,NA,36,unknown
2850,Plethodon sp.,NA,35,unknown
2850,Plethodon sp.,NA,35,unknown
2850,Plethodon sp.,NA,33,unknown
2850,Plethodon sp.,NA,36,unknown
2850,Plethodon sp.,NA,48,unknown
2850,Plethodon sp.,NA,36,unknown
2850,Plethodon sp.,NA,34,unknown
2850,Plethodon sp.,NA,34,unknown
2850,Plethodon sp.,NA,35,unknown
2850,Plethodon sp.,NA,34,unknown
2950,Plethodon sp.,NA,45,unknown
2950,Plethodon sp.,NA,46,unknown
2950,Plethodon sp.,NA,44,unknown
2950,Plethodon sp.,NA,45,unknown
2950,Plethodon sp.,NA,33,unknown
2950,Plethodon sp.,NA,46,unknown
2950,Plethodon sp.,NA,45,unknown
2950,Plethodon sp.,NA,30,unknown
2950,Plethodon sp.,NA,46,unknown
2950,Plethodon sp.,NA,30,unknown
2950,Plethodon sp.,NA,32,unknown
2950,Plethodon sp.,NA,46,unknown
2950,Plethodon sp.,NA,54,unknown
2950,Plethodon sp.,NA,54,female
2950,Plethodon sp.,NA,44,unknown
2950,Plethodon sp.,NA,46,unknown
2950,Plethodon sp.,NA,29,unknown
2950,Plethodon sp.,NA,33,unknown
2950,Plethodon sp.,NA,30,unknown
2950,Plethodon sp.,NA,34,unknown
2950,Plethodon sp.,NA,44,unknown
2950,Plethodon sp.,NA,29,unknown
2950,Plethodon sp.,NA,28,unknown
2950,Plethodon sp.,NA,48,unknown
2950,Plethodon sp.,NA,36,unknown
2950,Plethodon sp.,NA,34,unknown
2950,Plethodon sp.,NA,34,unknown
2950,Plethodon sp.,NA,30,unknown
2950,Plethodon sp.,NA,47,unknown
2950,Plethodon sp.,NA,32,unknown
2950,Plethodon sp.,NA,32,unknown
2950,Plethodon sp.,NA,32,unknown
2750,Plethodon sp.,NA,58,female
2750,Plethodon sp.,NA,62,female
2850,Plethodon sp.,NA,73,male
2850,Plethodon sp.,NA,71,female
2850,Plethodon sp.,NA,77,female
2850,Plethodon sp.,NA,64,male
2850,Plethodon sp.,NA,65,female
2850,Plethodon sp.,NA,72,female
2850,Plethodon sp.,NA,69,female
2850,Plethodon sp.,NA,65,male
2850,Plethodon sp.,NA,67,female
2950,Plethodon sp.,NA,60,male
2950,Plethodon sp.,NA,60,male
2950,Plethodon sp.,NA,58,male
2950,Plethodon sp.,NA,60,male
2950,Plethodon sp.,NA,60,female
2750,Plethodon sp.,NA,52,female
2750,Plethodon sp.,NA,50,female
2750,Plethodon sp.,NA,35,unknown
2750,Plethodon sp.,NA,NA,unknown
2750,Plethodon sp.,NA,36,unknown
2750,Plethodon sp.,NA,NA,unknown
2850,Plethodon sp.,NA,35,unknown
2850,Plethodon sp.,NA,NA,unknown
2850,Plethodon sp.,NA,NA,unknown
2850,Plethodon sp.,NA,55,female
2850,Plethodon sp.,NA,NA,unknown
2950,Plethodon sp.,NA,NA,unknown
2950,Plethodon sp.,NA,NA,unknown
2950,Plethodon sp.,NA,45,unknown
2950,Plethodon sp.,NA,30,unknown
2950,Plethodon sp.,NA,32,unknown
2950,Plethodon sp.,NA,56,female
2950,Plethodon sp.,NA,31,unknown
2950,Plethodon sp.,NA,30,unknown
2950,Plethodon sp.,NA,33,unknown
2950,Plethodon sp.,NA,57,unknown
2950,Plethodon sp.,NA,48,unknown
2950,Plethodon sp.,NA,33,unknown
2950,Plethodon sp.,NA,33,unknown
2950,Plethodon sp.,NA,46,unknown
2950,Plethodon sp.,NA,31,unknown
2950,Plethodon sp.,NA,32,unknown
2950,Plethodon sp.,NA,44,unknown
2950,Plethodon sp.,NA,NA,unknown
2950,Plethodon sp.,NA,32,unknown
2950,Plethodon sp.,NA,30,unknown
2950,Plethodon sp.,NA,32,unknown
2950,Plethodon sp.,NA,NA,unknown
2950,Plethodon sp.,NA,32,unknown
2950,Plethodon sp.,NA,32,unknown
2950,Plethodon sp.,NA,46,unknown
2950,Plethodon sp.,NA,45,unknown
2750,Plethodon sp.,NA,NA,female
2750,Plethodon sp.,NA,70,female
2750,Plethodon sp.,NA,NA,female
2850,Plethodon sp.,NA,NA,female
2850,Plethodon sp.,NA,NA,unknown
2850,Plethodon sp.,NA,NA,male
2850,Plethodon sp.,NA,NA,male
2850,Plethodon sp.,NA,NA,female
2950,Plethodon sp.,NA,NA,male
2950,Plethodon sp.,NA,61,male
2950,Plethodon sp.,NA,65,male
2950,Plethodon sp.,NA,63,male
2750,Plethodon sp.,NA,NA,unknown
2750,Plethodon sp.,NA,27,unknown
2750,Plethodon sp.,NA,37,unknown
2750,Plethodon sp.,NA,33,unknown
2850,Plethodon sp.,NA,52,female
2850,Plethodon sp.,NA,34,unknown
2850,Plethodon sp.,NA,49,unknown
2850,Plethodon sp.,NA,35,unknown
2850,Plethodon sp.,NA,32,unknown
2950,Plethodon sp.,NA,43,unknown
2950,Plethodon sp.,NA,43,unknown
2950,Plethodon sp.,NA,42,unknown
2950,Plethodon sp.,NA,49,unknown
2950,Plethodon sp.,NA,43,unknown
2950,Plethodon sp.,NA,46,unknown
2950,Plethodon sp.,NA,48,unknown
2950,Plethodon sp.,NA,NA,unknown
2950,Plethodon sp.,NA,33,unknown
2950,Plethodon sp.,NA,NA,unknown
2950,Plethodon sp.,NA,29,unknown
2950,Plethodon sp.,NA,31,unknown
2950,Plethodon sp.,NA,27,unknown
2950,Plethodon sp.,NA,37,unknown
2950,Plethodon sp.,NA,NA,unknown
2950,Plethodon sp.,NA,32,unknown
2950,Plethodon sp.,NA,46,unknown
2750,Plethodon sp.,NA,62,male
2750,Plethodon sp.,NA,58,male
2750,Plethodon sp.,NA,70,female
2750,Plethodon sp.,NA,62,male
2850,Plethodon sp.,NA,66,female
2850,Plethodon sp.,NA,58,female
2850,Plethodon sp.,NA,58,female
2850,Plethodon sp.,NA,76,female
2850,Plethodon sp.,NA,68,male
2950,Plethodon sp.,NA,NA,unknown
2950,Plethodon sp.,NA,65,male
2950,Plethodon sp.,NA,55,male
2950,Plethodon sp.,NA,55,male
2950,Plethodon sp.,NA,69,male
2950,Plethodon sp.,NA,NA,unknown
2850,Plethodon sp.,NA,NA,unknown
2850,Plethodon sp.,NA,NA,unknown
2950,Plethodon sp.,NA,NA,unknown
2950,Plethodon sp.,NA,NA,unknown
2950,Plethodon sp.,NA,NA,unknown
2950,Plethodon sp.,NA,NA,unknown
2950,Plethodon sp.,NA,NA,unknown
2750,Plethodon sp.,NA,54,female
2750,Plethodon sp.,NA,54,unknown
2750,Plethodon sp.,NA,40,unknown
2850,Plethodon sp.,NA,57,unknown
2850,Plethodon sp.,NA,57,unknown
2850,Plethodon sp.,NA,55,female
2950,Plethodon sp.,NA,52,unknown
2950,Plethodon sp.,NA,49,unknown
2950,Plethodon sp.,NA,36,unknown
2950,Plethodon sp.,NA,47,unknown
2950,Plethodon sp.,NA,37,unknown
2950,Plethodon sp.,NA,44,unknown
2950,Plethodon sp.,NA,33,unknown
2950,Plethodon sp.,NA,49,unknown
2750,Plethodon sp.,NA,69,female
2750,Plethodon sp.,NA,76,male
2750,Plethodon sp.,NA,76,male
2750,Plethodon sp.,NA,69,female
2750,Plethodon sp.,NA,70,male
2750,Plethodon sp.,NA,70,female
2750,Plethodon sp.,NA,72,female
2850,Plethodon sp.,NA,64,male
2850,Plethodon sp.,NA,63,female
2850,Plethodon sp.,NA,67,female
2850,Plethodon sp.,NA,64,female
2850,Plethodon sp.,NA,66,female
2850,Plethodon sp.,NA,71,female
2850,Plethodon sp.,NA,67,male
2850,Plethodon sp.,NA,76,female
2850,Plethodon sp.,NA,68,male
2850,Plethodon sp.,NA,68,male
2850,Plethodon sp.,NA,71,male
2850,Plethodon sp.,NA,69,male
2950,Plethodon sp.,NA,58,male
2950,Plethodon sp.,NA,71,female
2950,Plethodon sp.,NA,62,male
2950,Plethodon sp.,NA,61,female
2950,Plethodon sp.,NA,72,female
2950,Plethodon sp.,NA,72,male
2950,Plethodon sp.,NA,73,female
2950,Plethodon sp.,NA,63,female
2750,Plethodon sp.,NA,57,female
2750,Plethodon sp.,NA,57,female
2850,Plethodon sp.,NA,57,female
2850,Plethodon sp.,NA,47,unknown
2850,Plethodon sp.,NA,56,female
2950,Plethodon sp.,NA,45,unknown
2950,Plethodon sp.,NA,54,female
2950,Plethodon sp.,NA,53,female
2950,Plethodon sp.,NA,42,unknown
2950,Plethodon sp.,NA,50,unknown
2950,Plethodon sp.,NA,47,unknown
2950,Plethodon sp.,NA,46,unknown
2950,Plethodon sp.,NA,30,unknown
2950,Plethodon sp.,NA,49,unknown
2950,Plethodon sp.,NA,30,unknown
2950,Plethodon sp.,NA,42,unknown
2950,Plethodon sp.,NA,35,unknown
2950,Plethodon sp.,NA,35,unknown
2750,Plethodon sp.,NA,58,female
2750,Plethodon sp.,NA,58,female
2750,Plethodon sp.,NA,63,male
2750,Plethodon sp.,NA,65,female
2750,Plethodon sp.,NA,64,female
2750,Plethodon sp.,NA,72,male
2850,Plethodon sp.,NA,65,male
2850,Plethodon sp.,NA,73,female
2850,Plethodon sp.,NA,72,female
2850,Plethodon sp.,NA,61,female
2950,Plethodon sp.,NA,NA,female
2950,Plethodon sp.,NA,55,male
2950,Plethodon sp.,NA,67,female
2950,Plethodon sp.,NA,70,male
2950,Plethodon sp.,NA,NA,female
2950,Plethodon sp.,NA,61,male
2950,Plethodon sp.,NA,58,male
2950,Plethodon sp.,NA,58,male
2750,Plethodon sp.,NA,38,unknown
2750,Plethodon sp.,NA,56,female
2750,Plethodon sp.,NA,40,unknown
2850,Plethodon sp.,NA,38,unknown
2850,Plethodon sp.,NA,36,unknown
2850,Plethodon sp.,NA,38,unknown
2950,Plethodon sp.,NA,NA,male
2950,Plethodon sp.,NA,31,unknown
2950,Plethodon sp.,NA,42,unknown
2950,Plethodon sp.,NA,32,unknown
2950,Plethodon sp.,NA,57,female
2950,Plethodon sp.,NA,NA,female
2950,Plethodon sp.,NA,20,unknown
2950,Plethodon sp.,NA,37,unknown
2950,Plethodon sp.,NA,42,unknown
2950,Plethodon sp.,NA,43,unknown
2950,Plethodon sp.,NA,NA,unknown
2950,Plethodon sp.,NA,28,unknown
2950,Plethodon sp.,NA,33,unknown
2950,Plethodon sp.,NA,32,unknown
2750,Plethodon sp.,NA,66,female
2750,Plethodon sp.,NA,58,female
2750,Plethodon sp.,NA,72,male
2750,Plethodon sp.,NA,66,male
2850,Plethodon sp.,NA,79,female
2850,Plethodon sp.,NA,68,male
2850,Plethodon sp.,NA,66,male
2850,Plethodon sp.,NA,69,male
2950,Plethodon sp.,NA,59,male
2950,Plethodon sp.,NA,60,female
2950,Plethodon sp.,NA,60,female
2950,Plethodon sp.,NA,NA,female
2950,Plethodon sp.,NA,NA,male
2950,Plethodon sp.,NA,58,female
2950,Plethodon sp.,NA,68,male
2750,Plethodon sp.,NA,55,female
2850,Plethodon sp.,NA,57,unknown
2850,Plethodon sp.,NA,57,female
2850,Plethodon sp.,NA,54,female
2850,Plethodon sp.,NA,36,unknown
2850,Plethodon sp.,NA,40,unknown
2850,Plethodon sp.,NA,18,unknown
2950,Plethodon sp.,NA,46,unknown
2950,Plethodon sp.,NA,45,unknown
2950,Plethodon sp.,NA,33,unknown
2950,Plethodon sp.,NA,45,unknown
2950,Plethodon sp.,NA,34,unknown
2950,Plethodon sp.,NA,40,unknown
2950,Plethodon sp.,NA,48,unknown
2950,Plethodon sp.,NA,46,unknown
2950,Plethodon sp.,NA,55,unknown
2950,Plethodon sp.,NA,30,unknown
2950,Plethodon sp.,NA,49,unknown
2950,Plethodon sp.,NA,39,unknown
2950,Plethodon sp.,NA,48,unknown
2950,Plethodon sp.,NA,30,unknown
2950,Plethodon sp.,NA,37,unknown
2950,Plethodon sp.,NA,43,unknown
2950,Plethodon sp.,NA,36,unknown
2950,Plethodon sp.,NA,15,unknown
2950,Plethodon sp.,NA,20,unknown
2750,Plethodon sp.,NA,72,female
2750,Plethodon sp.,NA,62,male
2750,Plethodon sp.,NA,71,female
2750,Plethodon sp.,NA,71,male
2750,Plethodon sp.,NA,66,male
2750,Plethodon sp.,NA,65,male
2750,Plethodon sp.,NA,67,male
2750,Plethodon sp.,NA,72,female
2750,Plethodon sp.,NA,63,female
2850,Plethodon sp.,NA,72,male
2850,Plethodon sp.,NA,57,female
2850,Plethodon sp.,NA,64,male
2850,Plethodon sp.,NA,67,female
2850,Plethodon sp.,NA,70,male
2850,Plethodon sp.,NA,68,male
2850,Plethodon sp.,NA,71,female
2850,Plethodon sp.,NA,58,male
2850,Plethodon sp.,NA,61,female
2850,Plethodon sp.,NA,58,female
2850,Plethodon sp.,NA,70,male
2850,Plethodon sp.,NA,72,female
2850,Plethodon sp.,NA,70,male
2850,Plethodon sp.,NA,62,male
2850,Plethodon sp.,NA,67,female
2850,Plethodon sp.,NA,60,male
2850,Plethodon sp.,NA,61,female
2850,Plethodon sp.,NA,68,male
2950,Plethodon sp.,NA,64,female
2950,Plethodon sp.,NA,74,female
2950,Plethodon sp.,NA,64,female
2950,Plethodon sp.,NA,70,female
2950,Plethodon sp.,NA,64,female
2950,Plethodon sp.,NA,67,male
2950,Plethodon sp.,NA,60,male
2950,Plethodon sp.,NA,77,female
2950,Plethodon sp.,NA,65,female
2950,Plethodon sp.,NA,62,female
2950,Plethodon sp.,NA,67,female
2950,Plethodon sp.,NA,57,male
2950,Plethodon sp.,NA,72,female
2950,Plethodon sp.,NA,75,male
2750,Plethodon sp.,NA,45,unknown
2750,Plethodon sp.,NA,55,female
2750,Plethodon sp.,NA,42,unknown
2750,Plethodon sp.,NA,57,female
2750,Plethodon sp.,NA,40,unknown
2750,Plethodon sp.,NA,52,female
2750,Plethodon sp.,NA,54,female
2750,Plethodon sp.,NA,52,female
2750,Plethodon sp.,NA,42,unknown
2850,Plethodon sp.,NA,50,unknown
2850,Plethodon sp.,NA,NA,female
2850,Plethodon sp.,NA,30,unknown
2850,Plethodon sp.,NA,57,female
2850,Plethodon sp.,NA,57,female
2850,Plethodon sp.,NA,55,female
2850,Plethodon sp.,NA,53,female
2850,Plethodon sp.,NA,42,unknown
2850,Plethodon sp.,NA,54,female
2850,Plethodon sp.,NA,50,female
2950,Plethodon sp.,NA,43,unknown
2950,Plethodon sp.,NA,31,unknown
2950,Plethodon sp.,NA,32,unknown
2950,Plethodon sp.,NA,34,unknown
2950,Plethodon sp.,NA,18,unknown
2950,Plethodon sp.,NA,20,unknown
2950,Plethodon sp.,NA,49,unknown
2950,Plethodon sp.,NA,45,unknown
2950,Plethodon sp.,NA,35,unknown
2950,Plethodon sp.,NA,NA,unknown
2950,Plethodon sp.,NA,55,unknown
2950,Plethodon sp.,NA,30,unknown
2950,Plethodon sp.,NA,NA,unknown
2950,Plethodon sp.,NA,30,unknown
2950,Plethodon sp.,NA,35,unknown
2950,Plethodon sp.,NA,50,female
2950,Plethodon sp.,NA,29,unknown
2950,Plethodon sp.,NA,NA,unknown
2950,Plethodon sp.,NA,30,unknown
2950,Plethodon sp.,NA,33,unknown
2950,Plethodon sp.,NA,45,unknown
2950,Plethodon sp.,NA,48,unknown
2950,Plethodon sp.,NA,19,unknown
2950,Plethodon sp.,NA,18,unknown
2950,Plethodon sp.,NA,17,unknown
2950,Plethodon sp.,NA,21,unknown
2750,Plethodon sp.,NA,71,female
2750,Plethodon sp.,NA,NA,female
2750,Plethodon sp.,NA,NA,male
2750,Plethodon sp.,NA,65,female
2750,Plethodon sp.,NA,72,male
2750,Plethodon sp.,NA,59,male
2850,Plethodon sp.,NA,NA,female
2850,Plethodon sp.,NA,68,male
2850,Plethodon sp.,NA,NA,unknown
2850,Plethodon sp.,NA,NA,female
2850,Plethodon sp.,NA,60,female
2850,Plethodon sp.,NA,60,female
2850,Plethodon sp.,NA,60,male
2850,Plethodon sp.,NA,67,male
2850,Plethodon sp.,NA,65,female
2850,Plethodon sp.,NA,59,female
2950,Plethodon sp.,NA,NA,female
2950,Plethodon sp.,NA,59,male
2950,Plethodon sp.,NA,NA,unknown
2950,Plethodon sp.,NA,NA,unknown
2950,Plethodon sp.,NA,69,female
2950,Plethodon sp.,NA,NA,unknown
2950,Plethodon sp.,NA,64,male
2950,Plethodon sp.,NA,60,female
2950,Plethodon sp.,NA,NA,female
2750,Plethodon sp.,NA,53,unknown
2850,Plethodon sp.,NA,57,female
2850,Plethodon sp.,NA,18,unknown
2950,Plethodon sp.,NA,33,unknown
2950,Plethodon sp.,NA,36,unknown
2950,Plethodon sp.,NA,50,unknown
2950,Plethodon sp.,NA,NA,unknown
2950,Plethodon sp.,NA,40,unknown
2950,Plethodon sp.,NA,17,unknown
2950,Plethodon sp.,NA,20,unknown
2950,Plethodon sp.,NA,10,unknown
2950,Plethodon sp.,NA,21,unknown
2950,Plethodon sp.,NA,19,unknown
2750,Plethodon sp.,NA,60,female
2750,Plethodon sp.,NA,65,female
2750,Plethodon sp.,NA,NA,female
2950,Plethodon sp.,NA,62,female
2950,Plethodon sp.,NA,NA,female
2750,Plethodon sp.,NA,40,unknown
2750,Plethodon sp.,NA,22,unknown
2750,Plethodon sp.,NA,53,female
2750,Plethodon sp.,NA,40,unknown
2750,Plethodon sp.,NA,42,unknown
2750,Plethodon sp.,NA,20,unknown
2750,Plethodon sp.,NA,23,unknown
2750,Plethodon sp.,NA,19,unknown
2750,Plethodon sp.,NA,23,unknown
2850,Plethodon sp.,NA,55,unknown
2850,Plethodon sp.,NA,44,unknown
2850,Plethodon sp.,NA,41,unknown
2850,Plethodon sp.,NA,45,unknown
2850,Plethodon sp.,NA,19,unknown
2850,Plethodon sp.,NA,24,unknown
2850,Plethodon sp.,NA,19,unknown
2850,Plethodon sp.,NA,18,unknown
2850,Plethodon sp.,NA,21,unknown
2850,Plethodon sp.,NA,43,unknown
2850,Plethodon sp.,NA,22,unknown
2850,Plethodon sp.,NA,54,female
2850,Plethodon sp.,NA,22,unknown
2850,Plethodon sp.,NA,24,unknown
2850,Plethodon sp.,NA,24,unknown
2850,Plethodon sp.,NA,20,unknown
2850,Plethodon sp.,NA,57,female
2950,Plethodon sp.,NA,47,unknown
2950,Plethodon sp.,NA,35,unknown
2950,Plethodon sp.,NA,22,unknown
2950,Plethodon sp.,NA,22,unknown
2950,Plethodon sp.,NA,19,unknown
2950,Plethodon sp.,NA,19,unknown
2950,Plethodon sp.,NA,19,unknown
2950,Plethodon sp.,NA,17,unknown
2950,Plethodon sp.,NA,22,unknown
2950,Plethodon sp.,NA,19,unknown
2950,Plethodon sp.,NA,57,female
2950,Plethodon sp.,NA,51,unknown
2950,Plethodon sp.,NA,36,unknown
2950,Plethodon sp.,NA,52,female
2950,Plethodon sp.,NA,35,unknown
2950,Plethodon sp.,NA,38,unknown
2950,Plethodon sp.,NA,32,unknown
2950,Plethodon sp.,NA,33,unknown
2950,Plethodon sp.,NA,38,unknown
2950,Plethodon sp.,NA,23,unknown
2950,Plethodon sp.,NA,21,unknown
2950,Plethodon sp.,NA,22,unknown
2950,Plethodon sp.,NA,19,unknown
2950,Plethodon sp.,NA,21,unknown
2950,Plethodon sp.,NA,20,unknown
2950,Plethodon sp.,NA,39,unknown
2950,Plethodon sp.,NA,21,unknown
2950,Plethodon sp.,NA,21,unknown
2950,Plethodon sp.,NA,20,unknown
2950,Plethodon sp.,NA,19,unknown
2950,Plethodon sp.,NA,19,unknown
2950,Plethodon sp.,NA,21,unknown
2950,Plethodon sp.,NA,19,unknown
2950,Plethodon sp.,NA,21,unknown
2950,Plethodon sp.,NA,21,unknown
2950,Plethodon sp.,NA,22,unknown
2950,Plethodon sp.,NA,20,unknown
2950,Plethodon sp.,NA,22,unknown
2950,Plethodon sp.,NA,22,unknown
2950,Plethodon sp.,NA,21,unknown
2950,Plethodon sp.,NA,23,unknown
2950,Plethodon sp.,NA,22,unknown
2950,Plethodon sp.,NA,34,unknown
2750,Plethodon sp.,NA,63,female
2750,Plethodon sp.,NA,58,female
2750,Plethodon sp.,NA,67,male
2750,Plethodon sp.,NA,60,female
2750,Plethodon sp.,NA,59,female
2750,Plethodon sp.,NA,60,unknown
2750,Plethodon sp.,NA,73,male
2850,Plethodon sp.,NA,63,female
2850,Plethodon sp.,NA,68,male
2850,Plethodon sp.,NA,63,female
2850,Plethodon sp.,NA,62,female
2850,Plethodon sp.,NA,66,female
2850,Plethodon sp.,NA,58,female
2850,Plethodon sp.,NA,59,female
2850,Plethodon sp.,NA,71,male
2850,Plethodon sp.,NA,75,female
2950,Plethodon sp.,NA,63,female
2950,Plethodon sp.,NA,57,male
2950,Plethodon sp.,NA,59,female
2950,Plethodon sp.,NA,63,female
2950,Plethodon sp.,NA,62,female
2950,Plethodon sp.,NA,60,female
2950,Plethodon sp.,NA,66,female
2950,Plethodon sp.,NA,63,female
2950,Plethodon sp.,NA,67,male
2950,Plethodon sp.,NA,75,female
2750,Plethodon sp.,NA,22,unknown
2750,Plethodon sp.,NA,17,unknown
2750,Plethodon sp.,NA,22,unknown
2750,Plethodon sp.,NA,21,unknown
2750,Plethodon sp.,NA,49,unknown
2850,Plethodon sp.,NA,49,unknown
2850,Plethodon sp.,NA,42,unknown
2850,Plethodon sp.,NA,54,unknown
2850,Plethodon sp.,NA,25,unknown
2850,Plethodon sp.,NA,22,unknown
2850,Plethodon sp.,NA,24,unknown
2850,Plethodon sp.,NA,22,unknown
2850,Plethodon sp.,NA,24,unknown
2850,Plethodon sp.,NA,41,unknown
2850,Plethodon sp.,NA,42,unknown
2850,Plethodon sp.,NA,23,unknown
2850,Plethodon sp.,NA,23,unknown
2950,Plethodon sp.,NA,56,unknown
2950,Plethodon sp.,NA,55,female
2950,Plethodon sp.,NA,NA,unknown
2950,Plethodon sp.,NA,NA,unknown
2950,Plethodon sp.,NA,20,unknown
2950,Plethodon sp.,NA,22,unknown
2950,Plethodon sp.,NA,23,unknown
2950,Plethodon sp.,NA,33,unknown
2950,Plethodon sp.,NA,20,unknown
2950,Plethodon sp.,NA,33,unknown
2950,Plethodon sp.,NA,NA,unknown
2950,Plethodon sp.,NA,34,unknown
2950,Plethodon sp.,NA,37,unknown
2950,Plethodon sp.,NA,52,female
2950,Plethodon sp.,NA,55,unknown
2950,Plethodon sp.,NA,27,unknown
2950,Plethodon sp.,NA,36,unknown
2950,Plethodon sp.,NA,32,unknown
2950,Plethodon sp.,NA,45,unknown
2950,Plethodon sp.,NA,49,unknown
2950,Plethodon sp.,NA,NA,unknown
2950,Plethodon sp.,NA,38,unknown
2950,Plethodon sp.,NA,NA,unknown
2950,Plethodon sp.,NA,NA,unknown
2950,Plethodon sp.,NA,NA,unknown
2950,Plethodon sp.,NA,NA,unknown
2950,Plethodon sp.,NA,23,unknown
2950,Plethodon sp.,NA,20,unknown
2950,Plethodon sp.,NA,20,unknown
2950,Plethodon sp.,NA,23,unknown
2950,Plethodon sp.,NA,22,unknown
2950,Plethodon sp.,NA,23,unknown
2950,Plethodon sp.,NA,22,unknown
2950,Plethodon sp.,NA,21,unknown
2950,Plethodon sp.,NA,20,unknown
2950,Plethodon sp.,NA,20,unknown
2950,Plethodon sp.,NA,21,unknown
2950,Plethodon sp.,NA,21,unknown
2950,Plethodon sp.,NA,21,unknown
2950,Plethodon sp.,NA,21,unknown
2950,Plethodon sp.,NA,22,unknown
2950,Plethodon sp.,NA,23,unknown
2950,Plethodon sp.,NA,22,unknown
2950,Plethodon sp.,NA,22,unknown
2950,Plethodon sp.,NA,21,unknown
2950,Plethodon sp.,NA,19,unknown
2950,Plethodon sp.,NA,21,unknown
2950,Plethodon sp.,NA,21,unknown
2950,Plethodon sp.,NA,22,unknown
2950,Plethodon sp.,NA,20,unknown
2950,Plethodon sp.,NA,22,unknown
2950,Plethodon sp.,NA,22,unknown
2950,Plethodon sp.,NA,22,unknown
2950,Plethodon sp.,NA,19,unknown
2950,Plethodon sp.,NA,21,unknown
2950,Plethodon sp.,NA,23,unknown
2950,Plethodon sp.,NA,22,unknown
2950,Plethodon sp.,NA,36,unknown
2950,Plethodon sp.,NA,20,unknown
2950,Plethodon sp.,NA,20,unknown
2750,Plethodon sp.,NA,77,female
2750,Plethodon sp.,NA,60,female
2750,Plethodon sp.,NA,71,male
2750,Plethodon sp.,NA,72,female
2850,Plethodon sp.,NA,68,female
2850,Plethodon sp.,NA,65,male
2850,Plethodon sp.,NA,63,male
2850,Plethodon sp.,NA,67,female
2850,Plethodon sp.,NA,64,female
2850,Plethodon sp.,NA,63,female
2850,Plethodon sp.,NA,67,male
2950,Plethodon sp.,NA,NA,female
2950,Plethodon sp.,NA,NA,unknown
2950,Plethodon sp.,NA,73,female
2950,Plethodon sp.,NA,68,female
2950,Plethodon sp.,NA,NA,female
2950,Plethodon sp.,NA,NA,male
2750,Plethodon sp.,NA,25,unknown
2750,Plethodon sp.,NA,45,unknown
2750,Plethodon sp.,NA,56,female
2750,Plethodon sp.,NA,23,unknown
2750,Plethodon sp.,NA,24,unknown
2750,Plethodon sp.,NA,25,unknown
2850,Plethodon sp.,NA,56,female
2850,Plethodon sp.,NA,53,female
2850,Plethodon sp.,NA,42,unknown
2850,Plethodon sp.,NA,25,unknown
2850,Plethodon sp.,NA,24,unknown
2850,Plethodon sp.,NA,55,female
2850,Plethodon sp.,NA,NA,unknown
2850,Plethodon sp.,NA,22,unknown
2850,Plethodon sp.,NA,25,unknown
2850,Plethodon sp.,NA,23,unknown
2850,Plethodon sp.,NA,22,unknown
2850,Plethodon sp.,NA,22,unknown
2950,Plethodon sp.,NA,44,unknown
2950,Plethodon sp.,NA,45,unknown
2950,Plethodon sp.,NA,NA,unknown
2950,Plethodon sp.,NA,48,unknown
2950,Plethodon sp.,NA,57,unknown
2950,Plethodon sp.,NA,NA,unknown
2950,Plethodon sp.,NA,NA,unknown
2950,Plethodon sp.,NA,NA,unknown
2950,Plethodon sp.,NA,NA,unknown
2950,Plethodon sp.,NA,20,unknown
2950,Plethodon sp.,NA,19,unknown
2950,Plethodon sp.,NA,33,unknown
2950,Plethodon sp.,NA,NA,unknown
2950,Plethodon sp.,NA,45,unknown
2950,Plethodon sp.,NA,54,unknown
2950,Plethodon sp.,NA,NA,unknown
2950,Plethodon sp.,NA,NA,unknown
2950,Plethodon sp.,NA,NA,unknown
2950,Plethodon sp.,NA,NA,unknown
2950,Plethodon sp.,NA,NA,unknown
2950,Plethodon sp.,NA,NA,unknown
2950,Plethodon sp.,NA,NA,unknown
2950,Plethodon sp.,NA,NA,unknown
2950,Plethodon sp.,NA,NA,unknown
2950,Plethodon sp.,NA,NA,unknown
2950,Plethodon sp.,NA,NA,unknown
2950,Plethodon sp.,NA,NA,unknown
2950,Plethodon sp.,NA,NA,unknown
2950,Plethodon sp.,NA,NA,unknown
2950,Plethodon sp.,NA,NA,unknown
2950,Plethodon sp.,NA,NA,unknown
2950,Plethodon sp.,NA,NA,unknown
2950,Plethodon sp.,NA,NA,unknown
2950,Plethodon sp.,NA,NA,unknown
2950,Plethodon sp.,NA,NA,unknown
2950,Plethodon sp.,NA,NA,unknown
2950,Plethodon sp.,NA,NA,unknown
2950,Plethodon sp.,NA,22,unknown
2950,Plethodon sp.,NA,19,unknown
2950,Plethodon sp.,NA,21,unknown
2950,Plethodon sp.,NA,22,unknown
2950,Plethodon sp.,NA,21,unknown
2950,Plethodon sp.,NA,20,unknown
2950,Plethodon sp.,NA,20,unknown
2950,Plethodon sp.,NA,21,unknown
2950,Plethodon sp.,NA,18,unknown
2950,Plethodon sp.,NA,20,unknown
2950,Plethodon sp.,NA,21,unknown
2950,Plethodon sp.,NA,19,unknown
2950,Plethodon sp.,NA,21,unknown
2950,Plethodon sp.,NA,21,unknown
2950,Plethodon sp.,NA,21,unknown
2950,Plethodon sp.,NA,22,unknown
2950,Plethodon sp.,NA,19,unknown
2950,Plethodon sp.,NA,19,unknown
2950,Plethodon sp.,NA,18,unknown
2950,Plethodon sp.,NA,17,unknown
2950,Plethodon sp.,NA,21,unknown
2950,Plethodon sp.,NA,19,unknown
2950,Plethodon sp.,NA,19,unknown
2950,Plethodon sp.,NA,20,unknown
2950,Plethodon sp.,NA,16,unknown
2950,Plethodon sp.,NA,20,unknown
2950,Plethodon sp.,NA,22,unknown
2950,Plethodon sp.,NA,40,unknown
2950,Plethodon sp.,NA,23,unknown
2750,Plethodon sp.,NA,70,female
2750,Plethodon sp.,NA,58,female
2750,Plethodon sp.,NA,63,male
2750,Plethodon sp.,NA,58,female
2750,Plethodon sp.,NA,68,unknown
2750,Plethodon sp.,NA,63,female
2850,Plethodon sp.,NA,NA,unknown
2850,Plethodon sp.,NA,63,female
2850,Plethodon sp.,NA,70,male
2850,Plethodon sp.,NA,68,male
2850,Plethodon sp.,NA,NA,female
2850,Plethodon sp.,NA,57,male
2950,Plethodon sp.,NA,67,female
2950,Plethodon sp.,NA,74,female
2950,Plethodon sp.,NA,68,female
2950,Plethodon sp.,NA,NA,unknown
2950,Plethodon sp.,NA,NA,female
2950,Plethodon sp.,NA,67,male
2950,Plethodon sp.,NA,NA,female
2950,Plethodon sp.,NA,71,male
2950,Plethodon sp.,NA,58,male
2950,Plethodon sp.,NA,63,female
2950,Plethodon sp.,NA,67,female
2950,Plethodon sp.,NA,NA,unknown
2950,Plethodon sp.,NA,NA,unknown
2950,Plethodon sp.,NA,70,female
2750,Plethodon sp.,NA,57,female
2750,Plethodon sp.,NA,53,female
2750,Plethodon sp.,NA,56,female
2750,Plethodon sp.,NA,24,unknown
2750,Plethodon sp.,NA,25,unknown
2750,Plethodon sp.,NA,29,unknown
2750,Plethodon sp.,NA,24,unknown
2750,Plethodon sp.,NA,24,unknown
2750,Plethodon sp.,NA,44,unknown
2750,Plethodon sp.,NA,24,unknown
2750,Plethodon sp.,NA,26,unknown
2750,Plethodon sp.,NA,22,unknown
2750,Plethodon sp.,NA,30,unknown
2850,Plethodon sp.,NA,47,unknown
2850,Plethodon sp.,NA,54,female
2850,Plethodon sp.,NA,54,female
2850,Plethodon sp.,NA,22,unknown
2850,Plethodon sp.,NA,27,unknown
2850,Plethodon sp.,NA,26,unknown
2850,Plethodon sp.,NA,28,unknown
2850,Plethodon sp.,NA,26,unknown
2850,Plethodon sp.,NA,29,unknown
2850,Plethodon sp.,NA,25,unknown
2850,Plethodon sp.,NA,43,unknown
2850,Plethodon sp.,NA,25,unknown
2850,Plethodon sp.,NA,26,unknown
2850,Plethodon sp.,NA,27,unknown
2850,Plethodon sp.,NA,23,unknown
2850,Plethodon sp.,NA,25,unknown
2850,Plethodon sp.,NA,25,unknown
2850,Plethodon sp.,NA,28,unknown
2950,Plethodon sp.,NA,48,unknown
2950,Plethodon sp.,NA,48,unknown
2950,Plethodon sp.,NA,47,unknown
2950,Plethodon sp.,NA,44,unknown
2950,Plethodon sp.,NA,40,unknown
2950,Plethodon sp.,NA,24,unknown
2950,Plethodon sp.,NA,42,unknown
2950,Plethodon sp.,NA,22,unknown
2950,Plethodon sp.,NA,22,unknown
2950,Plethodon sp.,NA,23,unknown
2950,Plethodon sp.,NA,NA,unknown
2950,Plethodon sp.,NA,35,unknown
2950,Plethodon sp.,NA,55,female
2950,Plethodon sp.,NA,47,unknown
2950,Plethodon sp.,NA,54,female
2950,Plethodon sp.,NA,34,unknown
2950,Plethodon sp.,NA,51,female
2950,Plethodon sp.,NA,47,unknown
2950,Plethodon sp.,NA,46,unknown
2950,Plethodon sp.,NA,24,unknown
2950,Plethodon sp.,NA,23,unknown
2950,Plethodon sp.,NA,24,unknown
2950,Plethodon sp.,NA,26,unknown
2950,Plethodon sp.,NA,22,unknown
2950,Plethodon sp.,NA,22,unknown
2950,Plethodon sp.,NA,23,unknown
2950,Plethodon sp.,NA,44,unknown
2950,Plethodon sp.,NA,18,unknown
2950,Plethodon sp.,NA,23,unknown
2950,Plethodon sp.,NA,24,unknown
2950,Plethodon sp.,NA,21,unknown
2950,Plethodon sp.,NA,45,unknown
2950,Plethodon sp.,NA,21,unknown
2950,Plethodon sp.,NA,22,unknown
2950,Plethodon sp.,NA,21,unknown
2950,Plethodon sp.,NA,25,unknown
2950,Plethodon sp.,NA,38,unknown
2950,Plethodon sp.,NA,23,unknown
2950,Plethodon sp.,NA,20,unknown
2950,Plethodon sp.,NA,23,unknown
2950,Plethodon sp.,NA,40,unknown
2950,Plethodon sp.,NA,22,unknown
2950,Plethodon sp.,NA,25,unknown
2950,Plethodon sp.,NA,24,unknown
2950,Plethodon sp.,NA,23,unknown
2950,Plethodon sp.,NA,23,unknown
2950,Plethodon sp.,NA,36,unknown
2750,Plethodon sp.,NA,74,male
2750,Plethodon sp.,NA,63,male
2750,Plethodon sp.,NA,69,female
2750,Plethodon sp.,NA,64,female
2750,Plethodon sp.,NA,58,unknown
2750,Plethodon sp.,NA,73,male
2850,Plethodon sp.,NA,66,male
2850,Plethodon sp.,NA,59,male
2850,Plethodon sp.,NA,69,female
2850,Plethodon sp.,NA,61,female
2950,Plethodon sp.,NA,76,male
2950,Plethodon sp.,NA,70,female
2950,Plethodon sp.,NA,66,male
2950,Plethodon sp.,NA,67,female
2950,Plethodon sp.,NA,60,male
2950,Plethodon sp.,NA,72,female
2750,Plethodon sp.,NA,50,female
2750,Plethodon sp.,NA,52,female
2750,Plethodon sp.,NA,29,unknown
2750,Plethodon sp.,NA,30,unknown
2750,Plethodon sp.,NA,29,unknown
2750,Plethodon sp.,NA,NA,unknown
2750,Plethodon sp.,NA,NA,unknown
2750,Plethodon sp.,NA,53,female
2750,Plethodon sp.,NA,49,unknown
2750,Plethodon sp.,NA,50,female
2850,Plethodon sp.,NA,NA,unknown
2850,Plethodon sp.,NA,NA,unknown
2850,Plethodon sp.,NA,27,unknown
2850,Plethodon sp.,NA,27,unknown
2850,Plethodon sp.,NA,24,unknown
2850,Plethodon sp.,NA,26,unknown
2850,Plethodon sp.,NA,27,unknown
2850,Plethodon sp.,NA,25,unknown
2850,Plethodon sp.,NA,52,female
2850,Plethodon sp.,NA,27,unknown
2850,Plethodon sp.,NA,27,unknown
2850,Plethodon sp.,NA,26,unknown
2850,Plethodon sp.,NA,29,unknown
2850,Plethodon sp.,NA,24,unknown
2850,Plethodon sp.,NA,NA,unknown
2850,Plethodon sp.,NA,55,female
2850,Plethodon sp.,NA,24,unknown
2850,Plethodon sp.,NA,22,unknown
2850,Plethodon sp.,NA,22,unknown
2850,Plethodon sp.,NA,27,unknown
2850,Plethodon sp.,NA,55,male
2950,Plethodon sp.,NA,51,female
2950,Plethodon sp.,NA,43,unknown
2950,Plethodon sp.,NA,45,unknown
2950,Plethodon sp.,NA,17,unknown
2950,Plethodon sp.,NA,23,unknown
2950,Plethodon sp.,NA,42,unknown
2950,Plethodon sp.,NA,25,unknown
2950,Plethodon sp.,NA,18,unknown
2950,Plethodon sp.,NA,20,unknown
2950,Plethodon sp.,NA,NA,unknown
2950,Plethodon sp.,NA,35,unknown
2950,Plethodon sp.,NA,55,unknown
2950,Plethodon sp.,NA,NA,unknown
2950,Plethodon sp.,NA,NA,unknown
2950,Plethodon sp.,NA,22,unknown
2950,Plethodon sp.,NA,23,unknown
2950,Plethodon sp.,NA,22,unknown
2950,Plethodon sp.,NA,20,unknown
2950,Plethodon sp.,NA,21,unknown
2950,Plethodon sp.,NA,24,unknown
2950,Plethodon sp.,NA,21,unknown
2950,Plethodon sp.,NA,27,unknown
2950,Plethodon sp.,NA,20,unknown
2950,Plethodon sp.,NA,25,unknown
2950,Plethodon sp.,NA,25,unknown
2950,Plethodon sp.,NA,21,unknown
2950,Plethodon sp.,NA,21,unknown
2950,Plethodon sp.,NA,23,unknown
2950,Plethodon sp.,NA,NA,unknown
2950,Plethodon sp.,NA,NA,unknown
2950,Plethodon sp.,NA,NA,unknown
2950,Plethodon sp.,NA,NA,unknown
2950,Plethodon sp.,NA,NA,unknown
2950,Plethodon sp.,NA,27,unknown
2950,Plethodon sp.,NA,21,unknown
2950,Plethodon sp.,NA,21,unknown
2950,Plethodon sp.,NA,22,unknown
2950,Plethodon sp.,NA,19,unknown
2950,Plethodon sp.,NA,NA,unknown
2950,Plethodon sp.,NA,21,unknown
2950,Plethodon sp.,NA,20,unknown
2950,Plethodon sp.,NA,24,unknown
2950,Plethodon sp.,NA,26,unknown
2750,Plethodon sp.,NA,76,male
2750,Plethodon sp.,NA,NA,female
2750,Plethodon sp.,NA,61,female
2750,Plethodon sp.,NA,59,female
2750,Plethodon sp.,NA,62,female
2850,Plethodon sp.,NA,68,male
2850,Plethodon sp.,NA,NA,unknown
2850,Plethodon sp.,NA,NA,unknown
2850,Plethodon sp.,NA,65,male
2950,Plethodon sp.,NA,NA,unknown
2950,Plethodon sp.,NA,NA,unknown
2950,Plethodon sp.,NA,62,male
2950,Plethodon sp.,NA,58,female
2950,Plethodon sp.,NA,NA,female
2950,Plethodon sp.,NA,NA,unknown
2950,Plethodon sp.,NA,60,male
2950,Plethodon sp.,NA,NA,unknown
2950,Plethodon sp.,NA,NA,unknown
2750,Plethodon sp.,NA,50,unknown
2750,Plethodon sp.,NA,25,unknown
2750,Plethodon sp.,NA,54,female
2750,Plethodon sp.,NA,26,unknown
2750,Plethodon sp.,NA,22,unknown
2750,Plethodon sp.,NA,30,unknown
2750,Plethodon sp.,NA,NA,unknown
2750,Plethodon sp.,NA,24,unknown
2850,Plethodon sp.,NA,51,unknown
2850,Plethodon sp.,NA,45,unknown
2850,Plethodon sp.,NA,25,unknown
2850,Plethodon sp.,NA,29,unknown
2850,Plethodon sp.,NA,27,unknown
2850,Plethodon sp.,NA,24,unknown
2850,Plethodon sp.,NA,NA,unknown
2850,Plethodon sp.,NA,NA,unknown
2850,Plethodon sp.,NA,28,unknown
2850,Plethodon sp.,NA,27,unknown
2850,Plethodon sp.,NA,57,unknown
2850,Plethodon sp.,NA,28,unknown
2850,Plethodon sp.,NA,27,unknown
2850,Plethodon sp.,NA,27,unknown
2850,Plethodon sp.,NA,NA,unknown
2850,Plethodon sp.,NA,56,female
2850,Plethodon sp.,NA,27,unknown
2950,Plethodon sp.,NA,52,male
2950,Plethodon sp.,NA,48,unknown
2950,Plethodon sp.,NA,40,unknown
2950,Plethodon sp.,NA,54,female
2950,Plethodon sp.,NA,49,unknown
2950,Plethodon sp.,NA,53,female
2950,Plethodon sp.,NA,49,unknown
2950,Plethodon sp.,NA,43,unknown
2950,Plethodon sp.,NA,23,unknown
2950,Plethodon sp.,NA,54,female
2950,Plethodon sp.,NA,NA,unknown
2950,Plethodon sp.,NA,23,unknown
2950,Plethodon sp.,NA,NA,unknown
2950,Plethodon sp.,NA,23,unknown
2950,Plethodon sp.,NA,22,unknown
2950,Plethodon sp.,NA,20,unknown
2950,Plethodon sp.,NA,49,unknown
2950,Plethodon sp.,NA,34,unknown
2950,Plethodon sp.,NA,NA,unknown
2950,Plethodon sp.,NA,36,unknown
2950,Plethodon sp.,NA,38,unknown
2950,Plethodon sp.,NA,38,unknown
2950,Plethodon sp.,NA,25,unknown
2950,Plethodon sp.,NA,23,unknown
2950,Plethodon sp.,NA,23,unknown
2950,Plethodon sp.,NA,22,unknown
2950,Plethodon sp.,NA,25,unknown
2950,Plethodon sp.,NA,NA,unknown
2950,Plethodon sp.,NA,NA,unknown
2950,Plethodon sp.,NA,NA,unknown
2950,Plethodon sp.,NA,NA,unknown
2950,Plethodon sp.,NA,NA,unknown
2950,Plethodon sp.,NA,NA,unknown
2950,Plethodon sp.,NA,NA,unknown
2950,Plethodon sp.,NA,NA,unknown
2950,Plethodon sp.,NA,22,unknown
2950,Plethodon sp.,NA,21,unknown
2950,Plethodon sp.,NA,NA,unknown
2950,Plethodon sp.,NA,24,unknown
2950,Plethodon sp.,NA,23,unknown
2950,Plethodon sp.,NA,24,unknown
2950,Plethodon sp.,NA,24,unknown
2950,Plethodon sp.,NA,24,unknown
2950,Plethodon sp.,NA,24,unknown
2950,Plethodon sp.,NA,38,unknown
2950,Plethodon sp.,NA,20,unknown
2950,Plethodon sp.,NA,NA,unknown
2950,Plethodon sp.,NA,NA,unknown
2950,Plethodon sp.,NA,24,unknown
2750,Plethodon sp.,NA,61,male
2750,Plethodon sp.,NA,65,male
2850,Plethodon sp.,NA,68,female
2850,Plethodon sp.,NA,64,male
2850,Plethodon sp.,NA,NA,unknown
2850,Plethodon sp.,NA,72,female
2850,Plethodon sp.,NA,61,male
2850,Plethodon sp.,NA,69,male
2850,Plethodon sp.,NA,63,male
2950,Plethodon sp.,NA,65,female
2950,Plethodon sp.,NA,68,female
2950,Plethodon sp.,NA,66,male
2950,Plethodon sp.,NA,60,male
2950,Plethodon sp.,NA,63,female
2950,Plethodon sp.,NA,65,female
2950,Plethodon sp.,NA,NA,unknown
2950,Plethodon sp.,NA,64,male
2950,Plethodon sp.,NA,NA,unknown
2950,Plethodon sp.,NA,70,male
2950,Plethodon sp.,NA,NA,unknown
2750,Plethodon sp.,NA,53,unknown
2750,Plethodon sp.,NA,28,unknown
2750,Plethodon sp.,NA,27,unknown
2750,Plethodon sp.,NA,29,unknown
2750,Plethodon sp.,NA,31,unknown
2750,Plethodon sp.,NA,33,unknown
2750,Plethodon sp.,NA,26,unknown
2750,Plethodon sp.,NA,30,unknown
2750,Plethodon sp.,NA,55,unknown
2750,Plethodon sp.,NA,52,female
2750,Plethodon sp.,NA,57,female
2750,Plethodon sp.,NA,42,unknown
2750,Plethodon sp.,NA,31,unknown
2750,Plethodon sp.,NA,41,unknown
2750,Plethodon sp.,NA,27,unknown
2750,Plethodon sp.,NA,25,unknown
2750,Plethodon sp.,NA,34,unknown
2850,Plethodon sp.,NA,28,unknown
2850,Plethodon sp.,NA,44,unknown
2850,Plethodon sp.,NA,46,unknown
2850,Plethodon sp.,NA,51,male
2850,Plethodon sp.,NA,24,unknown
2850,Plethodon sp.,NA,30,unknown
2850,Plethodon sp.,NA,25,unknown
2850,Plethodon sp.,NA,28,unknown
2850,Plethodon sp.,NA,26,unknown
2850,Plethodon sp.,NA,28,unknown
2850,Plethodon sp.,NA,25,unknown
2850,Plethodon sp.,NA,27,unknown
2850,Plethodon sp.,NA,28,unknown
2850,Plethodon sp.,NA,33,unknown
2850,Plethodon sp.,NA,30,unknown
2850,Plethodon sp.,NA,29,unknown
2850,Plethodon sp.,NA,31,unknown
2850,Plethodon sp.,NA,56,unknown
2850,Plethodon sp.,NA,53,female
2850,Plethodon sp.,NA,27,unknown
2850,Plethodon sp.,NA,45,unknown
2850,Plethodon sp.,NA,30,unknown
2850,Plethodon sp.,NA,29,unknown
2850,Plethodon sp.,NA,27,unknown
2850,Plethodon sp.,NA,47,unknown
2850,Plethodon sp.,NA,27,unknown
2850,Plethodon sp.,NA,27,unknown
2850,Plethodon sp.,NA,47,unknown
2950,Plethodon sp.,NA,52,unknown
2950,Plethodon sp.,NA,52,male
2950,Plethodon sp.,NA,49,unknown
2950,Plethodon sp.,NA,44,unknown
2950,Plethodon sp.,NA,38,unknown
2950,Plethodon sp.,NA,53,female
2950,Plethodon sp.,NA,40,unknown
2950,Plethodon sp.,NA,52,female
2950,Plethodon sp.,NA,39,unknown
2950,Plethodon sp.,NA,26,unknown
2950,Plethodon sp.,NA,23,unknown
2950,Plethodon sp.,NA,23,unknown
2950,Plethodon sp.,NA,23,unknown
2950,Plethodon sp.,NA,49,unknown
2950,Plethodon sp.,NA,52,unknown
2950,Plethodon sp.,NA,52,unknown
2950,Plethodon sp.,NA,52,female
2950,Plethodon sp.,NA,57,male
2950,Plethodon sp.,NA,39,unknown
2950,Plethodon sp.,NA,50,female
2950,Plethodon sp.,NA,41,unknown
2950,Plethodon sp.,NA,57,female
2950,Plethodon sp.,NA,38,unknown
2950,Plethodon sp.,NA,25,unknown
2950,Plethodon sp.,NA,26,unknown
2950,Plethodon sp.,NA,25,unknown
2950,Plethodon sp.,NA,44,unknown
2950,Plethodon sp.,NA,44,unknown
2950,Plethodon sp.,NA,47,unknown
2950,Plethodon sp.,NA,24,unknown
2950,Plethodon sp.,NA,19,unknown
2950,Plethodon sp.,NA,26,unknown
2950,Plethodon sp.,NA,14,unknown
2950,Plethodon sp.,NA,26,unknown
2950,Plethodon sp.,NA,26,unknown
2950,Plethodon sp.,NA,25,unknown
2950,Plethodon sp.,NA,25,unknown
2950,Plethodon sp.,NA,25,unknown
2950,Plethodon sp.,NA,23,unknown
2750,Plethodon sp.,NA,70,male
2750,Plethodon sp.,NA,62,female
2750,Plethodon sp.,NA,72,female
2750,Plethodon sp.,NA,62,female
2750,Plethodon sp.,NA,73,female
2750,Plethodon sp.,NA,65,male
2750,Plethodon sp.,NA,63,male
2750,Plethodon sp.,NA,71,female
2750,Plethodon sp.,NA,53,male
2850,Plethodon sp.,NA,75,female
2850,Plethodon sp.,NA,69,female
2850,Plethodon sp.,NA,64,male
2850,Plethodon sp.,NA,63,female
2950,Plethodon sp.,NA,57,male
2950,Plethodon sp.,NA,62,female
2950,Plethodon sp.,NA,66,female
2950,Plethodon sp.,NA,54,male
2950,Plethodon sp.,NA,70,female
2950,Plethodon sp.,NA,55,male
2950,Plethodon sp.,NA,59,male
2950,Plethodon sp.,NA,57,male
2950,Plethodon sp.,NA,65,female
2950,Plethodon sp.,NA,70,female
2950,Plethodon sp.,NA,68,female
2950,Plethodon sp.,NA,51,male
2950,Plethodon sp.,NA,66,female
2750,Plethodon sp.,NA,50,female
2750,Plethodon sp.,NA,52,female
2750,Plethodon sp.,NA,NA,unknown
2750,Plethodon sp.,NA,30,unknown
2750,Plethodon sp.,NA,29,unknown
2750,Plethodon sp.,NA,NA,female
2750,Plethodon sp.,NA,27,unknown
2750,Plethodon sp.,NA,28,unknown
2750,Plethodon sp.,NA,NA,unknown
2750,Plethodon sp.,NA,25,unknown
2750,Plethodon sp.,NA,28,unknown
2750,Plethodon sp.,NA,NA,unknown
2850,Plethodon sp.,NA,44,unknown
2850,Plethodon sp.,NA,NA,unknown
2850,Plethodon sp.,NA,NA,unknown
2850,Plethodon sp.,NA,29,unknown
2850,Plethodon sp.,NA,NA,unknown
2850,Plethodon sp.,NA,30,unknown
2850,Plethodon sp.,NA,NA,unknown
2850,Plethodon sp.,NA,NA,unknown
2850,Plethodon sp.,NA,23,unknown
2850,Plethodon sp.,NA,28,unknown
2850,Plethodon sp.,NA,44,unknown
2850,Plethodon sp.,NA,27,unknown
2850,Plethodon sp.,NA,24,unknown
2850,Plethodon sp.,NA,28,unknown
2850,Plethodon sp.,NA,48,unknown
2850,Plethodon sp.,NA,29,unknown
2850,Plethodon sp.,NA,29,unknown
2950,Plethodon sp.,NA,NA,unknown
2950,Plethodon sp.,NA,46,unknown
2950,Plethodon sp.,NA,41,unknown
2950,Plethodon sp.,NA,26,unknown
2950,Plethodon sp.,NA,55,female
2950,Plethodon sp.,NA,NA,unknown
2950,Plethodon sp.,NA,NA,unknown
2950,Plethodon sp.,NA,NA,unknown
2950,Plethodon sp.,NA,51,male
2950,Plethodon sp.,NA,37,unknown
2950,Plethodon sp.,NA,24,unknown
2950,Plethodon sp.,NA,28,unknown
2950,Plethodon sp.,NA,25,unknown
2950,Plethodon sp.,NA,NA,unknown
2950,Plethodon sp.,NA,28,unknown
2950,Plethodon sp.,NA,27,unknown
2950,Plethodon sp.,NA,23,unknown
2950,Plethodon sp.,NA,28,unknown
2950,Plethodon sp.,NA,22,unknown
2950,Plethodon sp.,NA,22,unknown
2950,Plethodon sp.,NA,53,female
2950,Plethodon sp.,NA,27,unknown
2950,Plethodon sp.,NA,37,unknown
2950,Plethodon sp.,NA,24,unknown
2950,Plethodon sp.,NA,25,unknown
2950,Plethodon sp.,NA,NA,unknown
2950,Plethodon sp.,NA,NA,unknown
2950,Plethodon sp.,NA,24,unknown
2950,Plethodon sp.,NA,25,unknown
2950,Plethodon sp.,NA,24,unknown
2750,Plethodon sp.,NA,61,male
2750,Plethodon sp.,NA,72,female
2750,Plethodon sp.,NA,58,female
2750,Plethodon sp.,NA,67,male
2750,Plethodon sp.,NA,60,male
2750,Plethodon sp.,NA,NA,male
2850,Plethodon sp.,NA,75,male
2850,Plethodon sp.,NA,NA,male
2950,Plethodon sp.,NA,NA,female
2950,Plethodon sp.,NA,74,female
2950,Plethodon sp.,NA,60,female
2950,Plethodon sp.,NA,69,female
2950,Plethodon sp.,NA,66,female
2950,Plethodon sp.,NA,NA,unknown
2950,Plethodon sp.,NA,58,male
2750,Plethodon sp.,NA,NA,unknown
2750,Plethodon sp.,NA,31,unknown
2750,Plethodon sp.,NA,31,unknown
2750,Plethodon sp.,NA,29,unknown
2750,Plethodon sp.,NA,29,unknown
2750,Plethodon sp.,NA,30,unknown
2750,Plethodon sp.,NA,52,female
2850,Plethodon sp.,NA,34,unknown
2850,Plethodon sp.,NA,NA,unknown
2850,Plethodon sp.,NA,NA,unknown
2850,Plethodon sp.,NA,NA,unknown
2850,Plethodon sp.,NA,52,female
2850,Plethodon sp.,NA,26,unknown
2850,Plethodon sp.,NA,34,unknown
2850,Plethodon sp.,NA,NA,unknown
2850,Plethodon sp.,NA,33,unknown
2850,Plethodon sp.,NA,45,unknown
2850,Plethodon sp.,NA,48,unknown
2850,Plethodon sp.,NA,29,unknown
2850,Plethodon sp.,NA,22,unknown
2850,Plethodon sp.,NA,31,unknown
2850,Plethodon sp.,NA,30,unknown
2850,Plethodon sp.,NA,46,unknown
2850,Plethodon sp.,NA,29,unknown
2950,Plethodon sp.,NA,51,unknown
2950,Plethodon sp.,NA,NA,unknown
2950,Plethodon sp.,NA,NA,unknown
2950,Plethodon sp.,NA,39,unknown
2950,Plethodon sp.,NA,55,female
2950,Plethodon sp.,NA,41,unknown
2950,Plethodon sp.,NA,37,unknown
2950,Plethodon sp.,NA,43,unknown
2950,Plethodon sp.,NA,NA,unknown
2950,Plethodon sp.,NA,NA,unknown
2950,Plethodon sp.,NA,NA,unknown
2950,Plethodon sp.,NA,NA,unknown
2950,Plethodon sp.,NA,22,unknown
2950,Plethodon sp.,NA,26,unknown
2950,Plethodon sp.,NA,23,unknown
2950,Plethodon sp.,NA,25,unknown
2950,Plethodon sp.,NA,NA,unknown
2950,Plethodon sp.,NA,27,unknown
2950,Plethodon sp.,NA,26,unknown
2950,Plethodon sp.,NA,23,unknown
2950,Plethodon sp.,NA,22,unknown
2950,Plethodon sp.,NA,46,unknown
2750,Plethodon sp.,NA,NA,female
2750,Plethodon sp.,NA,32,unknown
2750,Plethodon sp.,NA,65,male
2750,Plethodon sp.,NA,59,female
2750,Plethodon sp.,NA,80,male
2850,Plethodon sp.,NA,NA,unknown
2850,Plethodon sp.,NA,32,unknown
2850,Plethodon sp.,NA,74,female
2950,Plethodon sp.,NA,70,male
2950,Plethodon sp.,NA,63,female
2950,Plethodon sp.,NA,NA,unknown
2950,Plethodon sp.,NA,52,male
2950,Plethodon sp.,NA,71,female
2950,Plethodon sp.,NA,62,female
2950,Plethodon sp.,NA,NA,unknown
2750,Plethodon sp.,NA,29,unknown
2750,Plethodon sp.,NA,33,unknown
2750,Plethodon sp.,NA,32,unknown
2750,Plethodon sp.,NA,36,unknown
2750,Plethodon sp.,NA,32,unknown
2750,Plethodon sp.,NA,33,unknown
2750,Plethodon sp.,NA,35,unknown
2850,Plethodon sp.,NA,51,unknown
2850,Plethodon sp.,NA,44,unknown
2850,Plethodon sp.,NA,32,unknown
2850,Plethodon sp.,NA,32,unknown
2850,Plethodon sp.,NA,29,unknown
2850,Plethodon sp.,NA,35,unknown
2850,Plethodon sp.,NA,29,unknown
2850,Plethodon sp.,NA,31,unknown
2850,Plethodon sp.,NA,33,unknown
2950,Plethodon sp.,NA,46,unknown
2950,Plethodon sp.,NA,56,female
2950,Plethodon sp.,NA,50,female
2950,Plethodon sp.,NA,50,male
2950,Plethodon sp.,NA,56,female
2950,Plethodon sp.,NA,42,unknown
2950,Plethodon sp.,NA,55,female
2950,Plethodon sp.,NA,43,unknown
2950,Plethodon sp.,NA,41,unknown
2950,Plethodon sp.,NA,31,unknown
2950,Plethodon sp.,NA,42,unknown
2950,Plethodon sp.,NA,25,unknown
2950,Plethodon sp.,NA,56,female
2950,Plethodon sp.,NA,25,unknown
2950,Plethodon sp.,NA,48,unknown
2950,Plethodon sp.,NA,30,unknown
2950,Plethodon sp.,NA,37,unknown
2950,Plethodon sp.,NA,27,unknown
2950,Plethodon sp.,NA,26,unknown
2950,Plethodon sp.,NA,57,female
2950,Plethodon sp.,NA,24,unknown
2950,Plethodon sp.,NA,54,unknown
2950,Plethodon sp.,NA,55,unknown
2950,Plethodon sp.,NA,42,unknown
2950,Plethodon sp.,NA,51,female
2950,Plethodon sp.,NA,48,unknown
2950,Plethodon sp.,NA,35,unknown
2950,Plethodon sp.,NA,42,unknown
2950,Plethodon sp.,NA,53,female
2950,Plethodon sp.,NA,52,unknown
2950,Plethodon sp.,NA,39,unknown
2950,Plethodon sp.,NA,43,unknown
2950,Plethodon sp.,NA,56,female
2950,Plethodon sp.,NA,41,unknown
2950,Plethodon sp.,NA,52,unknown
2950,Plethodon sp.,NA,40,unknown
2950,Plethodon sp.,NA,43,unknown
2950,Plethodon sp.,NA,30,unknown
2950,Plethodon sp.,NA,27,unknown
2950,Plethodon sp.,NA,27,unknown
2950,Plethodon sp.,NA,28,unknown
2950,Plethodon sp.,NA,57,female
2950,Plethodon sp.,NA,31,unknown
2950,Plethodon sp.,NA,28,unknown
2950,Plethodon sp.,NA,26,unknown
2950,Plethodon sp.,NA,31,unknown
2950,Plethodon sp.,NA,29,unknown
2950,Plethodon sp.,NA,28,unknown
2950,Plethodon sp.,NA,28,unknown
2950,Plethodon sp.,NA,29,unknown
2950,Plethodon sp.,NA,25,unknown
2950,Plethodon sp.,NA,46,unknown
2950,Plethodon sp.,NA,26,unknown
2950,Plethodon sp.,NA,24,unknown
2950,Plethodon sp.,NA,30,unknown
2950,Plethodon sp.,NA,41,unknown
2750,Plethodon sp.,NA,72,male
2750,Plethodon sp.,NA,63,female
2750,Plethodon sp.,NA,75,male
2750,Plethodon sp.,NA,58,female
2750,Plethodon sp.,NA,68,female
2750,Plethodon sp.,NA,62,female
2850,Plethodon sp.,NA,59,male
2850,Plethodon sp.,NA,61,female
2850,Plethodon sp.,NA,70,male
2950,Plethodon sp.,NA,69,female
2950,Plethodon sp.,NA,62,female
2950,Plethodon sp.,NA,69,male
2950,Plethodon sp.,NA,58,female
2950,Plethodon sp.,NA,65,male
2950,Plethodon sp.,NA,70,female
2950,Plethodon sp.,NA,68,female
2950,Plethodon sp.,NA,69,female
2950,Plethodon sp.,NA,60,female
2950,Plethodon sp.,NA,64,male
2950,Plethodon sp.,NA,58,female
2950,Plethodon sp.,NA,66,female
2950,Plethodon sp.,NA,66,female
2950,Plethodon sp.,NA,62,female
2950,Plethodon sp.,NA,64,male
2950,Plethodon sp.,NA,62,male
2950,Plethodon sp.,NA,78,female
2950,Plethodon sp.,NA,63,male
2950,Plethodon sp.,NA,65,female
2950,Plethodon sp.,NA,64,female
2950,Plethodon sp.,NA,65,female
2950,Plethodon sp.,NA,55,male
2950,Plethodon sp.,NA,72,female
2750,Plethodon sp.,NA,32,unknown
2750,Plethodon sp.,NA,34,unknown
2750,Plethodon sp.,NA,30,unknown
2850,Plethodon sp.,NA,31,unknown
2850,Plethodon sp.,NA,31,unknown
2850,Plethodon sp.,NA,NA,unknown
2850,Plethodon sp.,NA,31,unknown
2850,Plethodon sp.,NA,47,unknown
2850,Plethodon sp.,NA,NA,unknown
2850,Plethodon sp.,NA,32,unknown
2850,Plethodon sp.,NA,30,unknown
2850,Plethodon sp.,NA,34,unknown
2850,Plethodon sp.,NA,33,unknown
2850,Plethodon sp.,NA,33,unknown
2850,Plethodon sp.,NA,32,unknown
2950,Plethodon sp.,NA,52,female
2950,Plethodon sp.,NA,45,unknown
2950,Plethodon sp.,NA,43,unknown
2950,Plethodon sp.,NA,29,unknown
2950,Plethodon sp.,NA,NA,female
2950,Plethodon sp.,NA,42,unknown
2950,Plethodon sp.,NA,41,unknown
2950,Plethodon sp.,NA,NA,unknown
2950,Plethodon sp.,NA,43,unknown
2950,Plethodon sp.,NA,28,unknown
2950,Plethodon sp.,NA,28,unknown
2950,Plethodon sp.,NA,30,unknown
2950,Plethodon sp.,NA,34,unknown
2950,Plethodon sp.,NA,27,unknown
2950,Plethodon sp.,NA,26,unknown
2950,Plethodon sp.,NA,31,unknown
2950,Plethodon sp.,NA,27,unknown
2950,Plethodon sp.,NA,25,unknown
2950,Plethodon sp.,NA,43,unknown
2750,Plethodon sp.,NA,61,male
2750,Plethodon sp.,NA,64,female
2850,Plethodon sp.,NA,76,female
2850,Plethodon sp.,NA,65,female
2950,Plethodon sp.,NA,72,female
2950,Plethodon sp.,NA,56,male
2950,Plethodon sp.,NA,79,female
2950,Plethodon sp.,NA,60,male
2950,Plethodon sp.,NA,NA,female
2950,Plethodon sp.,NA,60,female
2950,Plethodon sp.,NA,65,male
2950,Plethodon sp.,NA,NA,unknown
2950,Plethodon sp.,NA,NA,unknown
2750,Plethodon sp.,NA,38,unknown
2750,Plethodon sp.,NA,NA,unknown
2750,Plethodon sp.,NA,33,unknown
2750,Plethodon sp.,NA,32,unknown
2750,Plethodon sp.,NA,36,unknown
2750,Plethodon sp.,NA,35,unknown
2750,Plethodon sp.,NA,53,female
2850,Plethodon sp.,NA,31,unknown
2850,Plethodon sp.,NA,34,unknown
2850,Plethodon sp.,NA,26,unknown
2850,Plethodon sp.,NA,32,unknown
2850,Plethodon sp.,NA,49,unknown
2850,Plethodon sp.,NA,32,unknown
2950,Plethodon sp.,NA,49,unknown
2950,Plethodon sp.,NA,50,female
2950,Plethodon sp.,NA,46,unknown
2950,Plethodon sp.,NA,43,unknown
2950,Plethodon sp.,NA,29,unknown
2950,Plethodon sp.,NA,45,unknown
2950,Plethodon sp.,NA,54,female
2950,Plethodon sp.,NA,NA,unknown
2950,Plethodon sp.,NA,47,unknown
2950,Plethodon sp.,NA,28,unknown
2950,Plethodon sp.,NA,NA,unknown
2950,Plethodon sp.,NA,25,unknown
2950,Plethodon sp.,NA,29,unknown
2950,Plethodon sp.,NA,NA,unknown
2950,Plethodon sp.,NA,28,unknown
2950,Plethodon sp.,NA,30,unknown
2950,Plethodon sp.,NA,28,unknown
2950,Plethodon sp.,NA,27,unknown
2950,Plethodon sp.,NA,29,unknown
2750,Plethodon sp.,NA,75,female
2750,Plethodon sp.,NA,74,female
2750,Plethodon sp.,NA,NA,unknown
2750,Plethodon sp.,NA,71,female
2850,Plethodon sp.,NA,NA,unknown
2850,Plethodon sp.,NA,70,female
2850,Plethodon sp.,NA,NA,female
2950,Plethodon sp.,NA,NA,female
2950,Plethodon sp.,NA,73,female
2950,Plethodon sp.,NA,NA,male
2950,Plethodon sp.,NA,66,male
2950,Plethodon sp.,NA,64,female
2950,Plethodon sp.,NA,67,male
2950,Plethodon sp.,NA,59,female
2950,Plethodon sp.,NA,66,female
2950,Plethodon sp.,NA,NA,female
2950,Plethodon sp.,NA,61,unknown
2750,Plethodon sp.,NA,32,unknown
2750,Plethodon sp.,NA,52,female
2750,Plethodon sp.,NA,35,unknown
2750,Plethodon sp.,NA,37,unknown
2750,Plethodon sp.,NA,37,unknown
2750,Plethodon sp.,NA,36,unknown
2750,Plethodon sp.,NA,34,unknown
2750,Plethodon sp.,NA,33,unknown
2850,Plethodon sp.,NA,52,unknown
2850,Plethodon sp.,NA,35,unknown
2850,Plethodon sp.,NA,45,unknown
2850,Plethodon sp.,NA,51,female
2850,Plethodon sp.,NA,36,unknown
2850,Plethodon sp.,NA,34,unknown
2850,Plethodon sp.,NA,30,unknown
2850,Plethodon sp.,NA,33,unknown
2850,Plethodon sp.,NA,32,unknown
2950,Plethodon sp.,NA,57,female
2950,Plethodon sp.,NA,54,female
2950,Plethodon sp.,NA,51,unknown
2950,Plethodon sp.,NA,47,unknown
2950,Plethodon sp.,NA,27,unknown
2950,Plethodon sp.,NA,31,unknown
2950,Plethodon sp.,NA,27,unknown
2950,Plethodon sp.,NA,47,unknown
2950,Plethodon sp.,NA,52,unknown
2950,Plethodon sp.,NA,38,unknown
2950,Plethodon sp.,NA,47,unknown
2950,Plethodon sp.,NA,44,unknown
2950,Plethodon sp.,NA,40,unknown
2950,Plethodon sp.,NA,29,unknown
2950,Plethodon sp.,NA,45,unknown
2950,Plethodon sp.,NA,30,unknown
2950,Plethodon sp.,NA,31,unknown
2750,Plethodon sp.,NA,58,female
2750,Plethodon sp.,NA,59,male
2750,Plethodon sp.,NA,71,female
2750,Plethodon sp.,NA,63,male
2850,Plethodon sp.,NA,67,female
2850,Plethodon sp.,NA,63,female
2950,Plethodon sp.,NA,72,female
2950,Plethodon sp.,NA,74,female
2950,Plethodon sp.,NA,63,male
2950,Plethodon sp.,NA,58,female
2950,Plethodon sp.,NA,65,female
2950,Plethodon sp.,NA,67,female
2950,Plethodon sp.,NA,62,female
2950,Plethodon sp.,NA,64,female
2950,Plethodon sp.,NA,75,female
2750,Plethodon sp.,NA,56,female
2750,Plethodon sp.,NA,33,unknown
2750,Plethodon sp.,NA,35,unknown
2750,Plethodon sp.,NA,39,unknown
2750,Plethodon sp.,NA,40,unknown
2750,Plethodon sp.,NA,38,unknown
2750,Plethodon sp.,NA,36,unknown
2750,Plethodon sp.,NA,36,unknown
2750,Plethodon sp.,NA,NA,unknown
2750,Plethodon sp.,NA,56,female
2750,Plethodon sp.,NA,44,unknown
2750,Plethodon sp.,NA,50,female
2750,Plethodon sp.,NA,34,unknown
2750,Plethodon sp.,NA,34,unknown
2750,Plethodon sp.,NA,51,female
2750,Plethodon sp.,NA,38,unknown
2850,Plethodon sp.,NA,36,unknown
2850,Plethodon sp.,NA,21,unknown
2850,Plethodon sp.,NA,32,unknown
2850,Plethodon sp.,NA,35,unknown
2850,Plethodon sp.,NA,35,unknown
2850,Plethodon sp.,NA,35,unknown
2850,Plethodon sp.,NA,NA,unknown
2850,Plethodon sp.,NA,48,unknown
2850,Plethodon sp.,NA,37,unknown
2850,Plethodon sp.,NA,33,unknown
2850,Plethodon sp.,NA,36,unknown
2850,Plethodon sp.,NA,33,unknown
2950,Plethodon sp.,NA,49,unknown
2950,Plethodon sp.,NA,39,unknown
2950,Plethodon sp.,NA,24,unknown
2950,Plethodon sp.,NA,50,unknown
2950,Plethodon sp.,NA,49,unknown
2950,Plethodon sp.,NA,26,unknown
2950,Plethodon sp.,NA,46,unknown
2950,Plethodon sp.,NA,41,unknown
2950,Plethodon sp.,NA,41,unknown
2950,Plethodon sp.,NA,45,unknown
2950,Plethodon sp.,NA,44,unknown
2950,Plethodon sp.,NA,46,unknown
2950,Plethodon sp.,NA,29,unknown
2950,Plethodon sp.,NA,29,unknown
2950,Plethodon sp.,NA,27,unknown
2950,Plethodon sp.,NA,44,unknown
2950,Plethodon sp.,NA,28,unknown
2950,Plethodon sp.,NA,NA,unknown
2950,Plethodon sp.,NA,27,unknown
2950,Plethodon sp.,NA,32,unknown
2950,Plethodon sp.,NA,32,unknown
2950,Plethodon sp.,NA,27,unknown
2950,Plethodon sp.,NA,28,unknown
2950,Plethodon sp.,NA,34,unknown
2950,Plethodon sp.,NA,25,unknown
2950,Plethodon sp.,NA,42,unknown
2950,Plethodon sp.,NA,39,unknown
2950,Plethodon sp.,NA,31,unknown
2950,Plethodon sp.,NA,29,unknown
2750,Plethodon sp.,NA,72,female
2750,Plethodon sp.,NA,81,male
2750,Plethodon sp.,NA,61,male
2750,Plethodon sp.,NA,61,female
2750,Plethodon sp.,NA,NA,unknown
2750,Plethodon sp.,NA,63,female
2750,Plethodon sp.,NA,55,male
2750,Plethodon sp.,NA,58,female
2750,Plethodon sp.,NA,72,male
2750,Plethodon sp.,NA,63,female
2750,Plethodon sp.,NA,70,female
2850,Plethodon sp.,NA,62,male
2850,Plethodon sp.,NA,69,female
2850,Plethodon sp.,NA,54,male
2850,Plethodon sp.,NA,55,male
2850,Plethodon sp.,NA,NA,unknown
2850,Plethodon sp.,NA,74,female
2850,Plethodon sp.,NA,68,male
2850,Plethodon sp.,NA,70,male
2850,Plethodon sp.,NA,62,female
2850,Plethodon sp.,NA,65,female
2850,Plethodon sp.,NA,57,male
2950,Plethodon sp.,NA,NA,female
2950,Plethodon sp.,NA,62,male
2950,Plethodon sp.,NA,74,female
2950,Plethodon sp.,NA,67,female
2950,Plethodon sp.,NA,70,female
2950,Plethodon sp.,NA,69,male
2950,Plethodon sp.,NA,64,female
2950,Plethodon sp.,NA,67,female
2950,Plethodon sp.,NA,61,female
2950,Plethodon sp.,NA,63,male
2950,Plethodon sp.,NA,59,male
2850,Plethodon sp.,NA,NA,unknown
2950,Plethodon sp.,NA,32,unknown
2950,Plethodon sp.,NA,27,unknown
2950,Plethodon sp.,NA,52,unknown
2950,Plethodon sp.,NA,30,unknown
2950,Plethodon sp.,NA,27,unknown
2950,Plethodon sp.,NA,30,unknown
2950,Plethodon sp.,NA,28,unknown
2750,Plethodon sp.,NA,66,male
2850,Plethodon sp.,NA,NA,female
2950,Plethodon sp.,NA,NA,female
2950,Plethodon sp.,NA,65,female
2950,Plethodon sp.,NA,63,female
2950,Plethodon sp.,NA,62,male
2950,Plethodon sp.,NA,NA,female
2950,Plethodon sp.,NA,67,male
2750,Plethodon sp.,NA,55,female
2750,Plethodon sp.,NA,20,unknown
2750,Plethodon sp.,NA,55,female
2750,Plethodon sp.,NA,20,unknown
2750,Plethodon sp.,NA,53,female
2750,Plethodon sp.,NA,39,unknown
2750,Plethodon sp.,NA,35,unknown
2750,Plethodon sp.,NA,56,female
2750,Plethodon sp.,NA,54,female
2750,Plethodon sp.,NA,57,female
2750,Plethodon sp.,NA,46,unknown
2750,Plethodon sp.,NA,42,unknown
2750,Plethodon sp.,NA,54,female
2750,Plethodon sp.,NA,40,unknown
2750,Plethodon sp.,NA,33,unknown
2750,Plethodon sp.,NA,35,unknown
2750,Plethodon sp.,NA,42,unknown
2750,Plethodon sp.,NA,37,unknown
2750,Plethodon sp.,NA,39,unknown
2750,Plethodon sp.,NA,35,unknown
2750,Plethodon sp.,NA,40,unknown
2850,Plethodon sp.,NA,50,unknown
2850,Plethodon sp.,NA,35,unknown
2850,Plethodon sp.,NA,43,unknown
2850,Plethodon sp.,NA,33,unknown
2850,Plethodon sp.,NA,40,unknown
2850,Plethodon sp.,NA,44,unknown
2850,Plethodon sp.,NA,27,unknown
2850,Plethodon sp.,NA,52,female
2850,Plethodon sp.,NA,35,unknown
2850,Plethodon sp.,NA,53,female
2850,Plethodon sp.,NA,52,female
2850,Plethodon sp.,NA,53,female
2850,Plethodon sp.,NA,39,unknown
2850,Plethodon sp.,NA,34,unknown
2850,Plethodon sp.,NA,18,unknown
2850,Plethodon sp.,NA,20,unknown
2850,Plethodon sp.,NA,44,unknown
2850,Plethodon sp.,NA,20,unknown
2850,Plethodon sp.,NA,41,unknown
2850,Plethodon sp.,NA,33,unknown
2950,Plethodon sp.,NA,51,unknown
2950,Plethodon sp.,NA,46,unknown
2950,Plethodon sp.,NA,42,unknown
2950,Plethodon sp.,NA,46,unknown
2950,Plethodon sp.,NA,47,unknown
2950,Plethodon sp.,NA,47,unknown
2950,Plethodon sp.,NA,17,unknown
2950,Plethodon sp.,NA,17,unknown
2950,Plethodon sp.,NA,19,unknown
2950,Plethodon sp.,NA,30,unknown
2950,Plethodon sp.,NA,30,unknown
2950,Plethodon sp.,NA,51,female
2950,Plethodon sp.,NA,53,unknown
2950,Plethodon sp.,NA,49,unknown
2950,Plethodon sp.,NA,53,unknown
2950,Plethodon sp.,NA,42,unknown
2950,Plethodon sp.,NA,43,unknown
2950,Plethodon sp.,NA,45,unknown
2950,Plethodon sp.,NA,44,unknown
2950,Plethodon sp.,NA,47,unknown
2950,Plethodon sp.,NA,22,unknown
2950,Plethodon sp.,NA,29,unknown
2950,Plethodon sp.,NA,29,unknown
2950,Plethodon sp.,NA,29,unknown
2950,Plethodon sp.,NA,32,unknown
2950,Plethodon sp.,NA,18,unknown
2950,Plethodon sp.,NA,36,unknown
2950,Plethodon sp.,NA,32,unknown
2950,Plethodon sp.,NA,40,unknown
2950,Plethodon sp.,NA,50,female
2750,Plethodon sp.,NA,65,male
2750,Plethodon sp.,NA,64,male
2750,Plethodon sp.,NA,68,male
2750,Plethodon sp.,NA,63,female
2750,Plethodon sp.,NA,55,male
2750,Plethodon sp.,NA,62,unknown
2750,Plethodon sp.,NA,75,male
2750,Plethodon sp.,NA,61,female
2750,Plethodon sp.,NA,68,female
2750,Plethodon sp.,NA,64,female
2750,Plethodon sp.,NA,62,female
2850,Plethodon sp.,NA,64,male
2850,Plethodon sp.,NA,60,male
2850,Plethodon sp.,NA,58,male
2850,Plethodon sp.,NA,57,male
2850,Plethodon sp.,NA,65,female
2850,Plethodon sp.,NA,58,female
2850,Plethodon sp.,NA,60,female
2850,Plethodon sp.,NA,69,male
2850,Plethodon sp.,NA,73,female
2850,Plethodon sp.,NA,64,female
2850,Plethodon sp.,NA,64,male
2850,Plethodon sp.,NA,58,female
2850,Plethodon sp.,NA,67,male
2850,Plethodon sp.,NA,58,female
2850,Plethodon sp.,NA,60,male
2850,Plethodon sp.,NA,73,female
2950,Plethodon sp.,NA,61,female
2950,Plethodon sp.,NA,65,female
2950,Plethodon sp.,NA,70,female
2950,Plethodon sp.,NA,63,female
2950,Plethodon sp.,NA,62,female
2950,Plethodon sp.,NA,60,male
2950,Plethodon sp.,NA,55,male
2950,Plethodon sp.,NA,68,female
2950,Plethodon sp.,NA,57,male
2950,Plethodon sp.,NA,62,female
2950,Plethodon sp.,NA,63,female
2950,Plethodon sp.,NA,73,female
2950,Plethodon sp.,NA,72,male
2950,Plethodon sp.,NA,67,female
2950,Plethodon sp.,NA,65,female
2950,Plethodon sp.,NA,73,female
2950,Plethodon sp.,NA,64,male
2950,Plethodon sp.,NA,64,female
2950,Plethodon sp.,NA,59,female
2950,Plethodon sp.,NA,66,male
2950,Plethodon sp.,NA,60,male
2950,Plethodon sp.,NA,65,female
2950,Plethodon sp.,NA,65,female
2750,Plethodon sp.,NA,53,female
2750,Plethodon sp.,NA,44,unknown
2750,Plethodon sp.,NA,42,unknown
2750,Plethodon sp.,NA,45,unknown
2750,Plethodon sp.,NA,53,female
2750,Plethodon sp.,NA,54,female
2750,Plethodon sp.,NA,NA,unknown
2750,Plethodon sp.,NA,54,female
2750,Plethodon sp.,NA,51,female
2750,Plethodon sp.,NA,22,unknown
2750,Plethodon sp.,NA,NA,unknown
2750,Plethodon sp.,NA,40,unknown
2850,Plethodon sp.,NA,35,unknown
2850,Plethodon sp.,NA,54,female
2850,Plethodon sp.,NA,20,unknown
2850,Plethodon sp.,NA,21,unknown
2850,Plethodon sp.,NA,35,unknown
2850,Plethodon sp.,NA,20,unknown
2850,Plethodon sp.,NA,40,unknown
2850,Plethodon sp.,NA,36,unknown
2850,Plethodon sp.,NA,35,unknown
2950,Plethodon sp.,NA,NA,unknown
2950,Plethodon sp.,NA,48,unknown
2950,Plethodon sp.,NA,44,unknown
2950,Plethodon sp.,NA,45,unknown
2950,Plethodon sp.,NA,NA,unknown
2950,Plethodon sp.,NA,NA,unknown
2950,Plethodon sp.,NA,NA,unknown
2950,Plethodon sp.,NA,53,female
2950,Plethodon sp.,NA,17,unknown
2950,Plethodon sp.,NA,19,unknown
2950,Plethodon sp.,NA,30,unknown
2950,Plethodon sp.,NA,NA,unknown
2950,Plethodon sp.,NA,NA,female
2950,Plethodon sp.,NA,NA,unknown
2950,Plethodon sp.,NA,57,female
2950,Plethodon sp.,NA,21,unknown
2950,Plethodon sp.,NA,20,unknown
2950,Plethodon sp.,NA,14,unknown
2950,Plethodon sp.,NA,NA,unknown
2950,Plethodon sp.,NA,NA,unknown
2950,Plethodon sp.,NA,31,unknown
2950,Plethodon sp.,NA,32,unknown
2950,Plethodon sp.,NA,NA,unknown
2950,Plethodon sp.,NA,32,unknown
2950,Plethodon sp.,NA,45,unknown
2750,Plethodon sp.,NA,65,female
2750,Plethodon sp.,NA,NA,male
2750,Plethodon sp.,NA,NA,unknown
2750,Plethodon sp.,NA,74,female
2750,Plethodon sp.,NA,82,female
2750,Plethodon sp.,NA,NA,unknown
2750,Plethodon sp.,NA,NA,unknown
2750,Plethodon sp.,NA,63,male
2750,Plethodon sp.,NA,61,unknown
2750,Plethodon sp.,NA,NA,male
2750,Plethodon sp.,NA,NA,female
2750,Plethodon sp.,NA,60,male
2750,Plethodon sp.,NA,67,female
2750,Plethodon sp.,NA,NA,female
2850,Plethodon sp.,NA,75,female
2850,Plethodon sp.,NA,60,female
2850,Plethodon sp.,NA,NA,unknown
2850,Plethodon sp.,NA,NA,female
2850,Plethodon sp.,NA,NA,male
2850,Plethodon sp.,NA,70,female
2850,Plethodon sp.,NA,63,female
2850,Plethodon sp.,NA,59,male
2850,Plethodon sp.,NA,60,male
2850,Plethodon sp.,NA,NA,unknown
2850,Plethodon sp.,NA,NA,unknown
2950,Plethodon sp.,NA,NA,female
2950,Plethodon sp.,NA,NA,female
2950,Plethodon sp.,NA,NA,female
2950,Plethodon sp.,NA,NA,female
2950,Plethodon sp.,NA,NA,female
2950,Plethodon sp.,NA,65,female
2950,Plethodon sp.,NA,54,male
2950,Plethodon sp.,NA,52,male
2950,Plethodon sp.,NA,NA,unknown
2950,Plethodon sp.,NA,65,female
2950,Plethodon sp.,NA,NA,unknown
2950,Plethodon sp.,NA,NA,female
2950,Plethodon sp.,NA,62,female
2950,Plethodon sp.,NA,63,male
2950,Plethodon sp.,NA,NA,male
2950,Plethodon sp.,NA,NA,female
2950,Plethodon sp.,NA,59,male
2950,Plethodon sp.,NA,NA,unknown
2950,Plethodon sp.,NA,59,female
2950,Plethodon sp.,NA,NA,male
2950,Plethodon sp.,NA,NA,female
2950,Plethodon sp.,NA,54,male
2950,Plethodon sp.,NA,NA,unknown
2950,Plethodon sp.,NA,NA,unknown
2950,Plethodon sp.,NA,NA,female
2750,Plethodon sp.,NA,25,unknown
2750,Plethodon sp.,NA,25,unknown
2750,Plethodon sp.,NA,24,unknown
2750,Plethodon sp.,NA,45,unknown
2750,Plethodon sp.,NA,36,unknown
2750,Plethodon sp.,NA,44,unknown
2750,Plethodon sp.,NA,21,unknown
2750,Plethodon sp.,NA,19,unknown
2750,Plethodon sp.,NA,20,unknown
2750,Plethodon sp.,NA,45,unknown
2750,Plethodon sp.,NA,20,unknown
2750,Plethodon sp.,NA,NA,unknown
2750,Plethodon sp.,NA,NA,unknown
2850,Plethodon sp.,NA,49,unknown
2850,Plethodon sp.,NA,NA,unknown
2850,Plethodon sp.,NA,21,unknown
2850,Plethodon sp.,NA,20,unknown
2850,Plethodon sp.,NA,44,unknown
2850,Plethodon sp.,NA,20,unknown
2850,Plethodon sp.,NA,NA,unknown
2850,Plethodon sp.,NA,33,unknown
2850,Plethodon sp.,NA,NA,unknown
2850,Plethodon sp.,NA,33,unknown
2850,Plethodon sp.,NA,NA,unknown
2850,Plethodon sp.,NA,31,unknown
2850,Plethodon sp.,NA,33,unknown
2850,Plethodon sp.,NA,23,unknown
2850,Plethodon sp.,NA,18,unknown
2850,Plethodon sp.,NA,21,unknown
2850,Plethodon sp.,NA,22,unknown
2850,Plethodon sp.,NA,22,unknown
2850,Plethodon sp.,NA,40,unknown
2850,Plethodon sp.,NA,NA,unknown
2850,Plethodon sp.,NA,NA,unknown
2850,Plethodon sp.,NA,34,unknown
2950,Plethodon sp.,NA,54,female
2950,Plethodon sp.,NA,50,unknown
2950,Plethodon sp.,NA,NA,unknown
2950,Plethodon sp.,NA,NA,unknown
2950,Plethodon sp.,NA,30,unknown
2950,Plethodon sp.,NA,29,unknown
2950,Plethodon sp.,NA,32,unknown
2950,Plethodon sp.,NA,34,unknown
2950,Plethodon sp.,NA,16,unknown
2950,Plethodon sp.,NA,21,unknown
2950,Plethodon sp.,NA,21,unknown
2950,Plethodon sp.,NA,20,unknown
2950,Plethodon sp.,NA,20,unknown
2950,Plethodon sp.,NA,NA,female
2950,Plethodon sp.,NA,51,male
2950,Plethodon sp.,NA,40,unknown
2950,Plethodon sp.,NA,NA,unknown
2950,Plethodon sp.,NA,44,unknown
2950,Plethodon sp.,NA,NA,unknown
2950,Plethodon sp.,NA,NA,unknown
2950,Plethodon sp.,NA,32,unknown
2950,Plethodon sp.,NA,19,unknown
2950,Plethodon sp.,NA,18,unknown
2950,Plethodon sp.,NA,34,unknown
2950,Plethodon sp.,NA,17,unknown
2950,Plethodon sp.,NA,20,unknown
2950,Plethodon sp.,NA,17,unknown
2950,Plethodon sp.,NA,19,unknown
2950,Plethodon sp.,NA,14,unknown
2950,Plethodon sp.,NA,21,unknown
2950,Plethodon sp.,NA,31,unknown
2950,Plethodon sp.,NA,20,unknown
2950,Plethodon sp.,NA,21,unknown
2950,Plethodon sp.,NA,31,unknown
2950,Plethodon sp.,NA,55,female
2750,Plethodon sp.,NA,70,female
2750,Plethodon sp.,NA,63,female
2750,Plethodon sp.,NA,NA,female
2750,Plethodon sp.,NA,NA,unknown
2750,Plethodon sp.,NA,NA,unknown
2750,Plethodon sp.,NA,NA,unknown
2750,Plethodon sp.,NA,NA,unknown
2750,Plethodon sp.,NA,NA,male
2750,Plethodon sp.,NA,NA,unknown
2750,Plethodon sp.,NA,64,male
2750,Plethodon sp.,NA,NA,unknown
2850,Plethodon sp.,NA,NA,unknown
2850,Plethodon sp.,NA,NA,female
2850,Plethodon sp.,NA,NA,unknown
2950,Plethodon sp.,NA,70,female
2950,Plethodon sp.,NA,67,female
2950,Plethodon sp.,NA,NA,female
2950,Plethodon sp.,NA,64,female
2950,Plethodon sp.,NA,NA,unknown
2950,Plethodon sp.,NA,NA,unknown
2950,Plethodon sp.,NA,NA,unknown
2950,Plethodon sp.,NA,70,female
2950,Plethodon sp.,NA,61,male
2950,Plethodon sp.,NA,64,female
2950,Plethodon sp.,NA,65,female
2950,Plethodon sp.,NA,63,male
2950,Plethodon sp.,NA,NA,unknown
2950,Plethodon sp.,NA,NA,unknown
2950,Plethodon sp.,NA,65,female
2950,Plethodon sp.,NA,60,female
2950,Plethodon sp.,NA,NA,unknown
2950,Plethodon sp.,NA,NA,unknown
2750,Plethodon sp.,NA,25,unknown
2750,Plethodon sp.,NA,56,female
2750,Plethodon sp.,NA,26,unknown
2750,Plethodon sp.,NA,36,unknown
2750,Plethodon sp.,NA,26,unknown
2750,Plethodon sp.,NA,27,unknown
2750,Plethodon sp.,NA,25,unknown
2750,Plethodon sp.,NA,28,unknown
2750,Plethodon sp.,NA,24,unknown
2750,Plethodon sp.,NA,23,unknown
2850,Plethodon sp.,NA,51,unknown
2850,Plethodon sp.,NA,22,unknown
2850,Plethodon sp.,NA,30,unknown
2850,Plethodon sp.,NA,27,unknown
2850,Plethodon sp.,NA,26,unknown
2850,Plethodon sp.,NA,24,unknown
2850,Plethodon sp.,NA,28,unknown
2850,Plethodon sp.,NA,32,unknown
2850,Plethodon sp.,NA,57,female
2850,Plethodon sp.,NA,43,unknown
2850,Plethodon sp.,NA,39,unknown
2850,Plethodon sp.,NA,55,female
2850,Plethodon sp.,NA,47,unknown
2850,Plethodon sp.,NA,24,unknown
2850,Plethodon sp.,NA,24,unknown
2850,Plethodon sp.,NA,24,unknown
2850,Plethodon sp.,NA,26,unknown
2850,Plethodon sp.,NA,23,unknown
2850,Plethodon sp.,NA,21,unknown
2850,Plethodon sp.,NA,24,unknown
2850,Plethodon sp.,NA,45,unknown
2850,Plethodon sp.,NA,46,unknown
2850,Plethodon sp.,NA,41,unknown
2950,Plethodon sp.,NA,52,unknown
2950,Plethodon sp.,NA,56,female
2950,Plethodon sp.,NA,44,unknown
2950,Plethodon sp.,NA,48,unknown
2950,Plethodon sp.,NA,41,unknown
2950,Plethodon sp.,NA,43,unknown
2950,Plethodon sp.,NA,38,unknown
2950,Plethodon sp.,NA,21,unknown
2950,Plethodon sp.,NA,42,unknown
2950,Plethodon sp.,NA,36,unknown
2950,Plethodon sp.,NA,37,unknown
2950,Plethodon sp.,NA,56,unknown
2950,Plethodon sp.,NA,55,female
2950,Plethodon sp.,NA,46,unknown
2950,Plethodon sp.,NA,51,female
2950,Plethodon sp.,NA,25,unknown
2950,Plethodon sp.,NA,36,unknown
2950,Plethodon sp.,NA,15,unknown
2950,Plethodon sp.,NA,41,unknown
2950,Plethodon sp.,NA,22,unknown
2950,Plethodon sp.,NA,25,unknown
2950,Plethodon sp.,NA,26,unknown
2950,Plethodon sp.,NA,NA,unknown
2950,Plethodon sp.,NA,36,unknown
2950,Plethodon sp.,NA,31,unknown
2950,Plethodon sp.,NA,40,unknown
2950,Plethodon sp.,NA,25,unknown
2950,Plethodon sp.,NA,41,unknown
2950,Plethodon sp.,NA,NA,unknown
2950,Plethodon sp.,NA,48,unknown
2750,Plethodon sp.,NA,65,female
2750,Plethodon sp.,NA,70,male
2850,Plethodon sp.,NA,66,female
2850,Plethodon sp.,NA,73,female
2850,Plethodon sp.,NA,65,male
2950,Plethodon sp.,NA,74,female
2950,Plethodon sp.,NA,56,male
2950,Plethodon sp.,NA,65,female
2950,Plethodon sp.,NA,62,male
2950,Plethodon sp.,NA,57,male
2950,Plethodon sp.,NA,70,female
2950,Plethodon sp.,NA,58,male
2950,Plethodon sp.,NA,60,female
2950,Plethodon sp.,NA,70,female
2950,Plethodon sp.,NA,65,female
2950,Plethodon sp.,NA,60,female
2950,Plethodon sp.,NA,63,female
2950,Plethodon sp.,NA,65,male
2950,Plethodon sp.,NA,62,female
2950,Plethodon sp.,NA,68,female
2950,Plethodon sp.,NA,65,female
2950,Plethodon sp.,NA,55,male
2950,Plethodon sp.,NA,60,female
2950,Plethodon sp.,NA,58,male
2950,Plethodon sp.,NA,52,male
2750,Plethodon sp.,NA,24,unknown
2750,Plethodon sp.,NA,30,unknown
2750,Plethodon sp.,NA,50,female
2750,Plethodon sp.,NA,29,unknown
2750,Plethodon sp.,NA,46,unknown
2750,Plethodon sp.,NA,41,unknown
2750,Plethodon sp.,NA,30,unknown
2750,Plethodon sp.,NA,29,unknown
2750,Plethodon sp.,NA,27,unknown
2850,Plethodon sp.,NA,45,unknown
2850,Plethodon sp.,NA,29,unknown
2850,Plethodon sp.,NA,25,unknown
2850,Plethodon sp.,NA,26,unknown
2850,Plethodon sp.,NA,27,unknown
2850,Plethodon sp.,NA,26,unknown
2850,Plethodon sp.,NA,27,unknown
2850,Plethodon sp.,NA,27,unknown
2850,Plethodon sp.,NA,NA,unknown
2850,Plethodon sp.,NA,NA,unknown
2850,Plethodon sp.,NA,27,unknown
2850,Plethodon sp.,NA,24,unknown
2850,Plethodon sp.,NA,26,unknown
2850,Plethodon sp.,NA,44,unknown
2850,Plethodon sp.,NA,43,unknown
2850,Plethodon sp.,NA,28,unknown
2950,Plethodon sp.,NA,48,unknown
2950,Plethodon sp.,NA,30,unknown
2950,Plethodon sp.,NA,35,unknown
2950,Plethodon sp.,NA,21,unknown
2950,Plethodon sp.,NA,NA,unknown
2950,Plethodon sp.,NA,NA,unknown
2950,Plethodon sp.,NA,35,unknown
2950,Plethodon sp.,NA,24,unknown
2950,Plethodon sp.,NA,32,unknown
2950,Plethodon sp.,NA,24,unknown
2950,Plethodon sp.,NA,NA,unknown
2950,Plethodon sp.,NA,48,unknown
2950,Plethodon sp.,NA,31,unknown
2950,Plethodon sp.,NA,25,unknown
2950,Plethodon sp.,NA,27,unknown
2950,Plethodon sp.,NA,22,unknown
2950,Plethodon sp.,NA,22,unknown
2950,Plethodon sp.,NA,25,unknown
2950,Plethodon sp.,NA,NA,unknown
2950,Plethodon sp.,NA,35,unknown
2950,Plethodon sp.,NA,NA,unknown
2750,Plethodon sp.,NA,68,female
2750,Plethodon sp.,NA,54,male
2850,Plethodon sp.,NA,58,female
2850,Plethodon sp.,NA,NA,female
2850,Plethodon sp.,NA,65,female
2850,Plethodon sp.,NA,NA,unknown
2850,Plethodon sp.,NA,NA,unknown
2950,Plethodon sp.,NA,66,female
2950,Plethodon sp.,NA,57,male
2950,Plethodon sp.,NA,57,male
2950,Plethodon sp.,NA,NA,male
2950,Plethodon sp.,NA,58,unknown
2950,Plethodon sp.,NA,NA,unknown
2950,Plethodon sp.,NA,NA,unknown
2950,Plethodon sp.,NA,55,male
2950,Plethodon sp.,NA,63,male
2950,Plethodon sp.,NA,58,female
2950,Plethodon sp.,NA,66,female
2950,Plethodon sp.,NA,68,female
2950,Plethodon sp.,NA,NA,unknown
2950,Plethodon sp.,NA,NA,unknown
2950,Plethodon sp.,NA,NA,unknown
2950,Plethodon sp.,NA,60,male
2950,Plethodon sp.,NA,76,female
2950,Plethodon sp.,NA,NA,unknown
2750,Plethodon sp.,NA,31,unknown
2750,Plethodon sp.,NA,NA,unknown
2750,Plethodon sp.,NA,NA,unknown
2750,Plethodon sp.,NA,27,unknown
2750,Plethodon sp.,NA,24,unknown
2750,Plethodon sp.,NA,NA,unknown
2750,Plethodon sp.,NA,NA,unknown
2750,Plethodon sp.,NA,NA,unknown
2750,Plethodon sp.,NA,27,unknown
2750,Plethodon sp.,NA,28,unknown
2750,Plethodon sp.,NA,25,unknown
2850,Plethodon sp.,NA,24,unknown
2850,Plethodon sp.,NA,NA,unknown
2850,Plethodon sp.,NA,NA,unknown
2850,Plethodon sp.,NA,27,unknown
2850,Plethodon sp.,NA,29,unknown
2850,Plethodon sp.,NA,41,unknown
2850,Plethodon sp.,NA,NA,unknown
2850,Plethodon sp.,NA,NA,unknown
2850,Plethodon sp.,NA,57,female
2850,Plethodon sp.,NA,26,unknown
2850,Plethodon sp.,NA,NA,unknown
2850,Plethodon sp.,NA,NA,unknown
2850,Plethodon sp.,NA,NA,unknown
2950,Plethodon sp.,NA,NA,unknown
2950,Plethodon sp.,NA,NA,unknown
2950,Plethodon sp.,NA,NA,unknown
2950,Plethodon sp.,NA,23,unknown
2950,Plethodon sp.,NA,22,unknown
2950,Plethodon sp.,NA,36,unknown
2950,Plethodon sp.,NA,NA,unknown
2950,Plethodon sp.,NA,36,unknown
2950,Plethodon sp.,NA,NA,unknown
2950,Plethodon sp.,NA,NA,unknown
2950,Plethodon sp.,NA,21,unknown
2950,Plethodon sp.,NA,27,unknown
2950,Plethodon sp.,NA,34,unknown
2950,Plethodon sp.,NA,43,unknown
2950,Plethodon sp.,NA,55,female
2950,Plethodon sp.,NA,27,unknown
2950,Plethodon sp.,NA,NA,unknown
2950,Plethodon sp.,NA,20,unknown
2950,Plethodon sp.,NA,26,unknown
2950,Plethodon sp.,NA,37,unknown
2950,Plethodon sp.,NA,34,unknown
2750,Plethodon sp.,NA,NA,female
2750,Plethodon sp.,NA,67,male
2750,Plethodon sp.,NA,61,female
2850,Plethodon sp.,NA,75,female
2850,Plethodon sp.,NA,64,male
2950,Plethodon sp.,NA,71,female
2950,Plethodon sp.,NA,NA,unknown
2950,Plethodon sp.,NA,NA,female
2750,Plethodon sp.,NA,56,female
2750,Plethodon sp.,NA,40,unknown
2750,Plethodon sp.,NA,37,unknown
2750,Plethodon sp.,NA,47,unknown
2750,Plethodon sp.,NA,47,unknown
2750,Plethodon sp.,NA,32,unknown
2750,Plethodon sp.,NA,36,unknown
2750,Plethodon sp.,NA,38,unknown
2750,Plethodon sp.,NA,34,unknown
2750,Plethodon sp.,NA,51,female
2850,Plethodon sp.,NA,56,female
2850,Plethodon sp.,NA,55,female
2850,Plethodon sp.,NA,36,unknown
2850,Plethodon sp.,NA,32,unknown
2850,Plethodon sp.,NA,31,unknown
2850,Plethodon sp.,NA,32,unknown
2850,Plethodon sp.,NA,35,unknown
2850,Plethodon sp.,NA,35,unknown
2850,Plethodon sp.,NA,33,unknown
2850,Plethodon sp.,NA,50,unknown
2850,Plethodon sp.,NA,34,unknown
2850,Plethodon sp.,NA,37,unknown
2850,Plethodon sp.,NA,33,unknown
2850,Plethodon sp.,NA,35,unknown
2850,Plethodon sp.,NA,50,unknown
2850,Plethodon sp.,NA,35,unknown
2850,Plethodon sp.,NA,35,unknown
2850,Plethodon sp.,NA,43,unknown
2850,Plethodon sp.,NA,34,unknown
2850,Plethodon sp.,NA,35,unknown
2850,Plethodon sp.,NA,33,unknown
2850,Plethodon sp.,NA,33,unknown
2850,Plethodon sp.,NA,56,female
2850,Plethodon sp.,NA,37,unknown
2850,Plethodon sp.,NA,37,unknown
2850,Plethodon sp.,NA,31,unknown
2850,Plethodon sp.,NA,32,unknown
2850,Plethodon sp.,NA,33,unknown
2850,Plethodon sp.,NA,56,female
2850,Plethodon sp.,NA,48,unknown
2850,Plethodon sp.,NA,31,unknown
2850,Plethodon sp.,NA,44,unknown
2850,Plethodon sp.,NA,32,unknown
2850,Plethodon sp.,NA,45,unknown
2850,Plethodon sp.,NA,45,unknown
2950,Plethodon sp.,NA,53,unknown
2950,Plethodon sp.,NA,57,unknown
2950,Plethodon sp.,NA,46,unknown
2950,Plethodon sp.,NA,43,unknown
2950,Plethodon sp.,NA,52,female
2950,Plethodon sp.,NA,30,unknown
2950,Plethodon sp.,NA,24,unknown
2950,Plethodon sp.,NA,43,unknown
2950,Plethodon sp.,NA,42,unknown
2950,Plethodon sp.,NA,36,unknown
2950,Plethodon sp.,NA,40,unknown
2950,Plethodon sp.,NA,52,unknown
2950,Plethodon sp.,NA,52,female
2950,Plethodon sp.,NA,57,female
2950,Plethodon sp.,NA,51,male
2950,Plethodon sp.,NA,25,unknown
2950,Plethodon sp.,NA,25,unknown
2950,Plethodon sp.,NA,30,unknown
2950,Plethodon sp.,NA,25,unknown
2950,Plethodon sp.,NA,27,unknown
2950,Plethodon sp.,NA,49,unknown
2950,Plethodon sp.,NA,29,unknown
2950,Plethodon sp.,NA,27,unknown
2950,Plethodon sp.,NA,56,female
2950,Plethodon sp.,NA,28,unknown
2950,Plethodon sp.,NA,31,unknown
2950,Plethodon sp.,NA,45,unknown
2950,Plethodon sp.,NA,51,male
2950,Plethodon sp.,NA,50,female
2750,Plethodon sp.,NA,62,female
2750,Plethodon sp.,NA,67,male
2750,Plethodon sp.,NA,59,female
2750,Plethodon sp.,NA,66,male
2750,Plethodon sp.,NA,73,female
2750,Plethodon sp.,NA,63,unknown
2750,Plethodon sp.,NA,66,male
2750,Plethodon sp.,NA,67,female
2750,Plethodon sp.,NA,67,female
2750,Plethodon sp.,NA,73,female
2750,Plethodon sp.,NA,67,male
2750,Plethodon sp.,NA,70,female
2750,Plethodon sp.,NA,67,male
2750,Plethodon sp.,NA,57,male
2750,Plethodon sp.,NA,65,male
2850,Plethodon sp.,NA,73,female
2850,Plethodon sp.,NA,78,female
2850,Plethodon sp.,NA,65,male
2850,Plethodon sp.,NA,74,female
2850,Plethodon sp.,NA,64,male
2850,Plethodon sp.,NA,63,male
2850,Plethodon sp.,NA,62,male
2850,Plethodon sp.,NA,60,male
2850,Plethodon sp.,NA,70,female
2850,Plethodon sp.,NA,68,female
2850,Plethodon sp.,NA,63,male
2850,Plethodon sp.,NA,66,male
2950,Plethodon sp.,NA,68,female
2950,Plethodon sp.,NA,55,male
2950,Plethodon sp.,NA,60,male
2950,Plethodon sp.,NA,65,male
2950,Plethodon sp.,NA,63,female
2950,Plethodon sp.,NA,66,female
2950,Plethodon sp.,NA,55,male
2950,Plethodon sp.,NA,53,male
2950,Plethodon sp.,NA,59,male
2950,Plethodon sp.,NA,59,female
2950,Plethodon sp.,NA,65,male
2950,Plethodon sp.,NA,70,female
2950,Plethodon sp.,NA,60,male
2950,Plethodon sp.,NA,52,male
2950,Plethodon sp.,NA,53,male
2750,Plethodon sp.,NA,35,unknown
2750,Plethodon sp.,NA,57,female
2750,Plethodon sp.,NA,38,unknown
2750,Plethodon sp.,NA,NA,unknown
2750,Plethodon sp.,NA,50,female
2750,Plethodon sp.,NA,50,unknown
2850,Plethodon sp.,NA,33,unknown
2850,Plethodon sp.,NA,33,unknown
2850,Plethodon sp.,NA,54,female
2850,Plethodon sp.,NA,NA,unknown
2850,Plethodon sp.,NA,48,unknown
2850,Plethodon sp.,NA,34,unknown
2850,Plethodon sp.,NA,NA,unknown
2850,Plethodon sp.,NA,50,female
2850,Plethodon sp.,NA,NA,unknown
2850,Plethodon sp.,NA,NA,unknown
2850,Plethodon sp.,NA,NA,unknown
2850,Plethodon sp.,NA,33,unknown
2850,Plethodon sp.,NA,35,unknown
2850,Plethodon sp.,NA,34,unknown
2850,Plethodon sp.,NA,51,unknown
2850,Plethodon sp.,NA,35,unknown
2850,Plethodon sp.,NA,37,unknown
2850,Plethodon sp.,NA,32,unknown
2850,Plethodon sp.,NA,48,unknown
2850,Plethodon sp.,NA,NA,unknown
2850,Plethodon sp.,NA,47,unknown
2850,Plethodon sp.,NA,52,female
2950,Plethodon sp.,NA,35,unknown
2950,Plethodon sp.,NA,36,unknown
2950,Plethodon sp.,NA,29,unknown
2950,Plethodon sp.,NA,30,unknown
2950,Plethodon sp.,NA,54,female
2950,Plethodon sp.,NA,51,female
2950,Plethodon sp.,NA,49,unknown
2950,Plethodon sp.,NA,46,unknown
2950,Plethodon sp.,NA,53,unknown
2950,Plethodon sp.,NA,46,unknown
2950,Plethodon sp.,NA,39,unknown
2950,Plethodon sp.,NA,27,unknown
2950,Plethodon sp.,NA,42,unknown
2950,Plethodon sp.,NA,39,unknown
2950,Plethodon sp.,NA,44,unknown
2950,Plethodon sp.,NA,57,female
2950,Plethodon sp.,NA,NA,unknown
2950,Plethodon sp.,NA,NA,unknown
2950,Plethodon sp.,NA,NA,unknown
2950,Plethodon sp.,NA,39,unknown
2950,Plethodon sp.,NA,42,unknown
2950,Plethodon sp.,NA,45,unknown
2750,Plethodon sp.,NA,62,male
2750,Plethodon sp.,NA,79,male
2750,Plethodon sp.,NA,67,female
2750,Plethodon sp.,NA,62,female
2750,Plethodon sp.,NA,NA,female
2750,Plethodon sp.,NA,64,male
2750,Plethodon sp.,NA,NA,female
2750,Plethodon sp.,NA,NA,female
2750,Plethodon sp.,NA,NA,unknown
2750,Plethodon sp.,NA,71,male
2750,Plethodon sp.,NA,64,female
2850,Plethodon sp.,NA,NA,unknown
2850,Plethodon sp.,NA,NA,unknown
2850,Plethodon sp.,NA,NA,unknown
2850,Plethodon sp.,NA,NA,unknown
2850,Plethodon sp.,NA,NA,unknown
2850,Plethodon sp.,NA,63,male
2850,Plethodon sp.,NA,73,female
2850,Plethodon sp.,NA,64,female
2850,Plethodon sp.,NA,NA,male
2850,Plethodon sp.,NA,NA,female
2850,Plethodon sp.,NA,70,male
2850,Plethodon sp.,NA,NA,unknown
2850,Plethodon sp.,NA,NA,unknown
2950,Plethodon sp.,NA,60,male
2950,Plethodon sp.,NA,69,female
2950,Plethodon sp.,NA,67,female
2950,Plethodon sp.,NA,60,female
2950,Plethodon sp.,NA,55,male
2950,Plethodon sp.,NA,NA,unknown
2950,Plethodon sp.,NA,NA,male
2950,Plethodon sp.,NA,55,male
2950,Plethodon sp.,NA,61,male
2950,Plethodon sp.,NA,NA,female
2950,Plethodon sp.,NA,NA,male
2950,Plethodon sp.,NA,NA,unknown
2950,Plethodon sp.,NA,NA,male
2950,Plethodon sp.,NA,66,female
2950,Plethodon sp.,NA,NA,unknown
2950,Plethodon sp.,NA,57,female
2950,Plethodon sp.,NA,58,male
2950,Plethodon sp.,NA,66,female
2950,Plethodon sp.,NA,66,male
2950,Plethodon sp.,NA,68,male
2750,Plethodon sp.,NA,51,female
2750,Plethodon sp.,NA,36,unknown
2750,Plethodon sp.,NA,49,unknown
2750,Plethodon sp.,NA,36,unknown
2750,Plethodon sp.,NA,NA,unknown
2750,Plethodon sp.,NA,NA,unknown
2750,Plethodon sp.,NA,48,unknown
2750,Plethodon sp.,NA,47,unknown
2750,Plethodon sp.,NA,50,female
2750,Plethodon sp.,NA,31,unknown
2750,Plethodon sp.,NA,31,unknown
2750,Plethodon sp.,NA,NA,male
2750,Plethodon sp.,NA,37,unknown
2750,Plethodon sp.,NA,33,unknown
2750,Plethodon sp.,NA,NA,unknown
2750,Plethodon sp.,NA,NA,female
2750,Plethodon sp.,NA,50,female
2850,Plethodon sp.,NA,57,unknown
2850,Plethodon sp.,NA,NA,unknown
2850,Plethodon sp.,NA,36,unknown
2850,Plethodon sp.,NA,30,unknown
2850,Plethodon sp.,NA,57,female
2850,Plethodon sp.,NA,NA,unknown
2850,Plethodon sp.,NA,45,unknown
2850,Plethodon sp.,NA,NA,unknown
2850,Plethodon sp.,NA,NA,unknown
2850,Plethodon sp.,NA,NA,unknown
2850,Plethodon sp.,NA,NA,unknown
2850,Plethodon sp.,NA,NA,unknown
2850,Plethodon sp.,NA,NA,unknown
2850,Plethodon sp.,NA,47,unknown
2950,Plethodon sp.,NA,NA,unknown
2950,Plethodon sp.,NA,NA,unknown
2950,Plethodon sp.,NA,NA,unknown
2950,Plethodon sp.,NA,NA,unknown
2950,Plethodon sp.,NA,44,unknown
2950,Plethodon sp.,NA,50,female
2950,Plethodon sp.,NA,26,unknown
2950,Plethodon sp.,NA,NA,female
2950,Plethodon sp.,NA,33,unknown
2950,Plethodon sp.,NA,33,unknown
2950,Plethodon sp.,NA,NA,unknown
2950,Plethodon sp.,NA,54,female
2950,Plethodon sp.,NA,47,unknown
2950,Plethodon sp.,NA,25,unknown
2950,Plethodon sp.,NA,27,unknown
2950,Plethodon sp.,NA,37,unknown
2950,Plethodon sp.,NA,37,unknown
2950,Plethodon sp.,NA,41,unknown
2950,Plethodon sp.,NA,41,unknown
2950,Plethodon sp.,NA,NA,unknown
2950,Plethodon sp.,NA,57,female
2950,Plethodon sp.,NA,30,unknown
2950,Plethodon sp.,NA,NA,unknown
2950,Plethodon sp.,NA,50,female
2950,Plethodon sp.,NA,NA,unknown
2950,Plethodon sp.,NA,41,unknown
2950,Plethodon sp.,NA,39,unknown
2750,Plethodon sp.,NA,NA,unknown
2750,Plethodon sp.,NA,NA,unknown
2750,Plethodon sp.,NA,67,female
2750,Plethodon sp.,NA,62,female
2750,Plethodon sp.,NA,65,male
2750,Plethodon sp.,NA,NA,unknown
2750,Plethodon sp.,NA,NA,unknown
2750,Plethodon sp.,NA,61,male
2750,Plethodon sp.,NA,NA,male
2750,Plethodon sp.,NA,NA,female
2750,Plethodon sp.,NA,NA,female
2750,Plethodon sp.,NA,65,male
2750,Plethodon sp.,NA,NA,unknown
2750,Plethodon sp.,NA,NA,male
2850,Plethodon sp.,NA,66,male
2850,Plethodon sp.,NA,NA,unknown
2850,Plethodon sp.,NA,61,male
2850,Plethodon sp.,NA,71,male
2850,Plethodon sp.,NA,NA,unknown
2850,Plethodon sp.,NA,70,female
2850,Plethodon sp.,NA,72,female
2850,Plethodon sp.,NA,NA,unknown
2850,Plethodon sp.,NA,69,male
2850,Plethodon sp.,NA,63,male
2850,Plethodon sp.,NA,NA,female
2850,Plethodon sp.,NA,68,male
2850,Plethodon sp.,NA,NA,unknown
2950,Plethodon sp.,NA,NA,unknown
2950,Plethodon sp.,NA,NA,female
2950,Plethodon sp.,NA,NA,female
2950,Plethodon sp.,NA,NA,male
2950,Plethodon sp.,NA,NA,female
2950,Plethodon sp.,NA,NA,female
2950,Plethodon sp.,NA,55,male
2950,Plethodon sp.,NA,NA,female
2950,Plethodon sp.,NA,NA,unknown
2950,Plethodon sp.,NA,NA,unknown
2950,Plethodon sp.,NA,NA,unknown
2950,Plethodon sp.,NA,NA,unknown
2950,Plethodon sp.,NA,68,male
2950,Plethodon sp.,NA,NA,female
2950,Plethodon sp.,NA,66,male
2950,Plethodon sp.,NA,NA,male
2950,Plethodon sp.,NA,71,female
2950,Plethodon sp.,NA,NA,unknown
2950,Plethodon sp.,NA,75,female
2950,Plethodon sp.,NA,70,female
WS1,Plethodon sp.,NA,55,female
WS1,Plethodon sp.,NA,NA,male
WS10R,Plethodon sp.,NA,48,female
WS10R,Plethodon sp.,NA,49,female
WS10R,Plethodon sp.,NA,52,female
WS10R,Plethodon sp.,NA,NA,male
WS10R,Plethodon sp.,NA,NA,juvenile
WS10R,Plethodon sp.,NA,NA,juvenile
WS10R,Plethodon sp.,NA,NA,male
WS10R,Plethodon sp.,NA,63,male
WS10R,Plethodon sp.,NA,NA,female
WS10R,Plethodon sp.,NA,NA,male
WS10R,Plethodon sp.,NA,51,female
WS10M,Plethodon sp.,NA,55,female
WS10R,Plethodon sp.,NA,57,female
WS10M,Plethodon sp.,NA,58,female
WS10R,Plethodon sp.,NA,72,female
WS10R,Plethodon sp.,NA,NA,unknown
WS10R,Plethodon sp.,NA,NA,unknown
WS7R,Plethodon sp.,NA,NA,male
WS7R,Plethodon sp.,NA,80,female
WS10M,Plethodon sp.,NA,NA,juvenile
WS10M,Plethodon sp.,NA,67,female
WS7R,Plethodon sp.,NA,NA,juvenile
WS7R,Plethodon sp.,NA,NA,unknown
WS10M,Plethodon sp.,NA,NA,female
WS10M,Plethodon sp.,NA,NA,juvenile
WS1,Plethodon sp.,NA,65,female
WS10R,Plethodon sp.,NA,NA,juvenile
WS10M,Plethodon sp.,NA,60,female
WS10M,Plethodon sp.,NA,NA,juvenile
WS40R,Plethodon sp.,NA,NA,juvenile
WS36R,Plethodon sp.,NA,NA,juvenile
WS36R,Plethodon sp.,NA,NA,female
WS36R,Plethodon sp.,NA,NA,juvenile
WS36R,Plethodon sp.,NA,NA,juvenile
WS36R,Plethodon sp.,NA,NA,juvenile
WS36R,Plethodon sp.,NA,NA,male
WS36R,Plethodon sp.,NA,NA,juvenile
WS36M,Plethodon sp.,NA,NA,female
WS40C,Plethodon sp.,NA,NA,unknown
WS40C,Plethodon sp.,NA,NA,juvenile
WS40M,Plethodon sp.,NA,NA,juvenile
WS40M,Plethodon sp.,NA,NA,female
WS40M,Plethodon sp.,NA,NA,juvenile
WS40M,Plethodon sp.,NA,NA,female
WS40M,Plethodon sp.,NA,NA,female
WS40M,Plethodon sp.,NA,NA,unknown
WS40M,Plethodon sp.,NA,NA,female
WS7C,Plethodon sp.,NA,NA,unknown
WS7C,Plethodon sp.,NA,NA,unknown
WS36M,Plethodon sp.,NA,43,juvenile
WS36M,Plethodon sp.,NA,51,female
WS36M,Plethodon sp.,NA,54,female
WS7C,Plethodon sp.,NA,65,female
WS7C,Plethodon sp.,NA,68,female
WS36M,Plethodon sp.,NA,70,female
WS10C,Plethodon sp.,NA,90,female
WS7C,Plethodon sp.,NA,NA,juvenile
WS7C,Plethodon sp.,NA,NA,juvenile
WS7C,Plethodon sp.,NA,NA,juvenile
WS36M,Plethodon sp.,NA,NA,juvenile
WS36M,Plethodon sp.,NA,NA,female
WS36M,Plethodon sp.,NA,NA,female
WS36M,Plethodon sp.,NA,NA,juvenile
WS36M,Plethodon sp.,NA,NA,juvenile
WS36M,Plethodon sp.,NA,NA,juvenile
WS40R,Plethodon sp.,NA,NA,juvenile
WS40R,Plethodon sp.,NA,43,juvenile
WS40R,Plethodon sp.,NA,53,female
WS40R,Plethodon sp.,NA,50,female
WS40R,Plethodon sp.,NA,52,female
WS40R,Plethodon sp.,NA,NA,unknown
WS40R,Plethodon sp.,NA,NA,juvenile
WS36R,Plethodon sp.,NA,43,juvenile
WS36R,Plethodon sp.,NA,43,juvenile
WS36R,Plethodon sp.,NA,54,female
WS40R,Plethodon sp.,NA,NA,unknown
WS40M,Plethodon sp.,NA,52,female
WS40C,Plethodon sp.,NA,NA,male
WS40C,Plethodon sp.,NA,NA,juvenile
WS40M,Plethodon sp.,NA,NA,male
WS40M,Plethodon sp.,NA,NA,juvenile
WS36M,Plethodon sp.,NA,40,juvenile
WS36M,Plethodon sp.,NA,43,juvenile
WS36M,Plethodon sp.,NA,50,female
WS36M,Plethodon sp.,NA,55,female
WS7C,Plethodon sp.,NA,NA,juvenile
WS36M,Plethodon sp.,NA,NA,juvenile
WS36M,Plethodon sp.,NA,NA,unknown
WS36M,Plethodon sp.,NA,NA,juvenile
WS36M,Plethodon sp.,NA,NA,juvenile
WS40C,Plethodon sp.,NA,NA,male
WS40C,Plethodon sp.,NA,NA,juvenile
WS40C,Plethodon sp.,NA,NA,unknown
WS36R,Plethodon sp.,NA,50,female
WS36R,Plethodon sp.,NA,NA,juvenile
WS40M,Plethodon sp.,NA,54,female
WS40M,Plethodon sp.,NA,55,female
WSXR,Plethodon sp.,NA,NA,juvenile
WSXR,Plethodon sp.,NA,NA,juvenile
WSXR,Plethodon sp.,NA,NA,juvenile
WSXR,Plethodon sp.,NA,NA,juvenile
WSXC,Plethodon sp.,NA,NA,juvenile
WSXC,Plethodon sp.,NA,NA,juvenile
WSXC,Plethodon sp.,NA,NA,juvenile
WSXC,Plethodon sp.,NA,NA,juvenile
WSXC,Plethodon sp.,NA,NA,juvenile
WSXC,Plethodon sp.,NA,NA,female
WSXC,Plethodon sp.,NA,50,female
WSXC,Plethodon sp.,NA,57,female
WSXM,Plethodon sp.,NA,61,female
WSXM,Plethodon sp.,NA,NA,juvenile
WSXM,Plethodon sp.,NA,NA,juvenile
WSXM,Plethodon sp.,NA,NA,juvenile
WSXC,Plethodon sp.,NA,60,female
WSXC,Plethodon sp.,NA,69,female
WSXC,Plethodon sp.,NA,NA,juvenile
WSXC,Plethodon sp.,NA,NA,juvenile
WSXC,Plethodon sp.,NA,NA,juvenile
WSXC,Plethodon sp.,NA,NA,juvenile
WSXC,Plethodon sp.,NA,55,female
WSXC,Plethodon sp.,NA,55,female
WSXC,Plethodon sp.,NA,NA,juvenile
WSXC,Plethodon sp.,NA,NA,juvenile
WSXC,Plethodon sp.,NA,NA,juvenile
WSXC,Plethodon sp.,NA,NA,juvenile
WSXM,Plethodon sp.,NA,62,female
WSXM,Plethodon sp.,NA,NA,female
WSXM,Plethodon sp.,NA,NA,female
WSXM,Plethodon sp.,NA,NA,juvenile
WSXM,Plethodon sp.,NA,NA,male
WSXM,Plethodon sp.,NA,NA,female
WSXM,Plethodon sp.,NA,66,female
WSXM,Plethodon sp.,NA,NA,female
WSXM,Plethodon sp.,NA,NA,juvenile
WSXM,Plethodon sp.,NA,NA,juvenile
WSXM,Plethodon sp.,NA,NA,juvenile
WSXM,Plethodon sp.,NA,NA,juvenile
WSXM,Plethodon sp.,NA,64,female
WSXM,Plethodon sp.,NA,65,female
WS27C,Plethodon sp.,NA,65,female
WS27C,Plethodon sp.,NA,NA,juvenile
WS27C,Plethodon sp.,NA,NA,juvenile
WS27C,Plethodon sp.,NA,NA,male
WSXC,Plethodon sp.,NA,NA,juvenile
WSXM,Plethodon sp.,NA,NA,female
WSXM,Plethodon sp.,NA,NA,female
WS27C,Plethodon sp.,NA,NA,female
WS27C,Plethodon sp.,NA,NA,juvenile
WS27C,Plethodon sp.,NA,NA,juvenile
WS27C,Plethodon sp.,NA,NA,juvenile
WS27C,Plethodon sp.,NA,69,female
WS27C,Plethodon sp.,NA,70,female
WS27C,Plethodon sp.,NA,NA,male
WS27C,Plethodon sp.,NA,NA,juvenile
WS27C,Plethodon sp.,NA,NA,female
WS27C,Plethodon sp.,NA,NA,juvenile
WS27C,Plethodon sp.,NA,NA,juvenile
WS27C,Plethodon sp.,NA,NA,juvenile
WS27C,Plethodon sp.,NA,NA,juvenile
WS27C,Plethodon sp.,NA,NA,juvenile
WS27C,Plethodon sp.,NA,NA,juvenile
WS27C,Plethodon sp.,NA,NA,juvenile
WS27C,Plethodon sp.,NA,53,female
WS27C,Plethodon sp.,NA,NA,juvenile
WS27C,Plethodon sp.,NA,NA,juvenile
WS27C,Plethodon sp.,NA,NA,juvenile
WSXR,Plethodon sp.,NA,63,female
WSXR,Plethodon sp.,NA,NA,juvenile
WSXR,Plethodon sp.,NA,NA,juvenile
WSXR,Plethodon sp.,NA,NA,male
WSXR,Plethodon sp.,NA,NA,juvenile
WSXR,Plethodon sp.,NA,NA,male
WSXR,Plethodon sp.,NA,NA,juvenile
WSXR,Plethodon sp.,NA,65,female
WSXR,Plethodon sp.,NA,NA,juvenile
WSXR,Plethodon sp.,NA,NA,juvenile
WSXR,Plethodon sp.,NA,NA,juvenile
WSXR,Plethodon sp.,NA,NA,juvenile
WSXR,Plethodon sp.,NA,NA,juvenile
WSXR,Plethodon sp.,NA,NA,juvenile
WSXR,Plethodon sp.,NA,NA,juvenile
WSXR,Plethodon sp.,NA,NA,female
WSXR,Plethodon sp.,NA,NA,male
WSXR,Plethodon sp.,NA,65,female
WSXR,Plethodon sp.,NA,67,female
WSXR,Plethodon sp.,NA,NA,juvenile
WSXR,Plethodon sp.,NA,NA,juvenile
WSXR,Plethodon sp.,NA,NA,juvenile
WSXR,Plethodon sp.,NA,NA,juvenile
WSXR,Plethodon sp.,NA,NA,juvenile
WSXR,Plethodon sp.,NA,NA,juvenile
WSXR,Plethodon sp.,NA,NA,male
WSXR,Plethodon sp.,NA,NA,female
WSXR,Plethodon sp.,NA,NA,juvenile
WSXR,Plethodon sp.,NA,NA,juvenile
WSXR,Plethodon sp.,NA,NA,juvenile
WSXR,Plethodon sp.,NA,NA,juvenile
WSXR,Plethodon sp.,NA,NA,juvenile
WSXR,Plethodon sp.,NA,NA,juvenile
WSXR,Plethodon sp.,NA,NA,juvenile
WSXR,Plethodon sp.,NA,NA,juvenile
WSXR,Plethodon sp.,NA,NA,juvenile
WSXR,Plethodon sp.,NA,NA,juvenile
WSXR,Plethodon sp.,NA,NA,female
WSXR,Plethodon sp.,NA,NA,juvenile
WSXR,Plethodon sp.,NA,NA,juvenile
WSXR,Plethodon sp.,NA,NA,juvenile
WSXR,Plethodon sp.,NA,62,female
WSXR,Plethodon sp.,NA,NA,juvenile
WSXR,Plethodon sp.,NA,NA,juvenile
WSXR,Plethodon sp.,NA,NA,juvenile
WSXR,Plethodon sp.,NA,NA,juvenile
WSXR,Plethodon sp.,NA,NA,juvenile
WSXR,Plethodon sp.,NA,NA,juvenile
WSXR,Plethodon sp.,NA,NA,juvenile
WSXR,Plethodon sp.,NA,NA,juvenile
WSXR,Plethodon sp.,NA,NA,unknown
WSXR,Plethodon sp.,NA,NA,unknown
WS6M,Plethodon sp.,NA,50,female
WS18C,Plethodon sp.,NA,NA,male
WS6M,Plethodon sp.,NA,57,female
WS18C,Plethodon sp.,NA,NA,juvenile
WS27R,Plethodon sp.,NA,NA,juvenile
WS18C,Plethodon sp.,NA,NA,female
WS6M,Plethodon sp.,NA,NA,juvenile
WS6M,Plethodon sp.,NA,NA,juvenile
WS18C,Plethodon sp.,NA,NA,juvenile
WS18R,Plethodon sp.,NA,50,female
WS18R,Plethodon sp.,NA,55,female
WS27C,Plethodon sp.,NA,61,female
WS27C,Plethodon sp.,NA,NA,female
WS27C,Plethodon sp.,NA,NA,juvenile
WS27C,Plethodon sp.,NA,NA,juvenile
WS27C,Plethodon sp.,NA,NA,juvenile
WS27C,Plethodon sp.,NA,NA,juvenile
WS27C,Plethodon sp.,NA,NA,juvenile
WS27C,Plethodon sp.,NA,NA,male
WS27C,Plethodon sp.,NA,NA,male
WS27C,Plethodon sp.,NA,NA,female
WS27C,Plethodon sp.,NA,NA,juvenile
WS27C,Plethodon sp.,NA,NA,male
WS27C,Plethodon sp.,NA,NA,juvenile
WS27C,Plethodon sp.,NA,NA,male
WS27C,Plethodon sp.,NA,NA,female
WS27C,Plethodon sp.,NA,NA,juvenile
WS27C,Plethodon sp.,NA,NA,juvenile
WS27C,Plethodon sp.,NA,NA,juvenile
WS27C,Plethodon sp.,NA,NA,juvenile
WS27C,Plethodon sp.,NA,NA,male
WS27C,Plethodon sp.,NA,NA,juvenile
WS27C,Plethodon sp.,NA,NA,juvenile
WS27R,Plethodon sp.,NA,NA,juvenile
WS27R,Plethodon sp.,NA,NA,male
WS27R,Plethodon sp.,NA,NA,juvenile
WS27R,Plethodon sp.,NA,NA,male
WS27R,Plethodon sp.,NA,NA,juvenile
WS27R,Plethodon sp.,NA,NA,juvenile
WS27R,Plethodon sp.,NA,NA,female
WS27R,Plethodon sp.,NA,NA,juvenile
WS27R,Plethodon sp.,NA,NA,juvenile
WS27R,Plethodon sp.,NA,NA,juvenile
WS27R,Plethodon sp.,NA,65,female
WS27R,Plethodon sp.,NA,NA,male
WS27R,Plethodon sp.,NA,NA,juvenile
WS27R,Plethodon sp.,NA,NA,juvenile
WS27R,Plethodon sp.,NA,NA,male
WS27R,Plethodon sp.,NA,NA,female
WS27R,Plethodon sp.,NA,NA,female
WS27R,Plethodon sp.,NA,NA,juvenile
WS27R,Plethodon sp.,NA,NA,juvenile
WS27R,Plethodon sp.,NA,NA,juvenile
WS27R,Plethodon sp.,NA,NA,male
WS27R,Plethodon sp.,NA,NA,juvenile
WS27R,Plethodon sp.,NA,NA,female
WS27R,Plethodon sp.,NA,NA,female
WS27R,Plethodon sp.,NA,NA,juvenile
WS27R,Plethodon sp.,NA,NA,female
WS27R,Plethodon sp.,NA,NA,male
WS27R,Plethodon sp.,NA,NA,juvenile
WS27R,Plethodon sp.,NA,NA,juvenile
WS27R,Plethodon sp.,NA,NA,juvenile
WS27R,Plethodon sp.,NA,NA,juvenile
WS27R,Plethodon sp.,NA,NA,unknown
WS27R,Plethodon sp.,NA,NA,unknown
WS27R,Plethodon sp.,NA,NA,juvenile
WS27R,Plethodon sp.,NA,NA,female
WS27R,Plethodon sp.,NA,NA,juvenile
WS6M,Plethodon sp.,NA,NA,unknown
WS18R,Plethodon sp.,NA,62,female
WS18R,Plethodon sp.,NA,NA,unknown
WS6R,Plethodon sp.,NA,80,female
WS6R,Plethodon sp.,NA,53,female
WS27R,Plethodon sp.,NA,NA,juvenile
WS27R,Plethodon sp.,NA,NA,juvenile
WS27R,Plethodon sp.,NA,63,female
WS27R,Plethodon sp.,NA,64,female
WS27R,Plethodon sp.,NA,NA,juvenile
WS27R,Plethodon sp.,NA,NA,juvenile
WS27R,Plethodon sp.,NA,NA,female
WS27R,Plethodon sp.,NA,NA,juvenile
WS27R,Plethodon sp.,NA,NA,juvenile
WS27R,Plethodon sp.,NA,NA,male
WS27R,Plethodon sp.,NA,NA,female
WS27R,Plethodon sp.,NA,NA,juvenile
WS27R,Plethodon sp.,NA,NA,juvenile
WS27R,Plethodon sp.,NA,NA,juvenile
WSXC,Plethodon sp.,NA,51,female
WSXM,Plethodon sp.,NA,64,female
WSXC,Plethodon sp.,NA,NA,juvenile
WSXC,Plethodon sp.,NA,NA,juvenile
WSXC,Plethodon sp.,NA,NA,juvenile
WSXC,Plethodon sp.,NA,NA,juvenile
WSXC,Plethodon sp.,NA,NA,female
WSXC,Plethodon sp.,NA,NA,juvenile
WSXC,Plethodon sp.,NA,53,female
WSXC,Plethodon sp.,NA,NA,juvenile
WSXC,Plethodon sp.,NA,NA,male
WSXC,Plethodon sp.,NA,NA,juvenile
WSXC,Plethodon sp.,NA,NA,juvenile
WSXC,Plethodon sp.,NA,NA,juvenile
WSXC,Plethodon sp.,NA,NA,juvenile
WSXC,Plethodon sp.,NA,NA,juvenile
WSXM,Plethodon sp.,NA,NA,female
WSXM,Plethodon sp.,NA,NA,juvenile
WSXM,Plethodon sp.,NA,NA,juvenile
WSXM,Plethodon sp.,NA,NA,juvenile
WSXM,Plethodon sp.,NA,NA,juvenile
WSXM,Plethodon sp.,NA,NA,female
WSXM,Plethodon sp.,NA,NA,female
WSXM,Plethodon sp.,NA,NA,female
WSXM,Plethodon sp.,NA,NA,unknown
WSXM,Plethodon sp.,NA,NA,juvenile
WSXM,Plethodon sp.,NA,NA,juvenile
WSXM,Plethodon sp.,NA,NA,juvenile
WSXM,Plethodon sp.,NA,NA,female
WSXM,Plethodon sp.,NA,NA,juvenile
WSXM,Plethodon sp.,NA,NA,unknown
WS27C,Plethodon sp.,NA,60,female
WS27C,Plethodon sp.,NA,NA,juvenile
WS27C,Plethodon sp.,NA,NA,juvenile
WS27C,Plethodon sp.,NA,NA,juvenile
WS27C,Plethodon sp.,NA,NA,male
WS27C,Plethodon sp.,NA,NA,female
WS27C,Plethodon sp.,NA,NA,juvenile
WS27C,Plethodon sp.,NA,NA,juvenile
WS27C,Plethodon sp.,NA,NA,juvenile
WS27C,Plethodon sp.,NA,NA,female
WS27C,Plethodon sp.,NA,NA,juvenile
WS27C,Plethodon sp.,NA,NA,juvenile
WS27R,Plethodon sp.,NA,NA,female
WS27R,Plethodon sp.,NA,NA,juvenile
WS27R,Plethodon sp.,NA,NA,juvenile
WS27R,Plethodon sp.,NA,NA,juvenile
WS27R,Plethodon sp.,NA,NA,juvenile
WS27R,Plethodon sp.,NA,NA,juvenile
WS27R,Plethodon sp.,NA,NA,unknown
WS27R,Plethodon sp.,NA,NA,unknown
WS27R,Plethodon sp.,NA,NA,juvenile
WS27R,Plethodon sp.,NA,NA,juvenile
2750,Plethodon sp.,NA,41,unknown
2750,Plethodon sp.,NA,51,female
2750,Plethodon sp.,NA,39,unknown
2750,Plethodon sp.,NA,40,unknown
2750,Plethodon sp.,NA,36,unknown
2750,Plethodon sp.,NA,40,unknown
2850,Plethodon sp.,NA,54,unknown
2850,Plethodon sp.,NA,17,unknown
2850,Plethodon sp.,NA,21,unknown
2850,Plethodon sp.,NA,40,unknown
2850,Plethodon sp.,NA,21,unknown
2850,Plethodon sp.,NA,18,unknown
2850,Plethodon sp.,NA,20,unknown
2850,Plethodon sp.,NA,52,female
2850,Plethodon sp.,NA,41,unknown
2850,Plethodon sp.,NA,38,unknown
2850,Plethodon sp.,NA,45,unknown
2950,Plethodon sp.,NA,36,unknown
2950,Plethodon sp.,NA,33,unknown
2950,Plethodon sp.,NA,31,unknown
2950,Plethodon sp.,NA,52,female
2950,Plethodon sp.,NA,33,unknown
2950,Plethodon sp.,NA,43,unknown
2950,Plethodon sp.,NA,20,unknown
2950,Plethodon sp.,NA,45,unknown
2750,Plethodon sp.,NA,68,male
2750,Plethodon sp.,NA,73,female
2850,Plethodon sp.,NA,68,male
2850,Plethodon sp.,NA,69,female
2850,Plethodon sp.,NA,62,female
2850,Plethodon sp.,NA,62,female
2950,Plethodon sp.,NA,67,male
2950,Plethodon sp.,NA,52,male
2950,Plethodon sp.,NA,69,female
2750,Plethodon sp.,NA,21,unknown
2750,Plethodon sp.,NA,47,unknown
2750,Plethodon sp.,NA,42,unknown
2750,Plethodon sp.,NA,15,unknown
2850,Plethodon sp.,NA,33,unknown
2850,Plethodon sp.,NA,55,female
2850,Plethodon sp.,NA,18,unknown
2850,Plethodon sp.,NA,17,unknown
2850,Plethodon sp.,NA,18,unknown
2850,Plethodon sp.,NA,43,unknown
2950,Plethodon sp.,NA,18,unknown
2950,Plethodon sp.,NA,53,female
2950,Plethodon sp.,NA,34,unknown
2950,Plethodon sp.,NA,30,unknown
2950,Plethodon sp.,NA,39,unknown
2950,Plethodon sp.,NA,36,unknown
2950,Plethodon sp.,NA,18,unknown
2950,Plethodon sp.,NA,15,unknown
2950,Plethodon sp.,NA,17,unknown
2950,Plethodon sp.,NA,19,unknown
2750,Plethodon sp.,NA,62,female
2950,Plethodon sp.,NA,70,female
2850,Plethodon sp.,NA,31,unknown
2850,Plethodon sp.,NA,21,unknown
2850,Plethodon sp.,NA,22,unknown
2850,Plethodon sp.,NA,19,unknown
2850,Plethodon sp.,NA,NA,unknown
2850,Plethodon sp.,NA,20,unknown
2850,Plethodon sp.,NA,38,unknown
2950,Plethodon sp.,NA,33,unknown
2950,Plethodon sp.,NA,52,female
2950,Plethodon sp.,NA,45,unknown
2950,Plethodon sp.,NA,49,unknown
2950,Plethodon sp.,NA,34,unknown
2950,Plethodon sp.,NA,NA,unknown
2950,Plethodon sp.,NA,19,unknown
2950,Plethodon sp.,NA,23,unknown
2950,Plethodon sp.,NA,15,unknown
2750,Plethodon sp.,NA,65,male
2750,Plethodon sp.,NA,62,female
2750,Plethodon sp.,NA,58,female
2750,Plethodon sp.,NA,58,female
2850,Plethodon sp.,NA,68,female
2850,Plethodon sp.,NA,70,male
2850,Plethodon sp.,NA,NA,female
2950,Plethodon sp.,NA,NA,unknown
2950,Plethodon sp.,NA,60,female
2950,Plethodon sp.,NA,58,male
WS36M,Plethodon sp.,NA,48,female
WS36M,Plethodon sp.,NA,49,female
WS36M,Plethodon sp.,NA,52,female
WS36M,Plethodon sp.,NA,52,female
WS36M,Plethodon sp.,NA,65,female
WS36M,Plethodon sp.,NA,69,female
WS10R,Plethodon sp.,NA,NA,female
WS36M,Plethodon sp.,NA,NA,juvenile
WS36M,Plethodon sp.,NA,NA,juvenile
WS36M,Plethodon sp.,NA,NA,unknown
WS36M,Plethodon sp.,NA,NA,juvenile
WS10R,Plethodon sp.,NA,70,female
WS10R,Plethodon sp.,NA,74,female
WS10R,Plethodon sp.,NA,NA,female
WS10R,Plethodon sp.,NA,64,female
WS10R,Plethodon sp.,NA,NA,female
WS36M,Plethodon sp.,NA,NA,juvenile
WS36M,Plethodon sp.,NA,NA,juvenile
WS36M,Plethodon sp.,NA,NA,juvenile
WS36M,Plethodon sp.,NA,NA,juvenile
WS36M,Plethodon sp.,NA,NA,juvenile
WS36M,Plethodon sp.,NA,NA,unknown
WS36M,Plethodon sp.,NA,NA,unknown
WS36R,Plethodon sp.,NA,50,female
WS36R,Plethodon sp.,NA,50,female
WS36R,Plethodon sp.,NA,52,female
WS36R,Plethodon sp.,NA,54,female
WS36R,Plethodon sp.,NA,55,female
WS36R,Plethodon sp.,NA,56,female
WS36R,Plethodon sp.,NA,56,female
WS36R,Plethodon sp.,NA,60,female
WS36R,Plethodon sp.,NA,NA,male
WS36R,Plethodon sp.,NA,NA,juvenile
WS36R,Plethodon sp.,NA,NA,male
WS36R,Plethodon sp.,NA,NA,juvenile
WS36R,Plethodon sp.,NA,NA,juvenile
WS36R,Plethodon sp.,NA,NA,unknown
WS36R,Plethodon sp.,NA,NA,unknown
WS36R,Plethodon sp.,NA,50,female
WS36R,Plethodon sp.,NA,57,female
WS36R,Plethodon sp.,NA,NA,juvenile
WS36R,Plethodon sp.,NA,NA,juvenile
WS36R,Plethodon sp.,NA,NA,juvenile
WS36R,Plethodon sp.,NA,NA,juvenile
WS36R,Plethodon sp.,NA,NA,juvenile
WS36R,Plethodon sp.,NA,NA,juvenile
WS36R,Plethodon sp.,NA,NA,male
WS36R,Plethodon sp.,NA,NA,juvenile
WS36R,Plethodon sp.,NA,NA,juvenile
WS36R,Plethodon sp.,NA,60,female
WS36R,Plethodon sp.,NA,65,female
WS36R,Plethodon sp.,NA,NA,juvenile
WS36R,Plethodon sp.,NA,NA,male
WS40R,Plethodon sp.,NA,49,female
WS36R,Plethodon sp.,NA,41,female
WS40R,Plethodon sp.,NA,51,female
WS40R,Plethodon sp.,NA,60,female
WS40R,Plethodon sp.,NA,NA,unknown
WS40R,Plethodon sp.,NA,NA,juvenile
WS40R,Plethodon sp.,NA,NA,juvenile
WS40R,Plethodon sp.,NA,NA,unknown
WS40R,Plethodon sp.,NA,50,female
WS40R,Plethodon sp.,NA,54,female
WS40M,Plethodon sp.,NA,NA,juvenile
WS40R,Plethodon sp.,NA,54,female
WS40R,Plethodon sp.,NA,58,female
WS36R,Plethodon sp.,NA,NA,male
WS36R,Plethodon sp.,NA,NA,juvenile
WS36R,Plethodon sp.,NA,NA,male
WS40R,Plethodon sp.,NA,NA,juvenile
WS36R,Plethodon sp.,NA,NA,juvenile
WS36R,Plethodon sp.,NA,NA,male
WS40R,Plethodon sp.,NA,80,female
WS40R,Plethodon sp.,NA,NA,juvenile
WS36R,Plethodon sp.,NA,NA,male
WS36R,Plethodon sp.,NA,NA,male
WS36R,Plethodon sp.,NA,NA,male
WS36R,Plethodon sp.,NA,46,female
WS40R,Plethodon sp.,NA,NA,juvenile
WS36R,Plethodon sp.,NA,61,female
WS36R,Plethodon sp.,NA,NA,female
WS7R,Plethodon sp.,NA,NA,male
WS10M,Plethodon sp.,NA,NA,juvenile
WS10M,Plethodon sp.,NA,NA,juvenile
WS10M,Plethodon sp.,NA,NA,juvenile
WS10M,Plethodon sp.,NA,NA,juvenile
WS10M,Plethodon sp.,NA,NA,juvenile
WS10M,Plethodon sp.,NA,NA,juvenile
WS10M,Plethodon sp.,NA,NA,juvenile
WS10M,Plethodon sp.,NA,NA,female
WS10M,Plethodon sp.,NA,NA,male
WS36M,Plethodon sp.,NA,55,female
WS36M,Plethodon sp.,NA,65,female
WS36M,Plethodon sp.,NA,NA,juvenile
WS36M,Plethodon sp.,NA,NA,male
WS36M,Plethodon sp.,NA,NA,juvenile
WS36M,Plethodon sp.,NA,NA,juvenile
WS36M,Plethodon sp.,NA,NA,juvenile
WS36M,Plethodon sp.,NA,NA,juvenile
WS36M,Plethodon sp.,NA,NA,juvenile
WS36M,Plethodon sp.,NA,NA,juvenile
WS36M,Plethodon sp.,NA,NA,male
WS36M,Plethodon sp.,NA,NA,female
WS36M,Plethodon sp.,NA,47,female
WS36M,Plethodon sp.,NA,47,female
WS36M,Plethodon sp.,NA,58,female
WS36M,Plethodon sp.,NA,NA,juvenile
WS36M,Plethodon sp.,NA,NA,juvenile
WS36M,Plethodon sp.,NA,NA,juvenile
WS36M,Plethodon sp.,NA,NA,juvenile
WS36M,Plethodon sp.,NA,NA,juvenile
WS36M,Plethodon sp.,NA,NA,juvenile
WS36M,Plethodon sp.,NA,46,female
WS36M,Plethodon sp.,NA,67,female
WS36M,Plethodon sp.,NA,68,female
WS36M,Plethodon sp.,NA,NA,juvenile
WS36M,Plethodon sp.,NA,NA,juvenile
WS36M,Plethodon sp.,NA,NA,juvenile
WS36M,Plethodon sp.,NA,NA,juvenile
WS36M,Plethodon sp.,NA,NA,male
WS36M,Plethodon sp.,NA,NA,juvenile
WS36M,Plethodon sp.,NA,NA,juvenile
WS36M,Plethodon sp.,NA,NA,juvenile
WS36M,Plethodon sp.,NA,NA,juvenile
WS36M,Plethodon sp.,NA,NA,juvenile
WS36M,Plethodon sp.,NA,NA,juvenile
WS36R,Plethodon sp.,NA,NA,juvenile
WS36R,Plethodon sp.,NA,NA,juvenile
WS36R,Plethodon sp.,NA,NA,male
WS36R,Plethodon sp.,NA,NA,male
WS36R,Plethodon sp.,NA,NA,juvenile
WS40M,Plethodon sp.,NA,NA,juvenile
WS40M,Plethodon sp.,NA,45,female
WS40M,Plethodon sp.,NA,NA,juvenile
WS40M,Plethodon sp.,NA,NA,juvenile
WS40M,Plethodon sp.,NA,NA,juvenile
WS40M,Plethodon sp.,NA,NA,juvenile
WS40M,Plethodon sp.,NA,NA,juvenile
WS40M,Plethodon sp.,NA,NA,juvenile
WS40M,Plethodon sp.,NA,NA,juvenile
WS40R,Plethodon sp.,NA,55,female
WS40R,Plethodon sp.,NA,NA,juvenile
WS40R,Plethodon sp.,NA,NA,juvenile
WS40R,Plethodon sp.,NA,51,female
WS40R,Plethodon sp.,NA,52,female
WS40R,Plethodon sp.,NA,NA,juvenile
WS40R,Plethodon sp.,NA,53,female
WS40R,Plethodon sp.,NA,75,female
WS40R,Plethodon sp.,NA,NA,juvenile
WS40R,Plethodon sp.,NA,NA,juvenile
WS36M,Plethodon sp.,NA,56,female
WS40R,Plethodon sp.,NA,NA,juvenile
WS40R,Plethodon sp.,NA,NA,juvenile
WS40R,Plethodon sp.,NA,50,female
WS36M,Plethodon sp.,NA,60,female
WS40R,Plethodon sp.,NA,57,female
WS36M,Plethodon sp.,NA,61,female
WS36M,Plethodon sp.,NA,62,female
WS36M,Plethodon sp.,NA,64,female
WS36M,Plethodon sp.,NA,NA,juvenile
WS36M,Plethodon sp.,NA,NA,juvenile
WS36M,Plethodon sp.,NA,NA,juvenile
WS36M,Plethodon sp.,NA,NA,juvenile
WS10R,Plethodon sp.,NA,75,female
WS10R,Plethodon sp.,NA,NA,male
WS36M,Plethodon sp.,NA,NA,juvenile
WS36M,Plethodon sp.,NA,NA,juvenile
WS36M,Plethodon sp.,NA,NA,male
WS36M,Plethodon sp.,NA,NA,male
WS36M,Plethodon sp.,NA,NA,male
WS36M,Plethodon sp.,NA,NA,male
WS36M,Plethodon sp.,NA,NA,juvenile
WS36M,Plethodon sp.,NA,NA,juvenile
WS36M,Plethodon sp.,NA,NA,juvenile
WS36M,Plethodon sp.,NA,54,female
WS36M,Plethodon sp.,NA,NA,juvenile
WS36M,Plethodon sp.,NA,46,female
WS36M,Plethodon sp.,NA,56,female
WS36M,Plethodon sp.,NA,65,female
WS36M,Plethodon sp.,NA,NA,juvenile
WS36M,Plethodon sp.,NA,NA,juvenile
WS40R,Plethodon sp.,NA,59,female
WS40R,Plethodon sp.,NA,NA,juvenile
WS40R,Plethodon sp.,NA,NA,unknown
WS40R,Plethodon sp.,NA,NA,juvenile
WS40R,Plethodon sp.,NA,NA,male
WS40R,Plethodon sp.,NA,NA,juvenile
WS10M,Plethodon sp.,NA,NA,juvenile
WS40R,Plethodon sp.,NA,NA,juvenile
WS40R,Plethodon sp.,NA,NA,juvenile
WS40R,Plethodon sp.,NA,NA,juvenile
WS40R,Plethodon sp.,NA,NA,unknown
WS40R,Plethodon sp.,NA,NA,unknown
WS36R,Plethodon sp.,NA,52,juvenile
WS36R,Plethodon sp.,NA,52,female
WS36R,Plethodon sp.,NA,54,female
WS36R,Plethodon sp.,NA,NA,juvenile
WS36R,Plethodon sp.,NA,48,female
WS36R,Plethodon sp.,NA,52,female
WS36R,Plethodon sp.,NA,57,female
WS36R,Plethodon sp.,NA,NA,male
WS36R,Plethodon sp.,NA,NA,juvenile
WS36R,Plethodon sp.,NA,NA,juvenile
WS36R,Plethodon sp.,NA,NA,male
WS36R,Plethodon sp.,NA,NA,male
WS36R,Plethodon sp.,NA,NA,female
WS36R,Plethodon sp.,NA,NA,juvenile
WS36R,Plethodon sp.,NA,61,female
WS36R,Plethodon sp.,NA,NA,juvenile
WS36M,Plethodon sp.,NA,52,female
WS40M,Plethodon sp.,NA,51,female
WS40M,Plethodon sp.,NA,52,female
WS40M,Plethodon sp.,NA,55,female
WS40M,Plethodon sp.,NA,NA,juvenile
WS10M,Plethodon sp.,NA,55,female
WS36M,Plethodon sp.,NA,NA,male
WS36M,Plethodon sp.,NA,NA,juvenile
WS10M,Plethodon sp.,NA,NA,juvenile
WS10M,Plethodon sp.,NA,NA,juvenile
WS10M,Plethodon sp.,NA,NA,male
WS36M,Plethodon sp.,NA,49,female
WS36M,Plethodon sp.,NA,50,female
WS36M,Plethodon sp.,NA,NA,juvenile
WS36M,Plethodon sp.,NA,NA,juvenile
WS36M,Plethodon sp.,NA,NA,juvenile
WS36M,Plethodon sp.,NA,NA,juvenile
WS36M,Plethodon sp.,NA,NA,juvenile
WS36M,Plethodon sp.,NA,NA,juvenile
WS36M,Plethodon sp.,NA,NA,juvenile
WS36M,Plethodon sp.,NA,46,female
WS36M,Plethodon sp.,NA,60,female
WS36M,Plethodon sp.,NA,65,female
WS36M,Plethodon sp.,NA,NA,juvenile
WS36M,Plethodon sp.,NA,NA,juvenile
WS36M,Plethodon sp.,NA,56,female
WS36M,Plethodon sp.,NA,NA,juvenile
WS36M,Plethodon sp.,NA,NA,juvenile
WS36M,Plethodon sp.,NA,NA,juvenile
WS40M,Plethodon sp.,NA,NA,juvenile
WS40M,Plethodon sp.,NA,NA,juvenile
WS40M,Plethodon sp.,NA,NA,male
WS40M,Plethodon sp.,NA,52,female
WS40M,Plethodon sp.,NA,NA,juvenile
WS40M,Plethodon sp.,NA,50,female
WS40M,Plethodon sp.,NA,NA,juvenile
WS40C,Plethodon sp.,NA,62,female
WS40C,Plethodon sp.,NA,NA,juvenile
WS40C,Plethodon sp.,NA,NA,unknown
WS40M,Plethodon sp.,NA,NA,juvenile
WS40M,Plethodon sp.,NA,NA,juvenile
WS40M,Plethodon sp.,NA,55,female
WS7C,Plethodon sp.,NA,49,female
WS10C,Plethodon sp.,NA,68,female
WS7C,Plethodon sp.,NA,NA,male
WS10C,Plethodon sp.,NA,NA,male
WS10C,Plethodon sp.,NA,NA,male
WS18C,Plethodon sp.,NA,65,female
WS6R,Plethodon sp.,NA,NA,female
WS7C,Plethodon sp.,NA,81,male
WS7C,Plethodon sp.,NA,NA,juvenile
WS7C,Plethodon sp.,NA,NA,juvenile
WS40C,Plethodon sp.,NA,NA,male
WS40C,Plethodon sp.,NA,46,female
WS40C,Plethodon sp.,NA,47,female
WS40C,Plethodon sp.,NA,55,female
WS40C,Plethodon sp.,NA,58,female
WS40C,Plethodon sp.,NA,61,female
WS40C,Plethodon sp.,NA,63,female
WS40C,Plethodon sp.,NA,63,female
WS40C,Plethodon sp.,NA,65,female
WS40C,Plethodon sp.,NA,NA,juvenile
WS40C,Plethodon sp.,NA,NA,juvenile
WS40C,Plethodon sp.,NA,NA,juvenile
WS40C,Plethodon sp.,NA,NA,male
WS40C,Plethodon sp.,NA,NA,male
WS7C,Plethodon sp.,NA,71,female
WS7C,Plethodon sp.,NA,NA,juvenile
WS7C,Plethodon sp.,NA,NA,juvenile
WS7C,Plethodon sp.,NA,NA,juvenile
WS18C,Plethodon sp.,NA,NA,unknown
WS18R,Plethodon sp.,NA,48,female
WS18R,Plethodon sp.,NA,NA,male
WSXC,Plethodon sp.,NA,NA,juvenile
WSXC,Plethodon sp.,NA,NA,juvenile
WSXC,Plethodon sp.,NA,NA,juvenile
WSXC,Plethodon sp.,NA,NA,juvenile
WSXC,Plethodon sp.,NA,NA,juvenile
WSXC,Plethodon sp.,NA,NA,juvenile
WSXC,Plethodon sp.,NA,NA,male
WSXC,Plethodon sp.,NA,NA,female
WSXC,Plethodon sp.,NA,NA,juvenile
WSXC,Plethodon sp.,NA,NA,juvenile
WSXC,Plethodon sp.,NA,NA,juvenile
WSXC,Plethodon sp.,NA,NA,unknown
WSXC,Plethodon sp.,NA,53,female
WSXC,Plethodon sp.,NA,53,female
WSXC,Plethodon sp.,NA,55,female
WSXC,Plethodon sp.,NA,56,female
WSXC,Plethodon sp.,NA,66,female
WSXC,Plethodon sp.,NA,NA,juvenile
WSXC,Plethodon sp.,NA,NA,male
WSXC,Plethodon sp.,NA,NA,juvenile
WSXC,Plethodon sp.,NA,NA,juvenile
WSXC,Plethodon sp.,NA,NA,male
WSXC,Plethodon sp.,NA,63,female
WSXC,Plethodon sp.,NA,64,female
WS27R,Plethodon sp.,NA,45,female
WS27R,Plethodon sp.,NA,47,female
WS27R,Plethodon sp.,NA,52,female
WS27R,Plethodon sp.,NA,54,female
WS27R,Plethodon sp.,NA,NA,juvenile
WS27R,Plethodon sp.,NA,NA,juvenile
WSXC,Plethodon sp.,NA,NA,juvenile
WSXC,Plethodon sp.,NA,NA,juvenile
WSXC,Plethodon sp.,NA,NA,juvenile
WS27R,Plethodon sp.,NA,NA,juvenile
WSXC,Plethodon sp.,NA,NA,juvenile
WS27R,Plethodon sp.,NA,NA,juvenile
WS27R,Plethodon sp.,NA,NA,juvenile
WS27R,Plethodon sp.,NA,NA,juvenile
WS27R,Plethodon sp.,NA,NA,juvenile
WS27R,Plethodon sp.,NA,NA,juvenile
WS27R,Plethodon sp.,NA,NA,juvenile
WS27R,Plethodon sp.,NA,NA,juvenile
WS27R,Plethodon sp.,NA,NA,juvenile
WS27R,Plethodon sp.,NA,NA,juvenile
WS27R,Plethodon sp.,NA,54,female
WS27R,Plethodon sp.,NA,57,female
WS27R,Plethodon sp.,NA,NA,juvenile
WS27R,Plethodon sp.,NA,NA,juvenile
WS27R,Plethodon sp.,NA,NA,juvenile
WS27R,Plethodon sp.,NA,NA,juvenile
WS27R,Plethodon sp.,NA,NA,juvenile
WS27R,Plethodon sp.,NA,NA,juvenile
WS27R,Plethodon sp.,NA,NA,male
WS27R,Plethodon sp.,NA,NA,unknown
WS27R,Plethodon sp.,NA,NA,unknown
WS27R,Plethodon sp.,NA,52,female
WS27R,Plethodon sp.,NA,65,female
WS27R,Plethodon sp.,NA,NA,juvenile
WS27R,Plethodon sp.,NA,NA,juvenile
WS27R,Plethodon sp.,NA,NA,juvenile
WS27R,Plethodon sp.,NA,NA,juvenile
WS27R,Plethodon sp.,NA,NA,juvenile
WS27R,Plethodon sp.,NA,NA,juvenile
WS27R,Plethodon sp.,NA,46,female
WS27R,Plethodon sp.,NA,47,female
WS27R,Plethodon sp.,NA,52,female
WS27R,Plethodon sp.,NA,NA,juvenile
WS27R,Plethodon sp.,NA,NA,juvenile
WS27R,Plethodon sp.,NA,NA,juvenile
WS27R,Plethodon sp.,NA,NA,juvenile
WS27R,Plethodon sp.,NA,NA,juvenile
WS27R,Plethodon sp.,NA,NA,juvenile
WS27R,Plethodon sp.,NA,NA,juvenile
WS27R,Plethodon sp.,NA,NA,juvenile
WS27R,Plethodon sp.,NA,NA,juvenile
WS27R,Plethodon sp.,NA,NA,juvenile
WS27R,Plethodon sp.,NA,NA,female
WS27R,Plethodon sp.,NA,NA,juvenile
WSXR,Plethodon sp.,NA,53,female
WSXR,Plethodon sp.,NA,NA,juvenile
WSXR,Plethodon sp.,NA,NA,juvenile
WSXR,Plethodon sp.,NA,NA,juvenile
WSXR,Plethodon sp.,NA,NA,juvenile
WSXR,Plethodon sp.,NA,NA,juvenile
WSXR,Plethodon sp.,NA,NA,juvenile
WSXR,Plethodon sp.,NA,NA,juvenile
WSXR,Plethodon sp.,NA,NA,male
WSXR,Plethodon sp.,NA,NA,juvenile
WSXR,Plethodon sp.,NA,NA,juvenile
WSXR,Plethodon sp.,NA,NA,juvenile
WSXR,Plethodon sp.,NA,53,female
WSXR,Plethodon sp.,NA,62,female
WSXR,Plethodon sp.,NA,NA,juvenile
WSXR,Plethodon sp.,NA,NA,juvenile
WSXM,Plethodon sp.,NA,51,female
WSXM,Plethodon sp.,NA,51,female
WSXR,Plethodon sp.,NA,NA,juvenile
WSXR,Plethodon sp.,NA,NA,juvenile
WSXR,Plethodon sp.,NA,NA,juvenile
WSXR,Plethodon sp.,NA,NA,juvenile
WSXR,Plethodon sp.,NA,NA,juvenile
WSXR,Plethodon sp.,NA,NA,juvenile
WSXR,Plethodon sp.,NA,NA,juvenile
WSXR,Plethodon sp.,NA,NA,juvenile
WSXR,Plethodon sp.,NA,NA,juvenile
WSXR,Plethodon sp.,NA,NA,juvenile
WSXR,Plethodon sp.,NA,NA,juvenile
WSXR,Plethodon sp.,NA,50,female
WSXR,Plethodon sp.,NA,NA,juvenile
WSXR,Plethodon sp.,NA,NA,juvenile
WSXR,Plethodon sp.,NA,NA,juvenile
WSXR,Plethodon sp.,NA,NA,unknown
WSXR,Plethodon sp.,NA,NA,juvenile
WSXR,Plethodon sp.,NA,NA,juvenile
WSXR,Plethodon sp.,NA,NA,juvenile
WSXR,Plethodon sp.,NA,NA,juvenile
WSXR,Plethodon sp.,NA,NA,juvenile
WSXR,Plethodon sp.,NA,NA,male
WSXR,Plethodon sp.,NA,NA,juvenile
WSXR,Plethodon sp.,NA,NA,juvenile
WSXR,Plethodon sp.,NA,58,female
WSXM,Plethodon sp.,NA,NA,juvenile
WSXM,Plethodon sp.,NA,NA,juvenile
WSXM,Plethodon sp.,NA,NA,juvenile
WSXM,Plethodon sp.,NA,NA,juvenile
WSXM,Plethodon sp.,NA,NA,male
WSXM,Plethodon sp.,NA,47,female
WSXM,Plethodon sp.,NA,NA,juvenile
WSXM,Plethodon sp.,NA,NA,juvenile
WSXM,Plethodon sp.,NA,NA,juvenile
WSXM,Plethodon sp.,NA,NA,juvenile
WSXM,Plethodon sp.,NA,NA,juvenile
WSXM,Plethodon sp.,NA,53,female
WSXM,Plethodon sp.,NA,54,female
WSXM,Plethodon sp.,NA,54,female
WSXR,Plethodon sp.,NA,NA,juvenile
WSXR,Plethodon sp.,NA,NA,juvenile
WSXR,Plethodon sp.,NA,NA,juvenile
WSXM,Plethodon sp.,NA,NA,juvenile
WSXM,Plethodon sp.,NA,NA,juvenile
WSXM,Plethodon sp.,NA,NA,male
WSXM,Plethodon sp.,NA,50,female
WSXM,Plethodon sp.,NA,51,female
WS27C,Plethodon sp.,NA,NA,juvenile
WSXM,Plethodon sp.,NA,53,female
WSXM,Plethodon sp.,NA,54,female
WS27C,Plethodon sp.,NA,NA,juvenile
WS27C,Plethodon sp.,NA,NA,female
WS27C,Plethodon sp.,NA,NA,juvenile
WS27C,Plethodon sp.,NA,NA,juvenile
WS27C,Plethodon sp.,NA,NA,juvenile
WS27C,Plethodon sp.,NA,50,female
WS27C,Plethodon sp.,NA,59,female
WS27C,Plethodon sp.,NA,NA,juvenile
WS27C,Plethodon sp.,NA,NA,juvenile
WS27C,Plethodon sp.,NA,NA,juvenile
WS27C,Plethodon sp.,NA,NA,juvenile
WS27C,Plethodon sp.,NA,NA,juvenile
WS27C,Plethodon sp.,NA,NA,juvenile
WS27C,Plethodon sp.,NA,NA,juvenile
WS27C,Plethodon sp.,NA,NA,juvenile
WS27C,Plethodon sp.,NA,53,female
WS27C,Plethodon sp.,NA,63,female
WS27C,Plethodon sp.,NA,NA,juvenile
WS27C,Plethodon sp.,NA,NA,juvenile
WS27C,Plethodon sp.,NA,NA,juvenile
WSXM,Plethodon sp.,NA,NA,juvenile
WSXM,Plethodon sp.,NA,NA,juvenile
WSXM,Plethodon sp.,NA,NA,juvenile
WSXM,Plethodon sp.,NA,NA,juvenile
WSXM,Plethodon sp.,NA,NA,juvenile
WSXM,Plethodon sp.,NA,NA,juvenile
WSXM,Plethodon sp.,NA,NA,juvenile
WSXM,Plethodon sp.,NA,NA,juvenile
WSXM,Plethodon sp.,NA,NA,juvenile
WS27R,Plethodon sp.,NA,49,female
WS27R,Plethodon sp.,NA,51,female
WS27R,Plethodon sp.,NA,51,female
WS27R,Plethodon sp.,NA,59,female
WS27R,Plethodon sp.,NA,59,female
WS27R,Plethodon sp.,NA,NA,juvenile
WS27R,Plethodon sp.,NA,NA,juvenile
WS27R,Plethodon sp.,NA,NA,juvenile
WS27R,Plethodon sp.,NA,NA,juvenile
WS27R,Plethodon sp.,NA,NA,juvenile
WS27R,Plethodon sp.,NA,NA,juvenile
WS27R,Plethodon sp.,NA,NA,male
WS27R,Plethodon sp.,NA,NA,juvenile
WS27R,Plethodon sp.,NA,69,female
WS27R,Plethodon sp.,NA,NA,juvenile
WS27R,Plethodon sp.,NA,NA,juvenile
WS27R,Plethodon sp.,NA,NA,juvenile
WS27R,Plethodon sp.,NA,NA,juvenile
WSXR,Plethodon sp.,NA,52,female
WSXR,Plethodon sp.,NA,NA,juvenile
WSXR,Plethodon sp.,NA,NA,juvenile
WSXR,Plethodon sp.,NA,NA,juvenile
WSXR,Plethodon sp.,NA,NA,juvenile
WSXR,Plethodon sp.,NA,NA,juvenile
WSXR,Plethodon sp.,NA,NA,female
WSXR,Plethodon sp.,NA,NA,juvenile
WSXC,Plethodon sp.,NA,47,female
WSXC,Plethodon sp.,NA,NA,juvenile
WSXC,Plethodon sp.,NA,NA,juvenile
WSXC,Plethodon sp.,NA,NA,juvenile
WSXC,Plethodon sp.,NA,NA,juvenile
WSXC,Plethodon sp.,NA,NA,male
WSXC,Plethodon sp.,NA,NA,unknown
WSXC,Plethodon sp.,NA,NA,unknown
WSXC,Plethodon sp.,NA,54,female
WSXC,Plethodon sp.,NA,70,female
WSXC,Plethodon sp.,NA,NA,juvenile
WSXC,Plethodon sp.,NA,NA,juvenile
WSXC,Plethodon sp.,NA,NA,male
WSXC,Plethodon sp.,NA,NA,juvenile
WSXC,Plethodon sp.,NA,NA,juvenile
WSXC,Plethodon sp.,NA,NA,juvenile
WSXC,Plethodon sp.,NA,53,female
WS27C,Plethodon sp.,NA,56,female
WS27C,Plethodon sp.,NA,59,female
WS27C,Plethodon sp.,NA,NA,juvenile
WS27C,Plethodon sp.,NA,NA,male
WS27C,Plethodon sp.,NA,NA,juvenile
WS27C,Plethodon sp.,NA,NA,juvenile
WS27C,Plethodon sp.,NA,NA,juvenile
WS27C,Plethodon sp.,NA,NA,juvenile
WS27C,Plethodon sp.,NA,NA,juvenile
WS27C,Plethodon sp.,NA,NA,juvenile
WS27C,Plethodon sp.,NA,NA,juvenile
WS27C,Plethodon sp.,NA,NA,juvenile
WS27C,Plethodon sp.,NA,NA,juvenile
WS27C,Plethodon sp.,NA,NA,unknown
WS27C,Plethodon sp.,NA,48,female
WS27C,Plethodon sp.,NA,NA,juvenile
WS27C,Plethodon sp.,NA,NA,juvenile
WS27C,Plethodon sp.,NA,NA,juvenile
WS27C,Plethodon sp.,NA,NA,juvenile
WS27C,Plethodon sp.,NA,NA,juvenile
WS27C,Plethodon sp.,NA,NA,juvenile
WS27C,Plethodon sp.,NA,NA,juvenile
WS27C,Plethodon sp.,NA,NA,juvenile
WSXC,Plethodon sp.,NA,NA,juvenile
WSXC,Plethodon sp.,NA,NA,juvenile
WSXC,Plethodon sp.,NA,NA,juvenile
WSXC,Plethodon sp.,NA,NA,juvenile
WSXC,Plethodon sp.,NA,NA,juvenile
WSXC,Plethodon sp.,NA,NA,female
WSXC,Plethodon sp.,NA,NA,juvenile
WSXC,Plethodon sp.,NA,NA,juvenile
WSXC,Plethodon sp.,NA,NA,male
WS27C,Plethodon sp.,NA,NA,juvenile
WS27C,Plethodon sp.,NA,NA,male
WS27C,Plethodon sp.,NA,NA,juvenile
WS27C,Plethodon sp.,NA,NA,juvenile
WS27C,Plethodon sp.,NA,NA,juvenile
WS27C,Plethodon sp.,NA,NA,male
WS27C,Plethodon sp.,NA,52,female
WS27C,Plethodon sp.,NA,NA,juvenile
WS27C,Plethodon sp.,NA,NA,juvenile
WS27C,Plethodon sp.,NA,NA,juvenile
WS27C,Plethodon sp.,NA,NA,juvenile
WS27C,Plethodon sp.,NA,NA,male
WS27C,Plethodon sp.,NA,NA,male
WS27C,Plethodon sp.,NA,NA,unknown
WS27C,Plethodon sp.,NA,NA,juvenile
WS27C,Plethodon sp.,NA,NA,juvenile
WS27C,Plethodon sp.,NA,NA,juvenile
WS27C,Plethodon sp.,NA,NA,juvenile
WS27C,Plethodon sp.,NA,NA,male
WS27C,Plethodon sp.,NA,NA,juvenile
WS27C,Plethodon sp.,NA,NA,juvenile
WS27C,Plethodon sp.,NA,NA,unknown
WSXR,Plethodon sp.,NA,NA,juvenile
WSXR,Plethodon sp.,NA,NA,juvenile
WSXR,Plethodon sp.,NA,NA,unknown
WSXR,Plethodon sp.,NA,NA,juvenile
WSXR,Plethodon sp.,NA,NA,unknown
WSXM,Plethodon sp.,NA,47,female
WSXM,Plethodon sp.,NA,NA,juvenile
WSXM,Plethodon sp.,NA,47,female
WSXM,Plethodon sp.,NA,NA,juvenile
WSXM,Plethodon sp.,NA,NA,juvenile
WSXM,Plethodon sp.,NA,NA,juvenile
WSXM,Plethodon sp.,NA,NA,unknown
WSXM,Plethodon sp.,NA,NA,unknown
WS27R,Plethodon sp.,NA,50,female
WS27R,Plethodon sp.,NA,52,female
WS27R,Plethodon sp.,NA,NA,juvenile
WS27R,Plethodon sp.,NA,NA,juvenile
WS27R,Plethodon sp.,NA,NA,juvenile
WS27R,Plethodon sp.,NA,NA,juvenile
WS27R,Plethodon sp.,NA,NA,juvenile
WS27R,Plethodon sp.,NA,NA,juvenile
WS27R,Plethodon sp.,NA,NA,juvenile
WS27R,Plethodon sp.,NA,NA,juvenile
WS27R,Plethodon sp.,NA,NA,juvenile
WS27R,Plethodon sp.,NA,NA,juvenile
WS27R,Plethodon sp.,NA,NA,juvenile
WS27R,Plethodon sp.,NA,NA,male
WS27R,Plethodon sp.,NA,NA,unknown
WS27R,Plethodon sp.,NA,NA,unknown
WS27R,Plethodon sp.,NA,58,female
WS27R,Plethodon sp.,NA,NA,juvenile
WS27R,Plethodon sp.,NA,NA,juvenile
WS27R,Plethodon sp.,NA,NA,juvenile
WS27R,Plethodon sp.,NA,50,female
WS27R,Plethodon sp.,NA,51,female
WS27R,Plethodon sp.,NA,56,female
WS27R,Plethodon sp.,NA,NA,juvenile
WS27R,Plethodon sp.,NA,NA,juvenile
WS27R,Plethodon sp.,NA,NA,male
WS27R,Plethodon sp.,NA,NA,juvenile
WS27R,Plethodon sp.,NA,NA,juvenile
WS27R,Plethodon sp.,NA,NA,juvenile
WS27R,Plethodon sp.,NA,NA,juvenile
WS27R,Plethodon sp.,NA,NA,unknown
2750,Plethodon sp.,NA,47,unknown
2750,Plethodon sp.,NA,25,unknown
2750,Plethodon sp.,NA,52,female
2750,Plethodon sp.,NA,47,unknown
2750,Plethodon sp.,NA,41,unknown
2750,Plethodon sp.,NA,47,unknown
2750,Plethodon sp.,NA,23,unknown
2750,Plethodon sp.,NA,30,unknown
2750,Plethodon sp.,NA,29,unknown
2750,Plethodon sp.,NA,30,unknown
2750,Plethodon sp.,NA,45,unknown
2850,Plethodon sp.,NA,53,female
2850,Plethodon sp.,NA,30,unknown
2850,Plethodon sp.,NA,28,unknown
2850,Plethodon sp.,NA,25,unknown
2850,Plethodon sp.,NA,22,unknown
2850,Plethodon sp.,NA,27,unknown
2850,Plethodon sp.,NA,43,unknown
2850,Plethodon sp.,NA,32,unknown
2850,Plethodon sp.,NA,24,unknown
2850,Plethodon sp.,NA,29,unknown
2850,Plethodon sp.,NA,42,unknown
2850,Plethodon sp.,NA,29,unknown
2850,Plethodon sp.,NA,25,unknown
2850,Plethodon sp.,NA,32,unknown
2850,Plethodon sp.,NA,24,unknown
2850,Plethodon sp.,NA,41,unknown
2850,Plethodon sp.,NA,45,unknown
2850,Plethodon sp.,NA,45,unknown
2850,Plethodon sp.,NA,45,unknown
2850,Plethodon sp.,NA,28,unknown
2850,Plethodon sp.,NA,26,unknown
2850,Plethodon sp.,NA,45,unknown
2850,Plethodon sp.,NA,32,unknown
2850,Plethodon sp.,NA,47,unknown
2850,Plethodon sp.,NA,46,unknown
2950,Plethodon sp.,NA,55,female
2950,Plethodon sp.,NA,25,unknown
2950,Plethodon sp.,NA,43,unknown
2950,Plethodon sp.,NA,46,unknown
2950,Plethodon sp.,NA,45,unknown
2950,Plethodon sp.,NA,37,unknown
2950,Plethodon sp.,NA,23,unknown
2950,Plethodon sp.,NA,26,unknown
2950,Plethodon sp.,NA,26,unknown
2950,Plethodon sp.,NA,22,unknown
2950,Plethodon sp.,NA,40,unknown
2950,Plethodon sp.,NA,40,unknown
2950,Plethodon sp.,NA,23,unknown
2950,Plethodon sp.,NA,42,unknown
2950,Plethodon sp.,NA,52,unknown
2750,Plethodon sp.,NA,70,male
2750,Plethodon sp.,NA,63,male
2750,Plethodon sp.,NA,64,female
2750,Plethodon sp.,NA,59,unknown
2850,Plethodon sp.,NA,66,female
2850,Plethodon sp.,NA,64,male
2850,Plethodon sp.,NA,63,male
2850,Plethodon sp.,NA,67,male
2850,Plethodon sp.,NA,62,male
2950,Plethodon sp.,NA,59,male
2950,Plethodon sp.,NA,58,male
2950,Plethodon sp.,NA,63,unknown
2950,Plethodon sp.,NA,65,female
2950,Plethodon sp.,NA,73,female
2950,Plethodon sp.,NA,65,male
2950,Plethodon sp.,NA,64,female
2950,Plethodon sp.,NA,55,male
2950,Plethodon sp.,NA,61,female
2750,Plethodon sp.,NA,54,female
2750,Plethodon sp.,NA,21,unknown
2750,Plethodon sp.,NA,32,unknown
2750,Plethodon sp.,NA,45,unknown
2750,Plethodon sp.,NA,49,unknown
2750,Plethodon sp.,NA,44,unknown
2750,Plethodon sp.,NA,56,female
2750,Plethodon sp.,NA,46,unknown
2750,Plethodon sp.,NA,40,unknown
2750,Plethodon sp.,NA,26,unknown
2750,Plethodon sp.,NA,43,unknown
2750,Plethodon sp.,NA,47,unknown
2750,Plethodon sp.,NA,42,unknown
2750,Plethodon sp.,NA,NA,unknown
2850,Plethodon sp.,NA,44,unknown
2850,Plethodon sp.,NA,45,unknown
2850,Plethodon sp.,NA,NA,unknown
2850,Plethodon sp.,NA,NA,unknown
2850,Plethodon sp.,NA,29,unknown
2850,Plethodon sp.,NA,28,unknown
2850,Plethodon sp.,NA,53,unknown
2850,Plethodon sp.,NA,33,unknown
2850,Plethodon sp.,NA,42,unknown
2850,Plethodon sp.,NA,45,unknown
2950,Plethodon sp.,NA,47,unknown
2950,Plethodon sp.,NA,24,unknown
2950,Plethodon sp.,NA,43,unknown
2950,Plethodon sp.,NA,47,unknown
2950,Plethodon sp.,NA,40,unknown
2950,Plethodon sp.,NA,NA,unknown
2950,Plethodon sp.,NA,31,unknown
2950,Plethodon sp.,NA,NA,unknown
2950,Plethodon sp.,NA,41,unknown
2950,Plethodon sp.,NA,42,unknown
2950,Plethodon sp.,NA,NA,unknown
2950,Plethodon sp.,NA,NA,unknown
2950,Plethodon sp.,NA,52,female
2950,Plethodon sp.,NA,51,female
2950,Plethodon sp.,NA,44,unknown
2950,Plethodon sp.,NA,49,unknown
2750,Plethodon sp.,NA,68,female
2750,Plethodon sp.,NA,71,female
2850,Plethodon sp.,NA,NA,unknown
2850,Plethodon sp.,NA,NA,unknown
2850,Plethodon sp.,NA,65,male
2850,Plethodon sp.,NA,66,male
2850,Plethodon sp.,NA,NA,unknown
2950,Plethodon sp.,NA,57,male
2950,Plethodon sp.,NA,NA,unknown
2950,Plethodon sp.,NA,63,unknown
2950,Plethodon sp.,NA,NA,female
2950,Plethodon sp.,NA,67,male
2950,Plethodon sp.,NA,NA,unknown
2950,Plethodon sp.,NA,52,male
2750,Plethodon sp.,NA,NA,unknown
2750,Plethodon sp.,NA,27,unknown
2850,Plethodon sp.,NA,23,unknown
2850,Plethodon sp.,NA,27,unknown
2850,Plethodon sp.,NA,NA,unknown
2850,Plethodon sp.,NA,24,unknown
2850,Plethodon sp.,NA,45,unknown
2850,Plethodon sp.,NA,NA,unknown
2850,Plethodon sp.,NA,NA,unknown
2850,Plethodon sp.,NA,55,female
2850,Plethodon sp.,NA,46,unknown
2850,Plethodon sp.,NA,53,female
2850,Plethodon sp.,NA,46,unknown
2950,Plethodon sp.,NA,NA,unknown
2950,Plethodon sp.,NA,43,unknown
2950,Plethodon sp.,NA,34,unknown
2950,Plethodon sp.,NA,21,unknown
2950,Plethodon sp.,NA,49,unknown
2950,Plethodon sp.,NA,41,unknown
2950,Plethodon sp.,NA,35,unknown
2950,Plethodon sp.,NA,NA,unknown
2950,Plethodon sp.,NA,24,unknown
2950,Plethodon sp.,NA,25,unknown
2950,Plethodon sp.,NA,38,unknown
2950,Plethodon sp.,NA,23,unknown
2950,Plethodon sp.,NA,46,unknown
2950,Plethodon sp.,NA,55,female
2950,Plethodon sp.,NA,26,unknown
2950,Plethodon sp.,NA,26,unknown
2950,Plethodon sp.,NA,24,unknown
2950,Plethodon sp.,NA,36,unknown
2950,Plethodon sp.,NA,23,unknown
2950,Plethodon sp.,NA,NA,unknown
2950,Plethodon sp.,NA,42,unknown
2950,Plethodon sp.,NA,NA,unknown
2750,Plethodon sp.,NA,59,unknown
2750,Plethodon sp.,NA,60,male
2750,Plethodon sp.,NA,NA,unknown
2850,Plethodon sp.,NA,NA,unknown
2850,Plethodon sp.,NA,NA,unknown
2850,Plethodon sp.,NA,NA,male
2850,Plethodon sp.,NA,73,female
2950,Plethodon sp.,NA,56,male
2950,Plethodon sp.,NA,58,female
2950,Plethodon sp.,NA,NA,male
2950,Plethodon sp.,NA,NA,unknown
2950,Plethodon sp.,NA,NA,female
2950,Plethodon sp.,NA,NA,male
2950,Plethodon sp.,NA,NA,female
2950,Plethodon sp.,NA,NA,unknown
2950,Plethodon sp.,NA,NA,male
2950,Plethodon sp.,NA,NA,unknown
2950,Plethodon sp.,NA,56,male
WS10M,Plethodon sp.,NA,NA,unknown
WS40M,Plethodon sp.,NA,NA,juvenile
WS40M,Plethodon sp.,NA,NA,unknown
WS40M,Plethodon sp.,NA,NA,unknown
WS40M,Plethodon sp.,NA,NA,female
WS10M,Plethodon sp.,NA,57,female
WS10R,Plethodon sp.,NA,NA,juvenile
WS10R,Plethodon sp.,NA,NA,male
WS10R,Plethodon sp.,NA,NA,male
WS10R,Plethodon sp.,NA,NA,male
WS10R,Plethodon sp.,NA,NA,unknown
WS10R,Plethodon sp.,NA,62,male
WS10R,Plethodon sp.,NA,NA,juvenile
WS7R,Plethodon sp.,NA,62,female
WS40M,Plethodon sp.,NA,NA,male
WS7R,Plethodon sp.,NA,NA,juvenile
WS10R,Plethodon sp.,NA,NA,male
WS40M,Plethodon sp.,NA,NA,juvenile
WS40M,Plethodon sp.,NA,NA,male
WS40M,Plethodon sp.,NA,NA,juvenile
WS40M,Plethodon sp.,NA,NA,juvenile
WS40M,Plethodon sp.,NA,NA,juvenile
WS40M,Plethodon sp.,NA,56,female
WS40M,Plethodon sp.,NA,NA,juvenile
WS40M,Plethodon sp.,NA,NA,juvenile
WS40M,Plethodon sp.,NA,NA,juvenile
WS40M,Plethodon sp.,NA,NA,juvenile
WS36M,Plethodon sp.,NA,47,female
WS36M,Plethodon sp.,NA,47,female
WS36M,Plethodon sp.,NA,50,female
WS36M,Plethodon sp.,NA,50,female
WS36M,Plethodon sp.,NA,51,female
WS36M,Plethodon sp.,NA,52,female
WS36M,Plethodon sp.,NA,53,female
WS36M,Plethodon sp.,NA,53,female
WS36M,Plethodon sp.,NA,55,female
WS36M,Plethodon sp.,NA,55,female
WS36M,Plethodon sp.,NA,56,female
WS36M,Plethodon sp.,NA,56,female
WS36M,Plethodon sp.,NA,63,female
WS36M,Plethodon sp.,NA,NA,female
WS36M,Plethodon sp.,NA,NA,juvenile
WS36M,Plethodon sp.,NA,NA,juvenile
WS36M,Plethodon sp.,NA,NA,juvenile
WS36M,Plethodon sp.,NA,NA,juvenile
WS36M,Plethodon sp.,NA,NA,juvenile
WS36M,Plethodon sp.,NA,NA,juvenile
WS36M,Plethodon sp.,NA,NA,juvenile
WS36M,Plethodon sp.,NA,NA,juvenile
WS36M,Plethodon sp.,NA,NA,juvenile
WS36M,Plethodon sp.,NA,NA,juvenile
WS36M,Plethodon sp.,NA,NA,juvenile
WS36M,Plethodon sp.,NA,NA,juvenile
WS36M,Plethodon sp.,NA,NA,male
WS36M,Plethodon sp.,NA,NA,juvenile
WS36M,Plethodon sp.,NA,NA,juvenile
WS36M,Plethodon sp.,NA,NA,juvenile
WS36M,Plethodon sp.,NA,NA,male
WS36M,Plethodon sp.,NA,NA,juvenile
WS36M,Plethodon sp.,NA,NA,juvenile
WS36M,Plethodon sp.,NA,NA,juvenile
WS36M,Plethodon sp.,NA,NA,male
WS36M,Plethodon sp.,NA,NA,male
WS36M,Plethodon sp.,NA,NA,male
WS36M,Plethodon sp.,NA,NA,juvenile
WS36M,Plethodon sp.,NA,NA,juvenile
WS36M,Plethodon sp.,NA,NA,juvenile
WS36M,Plethodon sp.,NA,NA,male
WS36M,Plethodon sp.,NA,NA,juvenile
WS36M,Plethodon sp.,NA,NA,juvenile
WS36M,Plethodon sp.,NA,NA,juvenile
WS36M,Plethodon sp.,NA,NA,juvenile
WS36M,Plethodon sp.,NA,NA,male
WS36M,Plethodon sp.,NA,NA,juvenile
WS36M,Plethodon sp.,NA,NA,juvenile
WS36M,Plethodon sp.,NA,NA,juvenile
WS36M,Plethodon sp.,NA,NA,juvenile
WS36M,Plethodon sp.,NA,NA,juvenile
WS36M,Plethodon sp.,NA,NA,juvenile
WS36M,Plethodon sp.,NA,NA,male
WS36M,Plethodon sp.,NA,NA,male
WS36M,Plethodon sp.,NA,NA,juvenile
WS36M,Plethodon sp.,NA,NA,juvenile
WS36M,Plethodon sp.,NA,NA,juvenile
WS36M,Plethodon sp.,NA,NA,juvenile
WS36M,Plethodon sp.,NA,NA,juvenile
WS36M,Plethodon sp.,NA,NA,juvenile
WS36M,Plethodon sp.,NA,NA,juvenile
WS36M,Plethodon sp.,NA,NA,juvenile
WS36M,Plethodon sp.,NA,NA,juvenile
WS36M,Plethodon sp.,NA,NA,juvenile
WS36M,Plethodon sp.,NA,NA,juvenile
WS36M,Plethodon sp.,NA,NA,male
WS36R,Plethodon sp.,NA,NA,male
WS36R,Plethodon sp.,NA,NA,juvenile
WS36R,Plethodon sp.,NA,NA,juvenile
WS36R,Plethodon sp.,NA,NA,male
WS36R,Plethodon sp.,NA,NA,male
WS36R,Plethodon sp.,NA,51,female
WS36R,Plethodon sp.,NA,51,female
WS36R,Plethodon sp.,NA,52,female
WS36R,Plethodon sp.,NA,55,female
WS36R,Plethodon sp.,NA,NA,juvenile
WS36R,Plethodon sp.,NA,NA,male
WS36R,Plethodon sp.,NA,NA,male
WS36R,Plethodon sp.,NA,NA,male
WS36R,Plethodon sp.,NA,47,female
WS36R,Plethodon sp.,NA,NA,juvenile
WS36R,Plethodon sp.,NA,NA,juvenile
WS36R,Plethodon sp.,NA,NA,male
WS36R,Plethodon sp.,NA,NA,juvenile
WS36R,Plethodon sp.,NA,NA,juvenile
WS36R,Plethodon sp.,NA,NA,male
WS36R,Plethodon sp.,NA,NA,juvenile
WS36R,Plethodon sp.,NA,NA,juvenile
WS36R,Plethodon sp.,NA,NA,juvenile
WS36R,Plethodon sp.,NA,NA,juvenile
WS36R,Plethodon sp.,NA,NA,juvenile
WS36R,Plethodon sp.,NA,NA,male
WS36R,Plethodon sp.,NA,NA,juvenile
WS40R,Plethodon sp.,NA,60,female
WS40R,Plethodon sp.,NA,NA,male
WS40R,Plethodon sp.,NA,NA,juvenile
WS40R,Plethodon sp.,NA,NA,juvenile
WS40R,Plethodon sp.,NA,NA,juvenile
WS40R,Plethodon sp.,NA,NA,juvenile
WS40R,Plethodon sp.,NA,NA,male
WS40R,Plethodon sp.,NA,NA,juvenile
WS40R,Plethodon sp.,NA,50,female
WS40R,Plethodon sp.,NA,56,female
WS40R,Plethodon sp.,NA,59,female
WS40R,Plethodon sp.,NA,61,female
WS40R,Plethodon sp.,NA,NA,juvenile
WS40R,Plethodon sp.,NA,NA,juvenile
WS40R,Plethodon sp.,NA,NA,juvenile
WS40R,Plethodon sp.,NA,NA,juvenile
WS40R,Plethodon sp.,NA,NA,juvenile
WS40R,Plethodon sp.,NA,NA,juvenile
WS40R,Plethodon sp.,NA,NA,juvenile
WS40R,Plethodon sp.,NA,NA,male
WS40R,Plethodon sp.,NA,NA,male
WS40R,Plethodon sp.,NA,53,female
WS40R,Plethodon sp.,NA,54,female
WS40R,Plethodon sp.,NA,64,female
WS40R,Plethodon sp.,NA,NA,juvenile
WS40R,Plethodon sp.,NA,NA,male
WS36M,Plethodon sp.,NA,46,female
WS36M,Plethodon sp.,NA,50,female
WS36M,Plethodon sp.,NA,51,female
WS36M,Plethodon sp.,NA,52,female
WS36M,Plethodon sp.,NA,56,female
WS36M,Plethodon sp.,NA,57,female
WS36M,Plethodon sp.,NA,60,female
WS36M,Plethodon sp.,NA,61,female
WS36M,Plethodon sp.,NA,NA,unknown
WS36M,Plethodon sp.,NA,NA,juvenile
WS36M,Plethodon sp.,NA,NA,juvenile
WS36M,Plethodon sp.,NA,NA,unknown
WS36M,Plethodon sp.,NA,NA,male
WS36M,Plethodon sp.,NA,NA,juvenile
WS36M,Plethodon sp.,NA,NA,juvenile
WS36M,Plethodon sp.,NA,NA,juvenile
WS36M,Plethodon sp.,NA,NA,juvenile
WS36M,Plethodon sp.,NA,NA,male
WS36M,Plethodon sp.,NA,NA,juvenile
WS36M,Plethodon sp.,NA,NA,juvenile
WS36M,Plethodon sp.,NA,NA,juvenile
WS36M,Plethodon sp.,NA,NA,juvenile
WS36M,Plethodon sp.,NA,NA,male
WS36M,Plethodon sp.,NA,NA,juvenile
WS36M,Plethodon sp.,NA,NA,juvenile
WS36M,Plethodon sp.,NA,NA,juvenile
WS36M,Plethodon sp.,NA,NA,juvenile
WS36M,Plethodon sp.,NA,NA,unknown
WS36M,Plethodon sp.,NA,NA,juvenile
WS36M,Plethodon sp.,NA,NA,juvenile
WS36M,Plethodon sp.,NA,NA,male
WS36M,Plethodon sp.,NA,NA,unknown
WS36M,Plethodon sp.,NA,NA,juvenile
WS36M,Plethodon sp.,NA,NA,juvenile
WS36M,Plethodon sp.,NA,NA,juvenile
WS36M,Plethodon sp.,NA,NA,juvenile
WS36R,Plethodon sp.,NA,59,female
WS36R,Plethodon sp.,NA,67,female
WS36R,Plethodon sp.,NA,NA,juvenile
WS36R,Plethodon sp.,NA,NA,male
WS36R,Plethodon sp.,NA,NA,male
WS40R,Plethodon sp.,NA,57,female
WS40R,Plethodon sp.,NA,62,female
WS40R,Plethodon sp.,NA,NA,juvenile
WS40R,Plethodon sp.,NA,NA,unknown
WS36M,Plethodon sp.,NA,56,female
WS36M,Plethodon sp.,NA,NA,unknown
WS36M,Plethodon sp.,NA,NA,juvenile
WS36M,Plethodon sp.,NA,NA,juvenile
WS36M,Plethodon sp.,NA,NA,juvenile
WS36M,Plethodon sp.,NA,NA,juvenile
WS36M,Plethodon sp.,NA,NA,juvenile
WS36M,Plethodon sp.,NA,NA,juvenile
WS36M,Plethodon sp.,NA,NA,male
WS36M,Plethodon sp.,NA,NA,male
WS36M,Plethodon sp.,NA,NA,juvenile
WS36M,Plethodon sp.,NA,NA,juvenile
WS36M,Plethodon sp.,NA,NA,juvenile
WS36M,Plethodon sp.,NA,NA,juvenile
WS36M,Plethodon sp.,NA,NA,juvenile
WS36M,Plethodon sp.,NA,NA,unknown
WS36M,Plethodon sp.,NA,NA,juvenile
WS36M,Plethodon sp.,NA,NA,juvenile
WS36M,Plethodon sp.,NA,NA,juvenile
WS36M,Plethodon sp.,NA,NA,male
WS36M,Plethodon sp.,NA,NA,male
WS36M,Plethodon sp.,NA,NA,unknown
WS36M,Plethodon sp.,NA,NA,juvenile
WS36M,Plethodon sp.,NA,NA,juvenile
WS36M,Plethodon sp.,NA,NA,juvenile
WS40R,Plethodon sp.,NA,NA,juvenile
WS40R,Plethodon sp.,NA,NA,male
WS6M,Plethodon sp.,NA,NA,juvenile
WS7C,Plethodon sp.,NA,NA,male
WS18R,Plethodon sp.,NA,NA,unknown
WS18C,Plethodon sp.,NA,NA,unknown
WS40C,Plethodon sp.,NA,NA,juvenile
WS18C,Plethodon sp.,NA,61,female
WS7C,Plethodon sp.,NA,NA,juvenile
WS40C,Plethodon sp.,NA,NA,juvenile
WSXR,Plethodon sp.,NA,54,female
WSXR,Plethodon sp.,NA,57,female
WSXR,Plethodon sp.,NA,NA,juvenile
WSXR,Plethodon sp.,NA,NA,juvenile
WSXR,Plethodon sp.,NA,NA,female
WSXR,Plethodon sp.,NA,NA,male
WSXR,Plethodon sp.,NA,NA,juvenile
WSXR,Plethodon sp.,NA,NA,juvenile
WSXR,Plethodon sp.,NA,NA,juvenile
WSXR,Plethodon sp.,NA,NA,juvenile
WSXR,Plethodon sp.,NA,NA,juvenile
WSXR,Plethodon sp.,NA,NA,juvenile
WSXR,Plethodon sp.,NA,NA,juvenile
WSXR,Plethodon sp.,NA,NA,juvenile
WSXR,Plethodon sp.,NA,NA,juvenile
WSXR,Plethodon sp.,NA,61,female
WSXR,Plethodon sp.,NA,NA,juvenile
WSXR,Plethodon sp.,NA,NA,juvenile
WSXR,Plethodon sp.,NA,NA,juvenile
WSXR,Plethodon sp.,NA,NA,juvenile
WSXR,Plethodon sp.,NA,NA,male
WSXR,Plethodon sp.,NA,58,female
WSXR,Plethodon sp.,NA,66,female
WSXR,Plethodon sp.,NA,NA,male
WSXR,Plethodon sp.,NA,NA,male
WSXR,Plethodon sp.,NA,NA,male
WSXR,Plethodon sp.,NA,NA,male
WSXR,Plethodon sp.,NA,NA,male
WSXR,Plethodon sp.,NA,NA,juvenile
WSXR,Plethodon sp.,NA,NA,juvenile
WSXR,Plethodon sp.,NA,NA,unknown
WSXM,Plethodon sp.,NA,51,female
WSXM,Plethodon sp.,NA,54,female
WSXM,Plethodon sp.,NA,54,female
WSXM,Plethodon sp.,NA,NA,juvenile
WSXM,Plethodon sp.,NA,48,female
WSXM,Plethodon sp.,NA,NA,male
WSXM,Plethodon sp.,NA,NA,juvenile
WSXM,Plethodon sp.,NA,NA,juvenile
WSXC,Plethodon sp.,NA,56,female
WSXC,Plethodon sp.,NA,NA,juvenile
WSXC,Plethodon sp.,NA,NA,juvenile
WSXC,Plethodon sp.,NA,NA,male
WSXC,Plethodon sp.,NA,53,female
WSXC,Plethodon sp.,NA,58,female
WSXC,Plethodon sp.,NA,59,female
WSXC,Plethodon sp.,NA,62,female
WSXC,Plethodon sp.,NA,NA,male
WSXC,Plethodon sp.,NA,NA,juvenile
WSXC,Plethodon sp.,NA,NA,male
WSXC,Plethodon sp.,NA,NA,male
WSXC,Plethodon sp.,NA,NA,male
WSXC,Plethodon sp.,NA,67,female
WSXC,Plethodon sp.,NA,NA,juvenile
WSXC,Plethodon sp.,NA,NA,male
WSXC,Plethodon sp.,NA,NA,juvenile
WSXC,Plethodon sp.,NA,65,female
WSXC,Plethodon sp.,NA,NA,male
WSXC,Plethodon sp.,NA,NA,male
WSXC,Plethodon sp.,NA,NA,juvenile
WSXC,Plethodon sp.,NA,NA,juvenile
WSXC,Plethodon sp.,NA,NA,female
WSXC,Plethodon sp.,NA,NA,male
WSXC,Plethodon sp.,NA,NA,female
WSXC,Plethodon sp.,NA,NA,male
WSXC,Plethodon sp.,NA,NA,female
WSXC,Plethodon sp.,NA,50,female
WSXC,Plethodon sp.,NA,NA,male
WSXM,Plethodon sp.,NA,NA,juvenile
WSXM,Plethodon sp.,NA,NA,male
WSXM,Plethodon sp.,NA,NA,juvenile
WSXM,Plethodon sp.,NA,NA,juvenile
WSXM,Plethodon sp.,NA,NA,juvenile
WSXM,Plethodon sp.,NA,NA,male
WSXM,Plethodon sp.,NA,47,female
WSXM,Plethodon sp.,NA,50,female
WSXM,Plethodon sp.,NA,58,female
WSXM,Plethodon sp.,NA,NA,juvenile
WSXM,Plethodon sp.,NA,58,female
WSXM,Plethodon sp.,NA,NA,juvenile
WSXM,Plethodon sp.,NA,NA,juvenile
WSXR,Plethodon sp.,NA,NA,juvenile
WSXR,Plethodon sp.,NA,NA,juvenile
WSXR,Plethodon sp.,NA,NA,juvenile
WSXR,Plethodon sp.,NA,NA,juvenile
WSXR,Plethodon sp.,NA,NA,juvenile
WSXR,Plethodon sp.,NA,NA,juvenile
WSXR,Plethodon sp.,NA,NA,juvenile
WSXC,Plethodon sp.,NA,49,female
WSXC,Plethodon sp.,NA,NA,juvenile
WSXC,Plethodon sp.,NA,NA,juvenile
WSXM,Plethodon sp.,NA,NA,juvenile
WSXC,Plethodon sp.,NA,NA,male
WSXC,Plethodon sp.,NA,NA,juvenile
WS27C,Plethodon sp.,NA,52,female
WS27R,Plethodon sp.,NA,46,female
WS27C,Plethodon sp.,NA,NA,juvenile
WS27C,Plethodon sp.,NA,NA,juvenile
WS27C,Plethodon sp.,NA,NA,juvenile
WS27R,Plethodon sp.,NA,NA,unknown
WS27C,Plethodon sp.,NA,NA,juvenile
WS27C,Plethodon sp.,NA,45,female
WS27C,Plethodon sp.,NA,46,female
WS27C,Plethodon sp.,NA,49,female
WS27C,Plethodon sp.,NA,NA,male
WS27C,Plethodon sp.,NA,NA,unknown
WS27R,Plethodon sp.,NA,NA,juvenile
WS27R,Plethodon sp.,NA,62,female
WS27R,Plethodon sp.,NA,52,female
WS27C,Plethodon sp.,NA,NA,juvenile
WS27R,Plethodon sp.,NA,61,female
WS27R,Plethodon sp.,NA,NA,male
WS27C,Plethodon sp.,NA,NA,juvenile
WS27C,Plethodon sp.,NA,NA,juvenile
WS27C,Plethodon sp.,NA,51,female
WS27C,Plethodon sp.,NA,NA,juvenile
WS27C,Plethodon sp.,NA,NA,juvenile
WS27C,Plethodon sp.,NA,NA,juvenile
WS27C,Plethodon sp.,NA,NA,juvenile
WS27C,Plethodon sp.,NA,NA,juvenile
WS27C,Plethodon sp.,NA,NA,juvenile
WS27R,Plethodon sp.,NA,NA,unknown
2750,Plethodon sp.,NA,39,unknown
2750,Plethodon sp.,NA,36,unknown
2750,Plethodon sp.,NA,40,unknown
2750,Plethodon sp.,NA,50,female
2850,Plethodon sp.,NA,29,unknown
2850,Plethodon sp.,NA,31,unknown
2850,Plethodon sp.,NA,31,unknown
2850,Plethodon sp.,NA,42,unknown
2850,Plethodon sp.,NA,28,unknown
2850,Plethodon sp.,NA,46,unknown
2950,Plethodon sp.,NA,28,unknown
2950,Plethodon sp.,NA,42,male
2950,Plethodon sp.,NA,36,unknown
2950,Plethodon sp.,NA,28,unknown
2950,Plethodon sp.,NA,45,male
2950,Plethodon sp.,NA,44,unknown
2950,Plethodon sp.,NA,47,unknown
2950,Plethodon sp.,NA,46,unknown
2950,Plethodon sp.,NA,50,female
2950,Plethodon sp.,NA,44,unknown
2950,Plethodon sp.,NA,30,unknown
2950,Plethodon sp.,NA,26,unknown
2750,Plethodon sp.,NA,59,female
2750,Plethodon sp.,NA,66,male
2750,Plethodon sp.,NA,59,male
2750,Plethodon sp.,NA,64,male
2750,Plethodon sp.,NA,60,female
2750,Plethodon sp.,NA,71,female
2850,Plethodon sp.,NA,62,male
2850,Plethodon sp.,NA,71,male
2850,Plethodon sp.,NA,63,male
2850,Plethodon sp.,NA,64,male
2850,Plethodon sp.,NA,66,female
2850,Plethodon sp.,NA,59,male
2850,Plethodon sp.,NA,59,male
2950,Plethodon sp.,NA,60,female
2950,Plethodon sp.,NA,56,male
2950,Plethodon sp.,NA,67,female
2950,Plethodon sp.,NA,63,male
2950,Plethodon sp.,NA,66,male
2750,Plethodon sp.,NA,42,unknown
2750,Plethodon sp.,NA,45,unknown
2750,Plethodon sp.,NA,50,male
2850,Plethodon sp.,NA,28,unknown
2850,Plethodon sp.,NA,37,unknown
2850,Plethodon sp.,NA,33,unknown
2950,Plethodon sp.,NA,53,female
2950,Plethodon sp.,NA,51,female
2950,Plethodon sp.,NA,21,unknown
2950,Plethodon sp.,NA,50,female
2950,Plethodon sp.,NA,54,unknown
2750,Plethodon sp.,NA,70,male
2750,Plethodon sp.,NA,66,male
2750,Plethodon sp.,NA,NA,unknown
2850,Plethodon sp.,NA,57,male
2850,Plethodon sp.,NA,77,female
2850,Plethodon sp.,NA,64,male
2850,Plethodon sp.,NA,67,male
2850,Plethodon sp.,NA,52,male
2950,Plethodon sp.,NA,NA,unknown
2950,Plethodon sp.,NA,NA,unknown
2950,Plethodon sp.,NA,57,male
2950,Plethodon sp.,NA,60,female
2950,Plethodon sp.,NA,69,male
2950,Plethodon sp.,NA,56,male
2750,Plethodon sp.,NA,56,female
2750,Plethodon sp.,NA,49,unknown
2750,Plethodon sp.,NA,42,unknown
2750,Plethodon sp.,NA,36,unknown
2750,Plethodon sp.,NA,54,female
2750,Plethodon sp.,NA,36,unknown
2750,Plethodon sp.,NA,54,female
2750,Plethodon sp.,NA,NA,male
2750,Plethodon sp.,NA,50,female
2850,Plethodon sp.,NA,29,unknown
2850,Plethodon sp.,NA,NA,unknown
2850,Plethodon sp.,NA,NA,unknown
2850,Plethodon sp.,NA,34,unknown
2850,Plethodon sp.,NA,53,female
2850,Plethodon sp.,NA,44,unknown
2850,Plethodon sp.,NA,32,unknown
2850,Plethodon sp.,NA,33,unknown
2850,Plethodon sp.,NA,52,unknown
2950,Plethodon sp.,NA,40,unknown
2950,Plethodon sp.,NA,49,unknown
2950,Plethodon sp.,NA,34,unknown
2950,Plethodon sp.,NA,34,unknown
2950,Plethodon sp.,NA,52,female
2950,Plethodon sp.,NA,42,unknown
2950,Plethodon sp.,NA,41,unknown
2950,Plethodon sp.,NA,50,male
2950,Plethodon sp.,NA,NA,unknown
2950,Plethodon sp.,NA,42,unknown
2950,Plethodon sp.,NA,29,unknown
2950,Plethodon sp.,NA,32,unknown
2950,Plethodon sp.,NA,22,unknown
2950,Plethodon sp.,NA,44,unknown
2950,Plethodon sp.,NA,30,unknown
2950,Plethodon sp.,NA,34,unknown
2950,Plethodon sp.,NA,32,unknown
2950,Plethodon sp.,NA,47,unknown
2950,Plethodon sp.,NA,47,unknown
2750,Plethodon sp.,NA,68,male
2750,Plethodon sp.,NA,NA,male
2750,Plethodon sp.,NA,62,male
2750,Plethodon sp.,NA,73,male
2750,Plethodon sp.,NA,64,male
2750,Plethodon sp.,NA,NA,unknown
2850,Plethodon sp.,NA,NA,male
2850,Plethodon sp.,NA,53,male
2850,Plethodon sp.,NA,65,male
2850,Plethodon sp.,NA,59,female
2850,Plethodon sp.,NA,60,male
2850,Plethodon sp.,NA,63,male
2850,Plethodon sp.,NA,72,male
2850,Plethodon sp.,NA,60,female
2950,Plethodon sp.,NA,NA,female
2950,Plethodon sp.,NA,63,female
2950,Plethodon sp.,NA,NA,unknown
2950,Plethodon sp.,NA,NA,unknown
2950,Plethodon sp.,NA,62,male
2950,Plethodon sp.,NA,63,male
2950,Plethodon sp.,NA,NA,unknown
2950,Plethodon sp.,NA,66,male
2950,Plethodon sp.,NA,58,male
2950,Plethodon sp.,NA,60,male
2950,Plethodon sp.,NA,NA,unknown
2950,Plethodon sp.,NA,65,female
2950,Plethodon sp.,NA,NA,female
2950,Plethodon sp.,NA,68,male
2950,Plethodon sp.,NA,59,male
2950,Plethodon sp.,NA,NA,male
WS10M,Plethodon sp.,NA,NA,juvenile
WS10M,Plethodon sp.,NA,NA,unknown
WS7R,Plethodon sp.,NA,NA,unknown
WS10M,Plethodon sp.,NA,NA,unknown
WS36R,Plethodon sp.,NA,NA,juvenile
WS36M,Plethodon sp.,NA,58,female
WS36M,Plethodon sp.,NA,59,female
WS7C,Plethodon sp.,NA,NA,juvenile
WS7C,Plethodon sp.,NA,NA,juvenile
WS36M,Plethodon sp.,NA,NA,unknown
WS36M,Plethodon sp.,NA,NA,unknown
WS36M,Plethodon sp.,NA,NA,female
WS36M,Plethodon sp.,NA,NA,male
WS36M,Plethodon sp.,NA,NA,juvenile
WS36M,Plethodon sp.,NA,NA,juvenile
WS36M,Plethodon sp.,NA,NA,unknown
WS36M,Plethodon sp.,NA,NA,male
WS36M,Plethodon sp.,NA,NA,juvenile
WS36M,Plethodon sp.,NA,NA,juvenile
WS36M,Plethodon sp.,NA,NA,juvenile
WS36M,Plethodon sp.,NA,NA,juvenile
WS36M,Plethodon sp.,NA,NA,juvenile
WS36M,Plethodon sp.,NA,NA,juvenile
WS36M,Plethodon sp.,NA,NA,male
WS36R,Plethodon sp.,NA,54,female
WS36R,Plethodon sp.,NA,NA,juvenile
WS36R,Plethodon sp.,NA,52,female
WS36R,Plethodon sp.,NA,NA,juvenile
WS36R,Plethodon sp.,NA,NA,juvenile
WS40M,Plethodon sp.,NA,68,female
WS10C,Plethodon sp.,NA,NA,unknown
WS40C,Plethodon sp.,NA,NA,unknown
WS40C,Plethodon sp.,NA,NA,unknown
WS40C,Plethodon sp.,NA,NA,juvenile
WS40M,Plethodon sp.,NA,NA,unknown
WS40M,Plethodon sp.,NA,NA,unknown
WS40M,Plethodon sp.,NA,NA,juvenile
WS36M,Plethodon sp.,NA,65,female
WS36M,Plethodon sp.,NA,66,female
WS36M,Plethodon sp.,NA,66,female
WS7C,Plethodon sp.,NA,NA,unknown
WS7C,Plethodon sp.,NA,NA,unknown
WS36M,Plethodon sp.,NA,NA,female
WS36M,Plethodon sp.,NA,NA,unknown
WS36M,Plethodon sp.,NA,NA,unknown
WS36M,Plethodon sp.,NA,NA,juvenile
WS36M,Plethodon sp.,NA,NA,juvenile
WS36M,Plethodon sp.,NA,NA,unknown
WS36M,Plethodon sp.,NA,NA,juvenile
WS36R,Plethodon sp.,NA,56,female
WS36R,Plethodon sp.,NA,NA,male
WS36R,Plethodon sp.,NA,NA,unknown
WS36R,Plethodon sp.,NA,NA,unknown
WS40R,Plethodon sp.,NA,NA,juvenile
WS40R,Plethodon sp.,NA,NA,male
WS40R,Plethodon sp.,NA,NA,male
WS40R,Plethodon sp.,NA,57,female
WS40R,Plethodon sp.,NA,66,female
WS40R,Plethodon sp.,NA,NA,juvenile
WS40C,Plethodon sp.,NA,NA,unknown
WS40C,Plethodon sp.,NA,NA,unknown
WS40C,Plethodon sp.,NA,NA,unknown
WS40C,Plethodon sp.,NA,NA,juvenile
WS36M,Plethodon sp.,NA,62,female
WS36M,Plethodon sp.,NA,62,female
WS7C,Plethodon sp.,NA,NA,juvenile
WS36M,Plethodon sp.,NA,NA,unknown
WS36M,Plethodon sp.,NA,NA,unknown
WS36M,Plethodon sp.,NA,NA,unknown
WS40C,Plethodon sp.,NA,NA,juvenile
WS40C,Plethodon sp.,NA,NA,juvenile
WS40C,Plethodon sp.,NA,NA,juvenile
WS40C,Plethodon sp.,NA,NA,juvenile
WS40R,Plethodon sp.,NA,NA,unknown
WS40R,Plethodon sp.,NA,NA,unknown
WS40R,Plethodon sp.,NA,NA,unknown
WS40M,Plethodon sp.,NA,NA,unknown
WS1,Plethodon sp.,NA,NA,unknown
WS10C,Plethodon sp.,NA,NA,unknown
WS40M,Plethodon sp.,NA,NA,male
WS40M,Plethodon sp.,NA,NA,unknown
WS40M,Plethodon sp.,NA,67,female
WS40M,Plethodon sp.,NA,NA,male
WS40M,Plethodon sp.,NA,NA,unknown
WS40M,Plethodon sp.,NA,NA,unknown
WS40M,Plethodon sp.,NA,NA,male
WS40M,Plethodon sp.,NA,NA,unknown
WS40M,Plethodon sp.,NA,NA,female
WS40M,Plethodon sp.,NA,NA,unknown
WSXR,Plethodon sp.,NA,NA,juvenile
WSXR,Plethodon sp.,NA,18,juvenile
WSXR,Plethodon sp.,NA,NA,juvenile
WSXR,Plethodon sp.,NA,NA,juvenile
WSXR,Plethodon sp.,NA,NA,juvenile
WSXR,Plethodon sp.,NA,18,juvenile
WSXR,Plethodon sp.,NA,NA,juvenile
WSXR,Plethodon sp.,NA,NA,unknown
WSXR,Plethodon sp.,NA,NA,unknown
WS27R,Plethodon sp.,NA,47,female
WS27R,Plethodon sp.,NA,NA,unknown
WS27R,Plethodon sp.,NA,NA,unknown
WS27R,Plethodon sp.,NA,NA,unknown
WSXR,Plethodon sp.,NA,58,female
WSXR,Plethodon sp.,NA,NA,juvenile
WSXR,Plethodon sp.,NA,NA,unknown
WSXC,Plethodon sp.,NA,69,female
WSXM,Plethodon sp.,NA,20,juvenile
WSXC,Plethodon sp.,NA,NA,unknown
WSXC,Plethodon sp.,NA,NA,female
WSXC,Plethodon sp.,NA,58,female
WSXC,Plethodon sp.,NA,NA,unknown
WSXM,Plethodon sp.,NA,NA,unknown
WSXM,Plethodon sp.,NA,NA,unknown
WS27C,Plethodon sp.,NA,17,juvenile
WS27C,Plethodon sp.,NA,52,male
WS27C,Plethodon sp.,NA,NA,juvenile
WS27C,Plethodon sp.,NA,NA,juvenile
WS27C,Plethodon sp.,NA,NA,juvenile
WS27C,Plethodon sp.,NA,NA,female
WS27C,Plethodon sp.,NA,NA,unknown
WS27C,Plethodon sp.,NA,NA,unknown
WS27C,Plethodon sp.,NA,52,female
WS27C,Plethodon sp.,NA,56,female
WS27C,Plethodon sp.,NA,58,female
WS27C,Plethodon sp.,NA,NA,juvenile
WS27C,Plethodon sp.,NA,NA,juvenile
WS27C,Plethodon sp.,NA,NA,juvenile
WS27C,Plethodon sp.,NA,NA,male
WS27C,Plethodon sp.,NA,NA,unknown
WS18R,Plethodon sp.,NA,NA,unknown
WS18R,Plethodon sp.,NA,NA,unknown
WS27C,Plethodon sp.,NA,NA,male
WS27C,Plethodon sp.,NA,NA,unknown
WS27C,Plethodon sp.,NA,NA,juvenile
WS27C,Plethodon sp.,NA,NA,juvenile
WS27R,Plethodon sp.,NA,NA,juvenile
WS27R,Plethodon sp.,NA,NA,juvenile
WSXR,Plethodon sp.,NA,NA,juvenile
WSXR,Plethodon sp.,NA,NA,juvenile
WSXC,Plethodon sp.,NA,57,female
WSXC,Plethodon sp.,NA,NA,unknown
WSXC,Plethodon sp.,NA,56,unknown
WSXM,Plethodon sp.,NA,NA,juvenile
WSXM,Plethodon sp.,NA,NA,juvenile
WSXM,Plethodon sp.,NA,NA,juvenile
WSXM,Plethodon sp.,NA,NA,juvenile
WSXM,Plethodon sp.,NA,NA,unknown
WSXM,Plethodon sp.,NA,52,female
WS27R,Plethodon sp.,NA,NA,male
WS27R,Plethodon sp.,NA,57,female
WS27C,Plethodon sp.,NA,NA,juvenile
WS27C,Plethodon sp.,NA,53,female
WS27C,Plethodon sp.,NA,54,female
WS18C,Plethodon sp.,NA,NA,unknown
WS18C,Plethodon sp.,NA,NA,male
WS18R,Plethodon sp.,NA,NA,unknown
WS27C,Plethodon sp.,NA,NA,male
WS27C,Plethodon sp.,NA,NA,unknown
WS27C,Plethodon sp.,NA,NA,unknown
WS27C,Plethodon sp.,NA,55,female
WS27C,Plethodon sp.,NA,NA,juvenile
WSXR,Plethodon sp.,NA,NA,unknown
WSXC,Plethodon sp.,NA,NA,unknown
WSXC,Plethodon sp.,NA,NA,unknown
WS27R,Plethodon sp.,NA,NA,male
WS27R,Plethodon sp.,NA,NA,juvenile
WS27R,Plethodon sp.,NA,NA,juvenile
WS27R,Plethodon sp.,NA,55,female
WS27R,Plethodon sp.,NA,60,female
WS27R,Plethodon sp.,NA,NA,juvenile
2750,Plethodon sp.,NA,38,unknown
2750,Plethodon sp.,NA,44,unknown
2750,Plethodon sp.,NA,56,female
2750,Plethodon sp.,NA,46,unknown
2750,Plethodon sp.,NA,49,unknown
2750,Plethodon sp.,NA,56,female
2750,Plethodon sp.,NA,55,female
2750,Plethodon sp.,NA,45,unknown
2750,Plethodon sp.,NA,43,unknown
2750,Plethodon sp.,NA,52,female
2750,Plethodon sp.,NA,47,unknown
2750,Plethodon sp.,NA,45,unknown
2750,Plethodon sp.,NA,45,unknown
2750,Plethodon sp.,NA,47,unknown
2750,Plethodon sp.,NA,55,female
2850,Plethodon sp.,NA,37,unknown
2850,Plethodon sp.,NA,43,unknown
2850,Plethodon sp.,NA,48,unknown
2850,Plethodon sp.,NA,55,unknown
2850,Plethodon sp.,NA,39,unknown
2850,Plethodon sp.,NA,42,unknown
2850,Plethodon sp.,NA,44,unknown
2850,Plethodon sp.,NA,36,unknown
2850,Plethodon sp.,NA,51,female
2850,Plethodon sp.,NA,37,unknown
2850,Plethodon sp.,NA,51,unknown
2850,Plethodon sp.,NA,54,female
2850,Plethodon sp.,NA,22,unknown
2850,Plethodon sp.,NA,40,unknown
2850,Plethodon sp.,NA,53,female
2850,Plethodon sp.,NA,57,female
2850,Plethodon sp.,NA,52,female
2850,Plethodon sp.,NA,42,unknown
2850,Plethodon sp.,NA,50,female
2850,Plethodon sp.,NA,57,female
2950,Plethodon sp.,NA,45,unknown
2950,Plethodon sp.,NA,48,unknown
2950,Plethodon sp.,NA,50,male
2950,Plethodon sp.,NA,32,unknown
2950,Plethodon sp.,NA,57,female
2950,Plethodon sp.,NA,39,unknown
2950,Plethodon sp.,NA,46,unknown
2950,Plethodon sp.,NA,34,unknown
2950,Plethodon sp.,NA,53,female
2950,Plethodon sp.,NA,42,unknown
2950,Plethodon sp.,NA,42,unknown
2950,Plethodon sp.,NA,48,unknown
2950,Plethodon sp.,NA,51,female
2950,Plethodon sp.,NA,57,female
2950,Plethodon sp.,NA,44,unknown
2950,Plethodon sp.,NA,46,unknown
2950,Plethodon sp.,NA,57,female
2950,Plethodon sp.,NA,40,unknown
2950,Plethodon sp.,NA,50,female
2950,Plethodon sp.,NA,40,unknown
2950,Plethodon sp.,NA,21,unknown
2950,Plethodon sp.,NA,41,unknown
2750,Plethodon sp.,NA,74,female
2750,Plethodon sp.,NA,77,female
2750,Plethodon sp.,NA,71,male
2750,Plethodon sp.,NA,68,female
2750,Plethodon sp.,NA,66,male
2750,Plethodon sp.,NA,63,male
2750,Plethodon sp.,NA,58,unknown
2750,Plethodon sp.,NA,71,female
2750,Plethodon sp.,NA,61,male
2750,Plethodon sp.,NA,64,female
2750,Plethodon sp.,NA,63,female
2850,Plethodon sp.,NA,63,female
2850,Plethodon sp.,NA,57,male
2850,Plethodon sp.,NA,57,male
2850,Plethodon sp.,NA,72,male
2850,Plethodon sp.,NA,60,female
2850,Plethodon sp.,NA,60,male
2850,Plethodon sp.,NA,67,male
2850,Plethodon sp.,NA,64,female
2850,Plethodon sp.,NA,72,female
2850,Plethodon sp.,NA,59,female
2850,Plethodon sp.,NA,61,female
2850,Plethodon sp.,NA,60,male
2850,Plethodon sp.,NA,68,male
2850,Plethodon sp.,NA,56,male
2950,Plethodon sp.,NA,75,male
2950,Plethodon sp.,NA,68,female
2950,Plethodon sp.,NA,71,female
2950,Plethodon sp.,NA,53,male
2950,Plethodon sp.,NA,61,male
2950,Plethodon sp.,NA,66,male
2950,Plethodon sp.,NA,71,female
2950,Plethodon sp.,NA,66,female
2950,Plethodon sp.,NA,59,male
2950,Plethodon sp.,NA,61,female
2950,Plethodon sp.,NA,56,male
2950,Plethodon sp.,NA,66,female
2950,Plethodon sp.,NA,59,male
2750,Plethodon sp.,NA,NA,unknown
2750,Plethodon sp.,NA,54,female
2750,Plethodon sp.,NA,NA,unknown
2750,Plethodon sp.,NA,55,female
2750,Plethodon sp.,NA,37,unknown
2850,Plethodon sp.,NA,35,unknown
2850,Plethodon sp.,NA,20,unknown
2850,Plethodon sp.,NA,51,male
2850,Plethodon sp.,NA,39,unknown
2850,Plethodon sp.,NA,56,female
2850,Plethodon sp.,NA,NA,unknown
2850,Plethodon sp.,NA,NA,unknown
2950,Plethodon sp.,NA,55,female
2950,Plethodon sp.,NA,38,unknown
2950,Plethodon sp.,NA,44,unknown
2950,Plethodon sp.,NA,36,unknown
2950,Plethodon sp.,NA,46,unknown
2950,Plethodon sp.,NA,20,unknown
2950,Plethodon sp.,NA,32,unknown
2950,Plethodon sp.,NA,33,unknown
2950,Plethodon sp.,NA,23,unknown
2950,Plethodon sp.,NA,47,unknown
2950,Plethodon sp.,NA,56,female
2950,Plethodon sp.,NA,34,unknown
2950,Plethodon sp.,NA,54,female
2950,Plethodon sp.,NA,42,unknown
2950,Plethodon sp.,NA,NA,unknown
2950,Plethodon sp.,NA,19,unknown
2950,Plethodon sp.,NA,NA,unknown
2750,Plethodon sp.,NA,67,female
2750,Plethodon sp.,NA,NA,female
2750,Plethodon sp.,NA,66,male
2750,Plethodon sp.,NA,NA,unknown
2750,Plethodon sp.,NA,66,female
2750,Plethodon sp.,NA,NA,female
2750,Plethodon sp.,NA,66,female
2750,Plethodon sp.,NA,NA,unknown
2750,Plethodon sp.,NA,67,male
2750,Plethodon sp.,NA,67,unknown
2850,Plethodon sp.,NA,NA,female
2850,Plethodon sp.,NA,NA,unknown
2850,Plethodon sp.,NA,54,male
2850,Plethodon sp.,NA,NA,unknown
2850,Plethodon sp.,NA,66,male
2850,Plethodon sp.,NA,NA,unknown
2850,Plethodon sp.,NA,62,male
2850,Plethodon sp.,NA,66,female
2850,Plethodon sp.,NA,70,female
2850,Plethodon sp.,NA,62,male
2850,Plethodon sp.,NA,72,male
2850,Plethodon sp.,NA,67,female
2850,Plethodon sp.,NA,71,male
2850,Plethodon sp.,NA,NA,unknown
2950,Plethodon sp.,NA,67,male
2950,Plethodon sp.,NA,67,female
2950,Plethodon sp.,NA,63,female
2950,Plethodon sp.,NA,NA,unknown
2950,Plethodon sp.,NA,NA,unknown
2950,Plethodon sp.,NA,NA,unknown
2950,Plethodon sp.,NA,NA,unknown
2950,Plethodon sp.,NA,NA,unknown
2950,Plethodon sp.,NA,NA,unknown
2950,Plethodon sp.,NA,NA,female
2950,Plethodon sp.,NA,NA,unknown
2950,Plethodon sp.,NA,NA,unknown
2950,Plethodon sp.,NA,53,male
2750,Plethodon sp.,NA,NA,unknown
2750,Plethodon sp.,NA,49,unknown
2750,Plethodon sp.,NA,54,female
2750,Plethodon sp.,NA,55,female
2750,Plethodon sp.,NA,27,unknown
2850,Plethodon sp.,NA,NA,unknown
2850,Plethodon sp.,NA,55,female
2850,Plethodon sp.,NA,41,unknown
2850,Plethodon sp.,NA,43,unknown
2850,Plethodon sp.,NA,NA,unknown
2850,Plethodon sp.,NA,56,female
2850,Plethodon sp.,NA,42,unknown
2850,Plethodon sp.,NA,21,unknown
2850,Plethodon sp.,NA,43,unknown
2850,Plethodon sp.,NA,52,unknown
2950,Plethodon sp.,NA,NA,unknown
2950,Plethodon sp.,NA,47,unknown
2950,Plethodon sp.,NA,24,unknown
2950,Plethodon sp.,NA,19,unknown
2950,Plethodon sp.,NA,22,unknown
2950,Plethodon sp.,NA,19,unknown
2950,Plethodon sp.,NA,31,unknown
2950,Plethodon sp.,NA,48,unknown
2950,Plethodon sp.,NA,50,unknown
2950,Plethodon sp.,NA,NA,unknown
2950,Plethodon sp.,NA,NA,female
2950,Plethodon sp.,NA,NA,unknown
2750,Plethodon sp.,NA,75,female
2750,Plethodon sp.,NA,NA,male
2750,Plethodon sp.,NA,NA,male
2750,Plethodon sp.,NA,74,female
2750,Plethodon sp.,NA,NA,unknown
2750,Plethodon sp.,NA,65,female
2750,Plethodon sp.,NA,65,female
2750,Plethodon sp.,NA,NA,unknown
2750,Plethodon sp.,NA,68,male
2750,Plethodon sp.,NA,60,male
2750,Plethodon sp.,NA,NA,female
2850,Plethodon sp.,NA,NA,unknown
2850,Plethodon sp.,NA,NA,male
2850,Plethodon sp.,NA,NA,male
2850,Plethodon sp.,NA,66,female
2850,Plethodon sp.,NA,71,female
2850,Plethodon sp.,NA,NA,unknown
2850,Plethodon sp.,NA,NA,unknown
2850,Plethodon sp.,NA,73,female
2850,Plethodon sp.,NA,68,male
2850,Plethodon sp.,NA,NA,unknown
2950,Plethodon sp.,NA,61,female
2950,Plethodon sp.,NA,NA,unknown
2950,Plethodon sp.,NA,NA,unknown
2950,Plethodon sp.,NA,NA,unknown
2950,Plethodon sp.,NA,62,male
2950,Plethodon sp.,NA,65,female
2950,Plethodon sp.,NA,NA,unknown
2950,Plethodon sp.,NA,NA,unknown
2950,Plethodon sp.,NA,NA,unknown
2950,Plethodon sp.,NA,NA,unknown
2950,Plethodon sp.,NA,NA,unknown
2950,Plethodon sp.,NA,NA,unknown
2950,Plethodon sp.,NA,NA,unknown
2950,Plethodon sp.,NA,63,female
WS10R,Plethodon sp.,NA,53,female
WS36M,Plethodon sp.,NA,NA,juvenile
WS36M,Plethodon sp.,NA,NA,female
WS36M,Plethodon sp.,NA,NA,female
WS36M,Plethodon sp.,NA,NA,juvenile
WS36M,Plethodon sp.,NA,NA,juvenile
WS36M,Plethodon sp.,NA,NA,female
WS36M,Plethodon sp.,NA,NA,juvenile
WS36M,Plethodon sp.,NA,NA,juvenile
WS36M,Plethodon sp.,NA,NA,juvenile
WS36M,Plethodon sp.,NA,NA,male
WS36M,Plethodon sp.,NA,NA,female
WS36M,Plethodon sp.,NA,NA,female
WS36M,Plethodon sp.,NA,NA,juvenile
WS36M,Plethodon sp.,NA,NA,male
WS36M,Plethodon sp.,NA,60,female
WS36M,Plethodon sp.,NA,NA,juvenile
WS36M,Plethodon sp.,NA,NA,juvenile
WS36M,Plethodon sp.,NA,NA,juvenile
WS36M,Plethodon sp.,NA,NA,juvenile
WS36M,Plethodon sp.,NA,NA,juvenile
WS36M,Plethodon sp.,NA,NA,female
WS36M,Plethodon sp.,NA,NA,juvenile
WS36M,Plethodon sp.,NA,NA,juvenile
WS36M,Plethodon sp.,NA,NA,juvenile
WS36M,Plethodon sp.,NA,NA,juvenile
WS36M,Plethodon sp.,NA,NA,juvenile
WS36M,Plethodon sp.,NA,NA,juvenile
WS36M,Plethodon sp.,NA,NA,juvenile
WS36M,Plethodon sp.,NA,NA,juvenile
WS36M,Plethodon sp.,NA,NA,juvenile
WS36M,Plethodon sp.,NA,NA,juvenile
WS36R,Plethodon sp.,NA,NA,female
WS36R,Plethodon sp.,NA,NA,juvenile
WS36R,Plethodon sp.,NA,NA,juvenile
WS36R,Plethodon sp.,NA,NA,female
WS36R,Plethodon sp.,NA,NA,female
WS36R,Plethodon sp.,NA,NA,juvenile
WS36R,Plethodon sp.,NA,NA,juvenile
WS36R,Plethodon sp.,NA,NA,juvenile
WS36R,Plethodon sp.,NA,NA,female
WS36R,Plethodon sp.,NA,NA,female
WS36R,Plethodon sp.,NA,NA,female
WS36R,Plethodon sp.,NA,NA,female
WS36R,Plethodon sp.,NA,NA,juvenile
WS36R,Plethodon sp.,NA,NA,female
WS40R,Plethodon sp.,NA,NA,juvenile
WS40R,Plethodon sp.,NA,NA,female
WS40R,Plethodon sp.,NA,NA,juvenile
WS40R,Plethodon sp.,NA,NA,female
WS40R,Plethodon sp.,NA,NA,female
WS40R,Plethodon sp.,NA,NA,juvenile
WS40R,Plethodon sp.,NA,NA,female
WS10M,Plethodon sp.,NA,49,female
WS40M,Plethodon sp.,NA,64,female
WS40M,Plethodon sp.,NA,64,female
WS40M,Plethodon sp.,NA,67,female
WS40M,Plethodon sp.,NA,NA,male
WS40M,Plethodon sp.,NA,NA,male
WS36M,Plethodon sp.,NA,NA,juvenile
WS36M,Plethodon sp.,NA,NA,male
WS36M,Plethodon sp.,NA,NA,female
WS36M,Plethodon sp.,NA,NA,female
WS36M,Plethodon sp.,NA,NA,female
WS36M,Plethodon sp.,NA,NA,female
WS36M,Plethodon sp.,NA,NA,juvenile
WS36M,Plethodon sp.,NA,NA,male
WS36M,Plethodon sp.,NA,NA,male
WS36M,Plethodon sp.,NA,NA,female
WS36M,Plethodon sp.,NA,NA,female
WS36M,Plethodon sp.,NA,NA,juvenile
WS36M,Plethodon sp.,NA,NA,juvenile
WS36M,Plethodon sp.,NA,NA,male
WS36M,Plethodon sp.,NA,NA,female
WS36M,Plethodon sp.,NA,NA,juvenile
WS36M,Plethodon sp.,NA,NA,juvenile
WS36M,Plethodon sp.,NA,NA,male
WS36M,Plethodon sp.,NA,NA,female
WS36M,Plethodon sp.,NA,NA,juvenile
WS36M,Plethodon sp.,NA,NA,female
WS36M,Plethodon sp.,NA,NA,female
WS40M,Plethodon sp.,NA,NA,juvenile
WS40M,Plethodon sp.,NA,NA,unknown
WS40M,Plethodon sp.,NA,NA,juvenile
WS40M,Plethodon sp.,NA,NA,male
WS40M,Plethodon sp.,NA,70,female
WS40M,Plethodon sp.,NA,NA,juvenile
WS40M,Plethodon sp.,NA,NA,juvenile
WS40M,Plethodon sp.,NA,NA,male
WS10M,Plethodon sp.,NA,NA,juvenile
WS10R,Plethodon sp.,NA,NA,juvenile
WS36M,Plethodon sp.,NA,NA,juvenile
WS36M,Plethodon sp.,NA,NA,male
WS36M,Plethodon sp.,NA,NA,female
WS36M,Plethodon sp.,NA,NA,juvenile
WS36M,Plethodon sp.,NA,NA,female
WS36M,Plethodon sp.,NA,NA,juvenile
WS36M,Plethodon sp.,NA,NA,juvenile
WS36M,Plethodon sp.,NA,NA,juvenile
WS36M,Plethodon sp.,NA,NA,juvenile
WS36M,Plethodon sp.,NA,NA,juvenile
WS36M,Plethodon sp.,NA,NA,female
WS36M,Plethodon sp.,NA,NA,juvenile
WS36M,Plethodon sp.,NA,NA,juvenile
WS36M,Plethodon sp.,NA,NA,juvenile
WS36M,Plethodon sp.,NA,NA,male
WS36M,Plethodon sp.,NA,NA,juvenile
WS36M,Plethodon sp.,NA,NA,juvenile
WS36M,Plethodon sp.,NA,NA,female
WS36M,Plethodon sp.,NA,NA,juvenile
WS36M,Plethodon sp.,NA,NA,juvenile
WS36M,Plethodon sp.,NA,NA,juvenile
WS36M,Plethodon sp.,NA,NA,female
WS36M,Plethodon sp.,NA,NA,male
WS36M,Plethodon sp.,NA,NA,juvenile
WS36R,Plethodon sp.,NA,NA,juvenile
WS36R,Plethodon sp.,NA,NA,male
WS36R,Plethodon sp.,NA,NA,female
WS36R,Plethodon sp.,NA,NA,juvenile
WS36R,Plethodon sp.,NA,NA,juvenile
WS36R,Plethodon sp.,NA,NA,juvenile
WS36R,Plethodon sp.,NA,NA,male
WS36R,Plethodon sp.,NA,NA,male
WS40M,Plethodon sp.,NA,61,female
WS40M,Plethodon sp.,NA,72,female
WS40M,Plethodon sp.,NA,NA,juvenile
WS40M,Plethodon sp.,NA,NA,juvenile
WS40M,Plethodon sp.,NA,58,female
WS40M,Plethodon sp.,NA,69,female
WS36M,Plethodon sp.,NA,NA,juvenile
WS36M,Plethodon sp.,NA,NA,juvenile
WS36M,Plethodon sp.,NA,NA,juvenile
WS36M,Plethodon sp.,NA,NA,female
WS36M,Plethodon sp.,NA,NA,juvenile
WS36M,Plethodon sp.,NA,NA,juvenile
WS36M,Plethodon sp.,NA,NA,juvenile
WS36M,Plethodon sp.,NA,NA,male
WS36M,Plethodon sp.,NA,NA,female
WS36M,Plethodon sp.,NA,NA,juvenile
WS36M,Plethodon sp.,NA,NA,juvenile
WS36M,Plethodon sp.,NA,NA,juvenile
WS40M,Plethodon sp.,NA,NA,juvenile
WS40M,Plethodon sp.,NA,NA,male
WS40M,Plethodon sp.,NA,NA,male
WS40M,Plethodon sp.,NA,NA,male
WS40M,Plethodon sp.,NA,NA,juvenile
WS40M,Plethodon sp.,NA,51,female
WS40M,Plethodon sp.,NA,57,female
WS40M,Plethodon sp.,NA,70,female
WS40M,Plethodon sp.,NA,NA,male
WS40M,Plethodon sp.,NA,NA,male
WS36M,Plethodon sp.,NA,NA,juvenile
WS36M,Plethodon sp.,NA,NA,juvenile
WS36M,Plethodon sp.,NA,NA,juvenile
WS36M,Plethodon sp.,NA,NA,juvenile
WS36M,Plethodon sp.,NA,NA,juvenile
WS36M,Plethodon sp.,NA,NA,juvenile
WS36M,Plethodon sp.,NA,NA,juvenile
WS36M,Plethodon sp.,NA,NA,juvenile
WS36M,Plethodon sp.,NA,NA,female
WS36M,Plethodon sp.,NA,NA,female
WS36M,Plethodon sp.,NA,NA,juvenile
WS36M,Plethodon sp.,NA,NA,juvenile
WS36M,Plethodon sp.,NA,NA,juvenile
WS36M,Plethodon sp.,NA,NA,juvenile
WS36M,Plethodon sp.,NA,NA,female
WS36M,Plethodon sp.,NA,NA,juvenile
WS36M,Plethodon sp.,NA,NA,juvenile
WS36M,Plethodon sp.,NA,NA,juvenile
WS36M,Plethodon sp.,NA,NA,juvenile
WS36M,Plethodon sp.,NA,NA,juvenile
WS36M,Plethodon sp.,NA,NA,juvenile
WS36M,Plethodon sp.,NA,NA,juvenile
WS36M,Plethodon sp.,NA,NA,juvenile
WS36M,Plethodon sp.,NA,NA,juvenile
WS36M,Plethodon sp.,NA,NA,juvenile
WS36M,Plethodon sp.,NA,NA,female
WS36M,Plethodon sp.,NA,NA,female
WS36M,Plethodon sp.,NA,NA,juvenile
WS36M,Plethodon sp.,NA,NA,juvenile
WS36M,Plethodon sp.,NA,NA,juvenile
WS36M,Plethodon sp.,NA,NA,juvenile
WS36M,Plethodon sp.,NA,NA,juvenile
WS36M,Plethodon sp.,NA,NA,male
WS36M,Plethodon sp.,NA,NA,juvenile
WS36M,Plethodon sp.,NA,NA,juvenile
WS36M,Plethodon sp.,NA,NA,juvenile
WS36M,Plethodon sp.,NA,NA,juvenile
WS36M,Plethodon sp.,NA,NA,juvenile
WS36M,Plethodon sp.,NA,NA,juvenile
WS36M,Plethodon sp.,NA,NA,male
WS36M,Plethodon sp.,NA,NA,female
WS36M,Plethodon sp.,NA,NA,female
WS36M,Plethodon sp.,NA,NA,juvenile
WS36M,Plethodon sp.,NA,NA,juvenile
WS36M,Plethodon sp.,NA,NA,juvenile
WS36M,Plethodon sp.,NA,NA,female
WS36M,Plethodon sp.,NA,NA,juvenile
WS36M,Plethodon sp.,NA,NA,female
WS36M,Plethodon sp.,NA,NA,female
WS36M,Plethodon sp.,NA,NA,juvenile
WS36M,Plethodon sp.,NA,NA,juvenile
WS36M,Plethodon sp.,NA,NA,juvenile
WS36M,Plethodon sp.,NA,NA,juvenile
WS36M,Plethodon sp.,NA,NA,juvenile
WS36M,Plethodon sp.,NA,NA,male
WS36M,Plethodon sp.,NA,NA,juvenile
WS36M,Plethodon sp.,NA,NA,juvenile
WS36M,Plethodon sp.,NA,NA,juvenile
WS36M,Plethodon sp.,NA,NA,male
WS36R,Plethodon sp.,NA,NA,juvenile
WS36R,Plethodon sp.,NA,NA,juvenile
WS36R,Plethodon sp.,NA,NA,juvenile
WS36R,Plethodon sp.,NA,NA,female
WS36R,Plethodon sp.,NA,NA,juvenile
WS36R,Plethodon sp.,NA,NA,juvenile
WS36R,Plethodon sp.,NA,NA,female
WS36R,Plethodon sp.,NA,NA,juvenile
WS36R,Plethodon sp.,NA,NA,juvenile
WS36R,Plethodon sp.,NA,NA,juvenile
WS36R,Plethodon sp.,NA,NA,male
WS36R,Plethodon sp.,NA,NA,juvenile
WS36R,Plethodon sp.,NA,NA,female
WS36R,Plethodon sp.,NA,NA,female
WS40R,Plethodon sp.,NA,NA,female
WS40M,Plethodon sp.,NA,NA,juvenile
WS40M,Plethodon sp.,NA,NA,juvenile
WS10M,Plethodon sp.,NA,NA,male
WS40M,Plethodon sp.,NA,NA,male
WS40M,Plethodon sp.,NA,NA,male
WS40M,Plethodon sp.,NA,NA,juvenile
WS40M,Plethodon sp.,NA,66,female
WS40M,Plethodon sp.,NA,NA,juvenile
WS40M,Plethodon sp.,NA,NA,male
WS40M,Plethodon sp.,NA,NA,juvenile
WS40M,Plethodon sp.,NA,NA,male
WS40M,Plethodon sp.,NA,NA,male
WS40M,Plethodon sp.,NA,NA,juvenile
WS40M,Plethodon sp.,NA,NA,male
WS40M,Plethodon sp.,NA,NA,juvenile
WS10M,Plethodon sp.,NA,NA,juvenile
WS27R,Plethodon sp.,NA,59,female
WS27R,Plethodon sp.,NA,60,female
WS27R,Plethodon sp.,NA,61,female
WS27R,Plethodon sp.,NA,61,female
WS27R,Plethodon sp.,NA,64,female
WS27R,Plethodon sp.,NA,NA,juvenile
WS27R,Plethodon sp.,NA,NA,juvenile
WS27R,Plethodon sp.,NA,NA,juvenile
WS27R,Plethodon sp.,NA,NA,juvenile
WS27R,Plethodon sp.,NA,NA,juvenile
WS27R,Plethodon sp.,NA,NA,male
WS27R,Plethodon sp.,NA,NA,juvenile
WS27R,Plethodon sp.,NA,NA,juvenile
WS27R,Plethodon sp.,NA,NA,juvenile
WS27R,Plethodon sp.,NA,NA,juvenile
WS27R,Plethodon sp.,NA,NA,male
WS27R,Plethodon sp.,NA,NA,juvenile
WS27R,Plethodon sp.,NA,NA,juvenile
WS27R,Plethodon sp.,NA,NA,juvenile
WS27R,Plethodon sp.,NA,NA,juvenile
WS27R,Plethodon sp.,NA,NA,juvenile
WS27R,Plethodon sp.,NA,NA,male
WS27R,Plethodon sp.,NA,NA,juvenile
WS27R,Plethodon sp.,NA,NA,juvenile
WS27R,Plethodon sp.,NA,NA,juvenile
WS27R,Plethodon sp.,NA,NA,juvenile
WS27R,Plethodon sp.,NA,NA,juvenile
WS27R,Plethodon sp.,NA,NA,juvenile
WS27R,Plethodon sp.,NA,NA,juvenile
WS27R,Plethodon sp.,NA,NA,juvenile
WS27R,Plethodon sp.,NA,NA,juvenile
WS27R,Plethodon sp.,NA,NA,male
WS27R,Plethodon sp.,NA,NA,male
WS27R,Plethodon sp.,NA,NA,male
WSXR,Plethodon sp.,NA,NA,female
WSXR,Plethodon sp.,NA,NA,male
WSXR,Plethodon sp.,NA,NA,juvenile
WSXR,Plethodon sp.,NA,NA,juvenile
WSXR,Plethodon sp.,NA,NA,juvenile
WSXR,Plethodon sp.,NA,NA,juvenile
WSXR,Plethodon sp.,NA,NA,juvenile
WSXM,Plethodon sp.,NA,68,female
WSXR,Plethodon sp.,NA,NA,juvenile
WSXR,Plethodon sp.,NA,NA,juvenile
WSXR,Plethodon sp.,NA,NA,juvenile
WSXR,Plethodon sp.,NA,NA,juvenile
WSXR,Plethodon sp.,NA,NA,juvenile
WSXR,Plethodon sp.,NA,NA,juvenile
WSXR,Plethodon sp.,NA,NA,juvenile
WSXR,Plethodon sp.,NA,NA,juvenile
WSXR,Plethodon sp.,NA,NA,male
WSXR,Plethodon sp.,NA,NA,juvenile
WSXR,Plethodon sp.,NA,52,female
WSXR,Plethodon sp.,NA,54,female
WSXR,Plethodon sp.,NA,65,female
WSXR,Plethodon sp.,NA,NA,juvenile
WSXR,Plethodon sp.,NA,NA,female
WSXR,Plethodon sp.,NA,NA,juvenile
WSXR,Plethodon sp.,NA,NA,male
WSXR,Plethodon sp.,NA,NA,male
WSXR,Plethodon sp.,NA,68,female
WSXR,Plethodon sp.,NA,NA,male
WSXR,Plethodon sp.,NA,NA,juvenile
WSXR,Plethodon sp.,NA,NA,male
WSXR,Plethodon sp.,NA,NA,male
WSXM,Plethodon sp.,NA,NA,unknown
WSXM,Plethodon sp.,NA,NA,unknown
WSXM,Plethodon sp.,NA,NA,juvenile
WSXM,Plethodon sp.,NA,NA,juvenile
WSXM,Plethodon sp.,NA,NA,juvenile
WSXM,Plethodon sp.,NA,NA,juvenile
WSXM,Plethodon sp.,NA,NA,juvenile
WSXM,Plethodon sp.,NA,NA,juvenile
WSXR,Plethodon sp.,NA,NA,female
WSXR,Plethodon sp.,NA,NA,male
WSXR,Plethodon sp.,NA,NA,juvenile
WSXM,Plethodon sp.,NA,NA,juvenile
WSXM,Plethodon sp.,NA,NA,juvenile
WSXM,Plethodon sp.,NA,NA,juvenile
WSXR,Plethodon sp.,NA,NA,juvenile
WSXR,Plethodon sp.,NA,NA,juvenile
WSXR,Plethodon sp.,NA,NA,juvenile
WSXR,Plethodon sp.,NA,NA,juvenile
WSXM,Plethodon sp.,NA,57,female
WSXM,Plethodon sp.,NA,NA,juvenile
WSXM,Plethodon sp.,NA,NA,juvenile
WSXM,Plethodon sp.,NA,49,female
WSXM,Plethodon sp.,NA,NA,juvenile
WSXM,Plethodon sp.,NA,NA,male
WSXM,Plethodon sp.,NA,NA,male
WSXM,Plethodon sp.,NA,NA,male
WSXM,Plethodon sp.,NA,NA,juvenile
WS27C,Plethodon sp.,NA,NA,juvenile
WS27C,Plethodon sp.,NA,NA,juvenile
WS27C,Plethodon sp.,NA,NA,juvenile
WS27C,Plethodon sp.,NA,NA,male
WS27C,Plethodon sp.,NA,NA,female
WS27C,Plethodon sp.,NA,NA,female
WS27C,Plethodon sp.,NA,NA,male
WS27C,Plethodon sp.,NA,NA,female
WS27C,Plethodon sp.,NA,NA,male
WS27C,Plethodon sp.,NA,NA,juvenile
WS27C,Plethodon sp.,NA,NA,juvenile
WS27C,Plethodon sp.,NA,NA,juvenile
WS27C,Plethodon sp.,NA,NA,juvenile
WS27C,Plethodon sp.,NA,62,female
WS27C,Plethodon sp.,NA,65,female
WS27C,Plethodon sp.,NA,NA,male
WS27C,Plethodon sp.,NA,NA,juvenile
WS27C,Plethodon sp.,NA,NA,female
WS27C,Plethodon sp.,NA,NA,female
WS27C,Plethodon sp.,NA,NA,juvenile
WS27C,Plethodon sp.,NA,NA,male
WS27C,Plethodon sp.,NA,NA,female
WS27C,Plethodon sp.,NA,NA,male
WS27C,Plethodon sp.,NA,NA,unknown
WS27C,Plethodon sp.,NA,NA,juvenile
WS27C,Plethodon sp.,NA,NA,juvenile
WS27C,Plethodon sp.,NA,NA,juvenile
WS27C,Plethodon sp.,NA,NA,male
WS27C,Plethodon sp.,NA,NA,juvenile
WS27C,Plethodon sp.,NA,NA,female
WS27C,Plethodon sp.,NA,NA,juvenile
WS27C,Plethodon sp.,NA,NA,juvenile
WS27C,Plethodon sp.,NA,NA,juvenile
WS27C,Plethodon sp.,NA,NA,juvenile
WS27C,Plethodon sp.,NA,NA,juvenile
WS27C,Plethodon sp.,NA,NA,juvenile
WS27C,Plethodon sp.,NA,NA,juvenile
WS27C,Plethodon sp.,NA,NA,male
WS27C,Plethodon sp.,NA,NA,male
WS27C,Plethodon sp.,NA,NA,female
WS27C,Plethodon sp.,NA,NA,female
WS27C,Plethodon sp.,NA,NA,juvenile
WS27C,Plethodon sp.,NA,NA,male
WS27C,Plethodon sp.,NA,NA,juvenile
WS27C,Plethodon sp.,NA,NA,male
WS27R,Plethodon sp.,NA,NA,juvenile
WS27R,Plethodon sp.,NA,NA,juvenile
WS27R,Plethodon sp.,NA,NA,juvenile
WS27R,Plethodon sp.,NA,NA,juvenile
WS27R,Plethodon sp.,NA,NA,juvenile
WS27R,Plethodon sp.,NA,NA,juvenile
WS27R,Plethodon sp.,NA,NA,juvenile
WS27R,Plethodon sp.,NA,NA,juvenile
WS27R,Plethodon sp.,NA,NA,male
WS27R,Plethodon sp.,NA,NA,male
WS27R,Plethodon sp.,NA,NA,juvenile
WS27R,Plethodon sp.,NA,NA,male
WS27R,Plethodon sp.,NA,NA,juvenile
WSXR,Plethodon sp.,NA,NA,male
WSXR,Plethodon sp.,NA,NA,female
WSXR,Plethodon sp.,NA,NA,unknown
WSXR,Plethodon sp.,NA,68,female
WSXR,Plethodon sp.,NA,NA,juvenile
WSXR,Plethodon sp.,NA,NA,juvenile
WSXR,Plethodon sp.,NA,NA,juvenile
WSXM,Plethodon sp.,NA,65,female
WSXM,Plethodon sp.,NA,NA,juvenile
WSXM,Plethodon sp.,NA,NA,juvenile
WSXM,Plethodon sp.,NA,NA,juvenile
WSXM,Plethodon sp.,NA,NA,juvenile
WSXM,Plethodon sp.,NA,NA,female
WSXM,Plethodon sp.,NA,NA,juvenile
WSXM,Plethodon sp.,NA,NA,male
WSXM,Plethodon sp.,NA,NA,juvenile
WSXM,Plethodon sp.,NA,NA,male
WSXM,Plethodon sp.,NA,NA,unknown
WS27C,Plethodon sp.,NA,NA,female
WS27C,Plethodon sp.,NA,NA,juvenile
WS27C,Plethodon sp.,NA,NA,juvenile
WS27C,Plethodon sp.,NA,NA,male
WS27C,Plethodon sp.,NA,NA,juvenile
WS27C,Plethodon sp.,NA,NA,male
WS27C,Plethodon sp.,NA,NA,juvenile
WS27C,Plethodon sp.,NA,NA,juvenile
WS27C,Plethodon sp.,NA,NA,juvenile
WS27C,Plethodon sp.,NA,60,female
WS27C,Plethodon sp.,NA,65,male
WS27C,Plethodon sp.,NA,NA,juvenile
WS27C,Plethodon sp.,NA,NA,juvenile
WS27C,Plethodon sp.,NA,NA,juvenile
WS27C,Plethodon sp.,NA,NA,juvenile
WS27C,Plethodon sp.,NA,NA,juvenile
WS27C,Plethodon sp.,NA,NA,female
WS27C,Plethodon sp.,NA,NA,juvenile
WS27C,Plethodon sp.,NA,NA,juvenile
WS27C,Plethodon sp.,NA,NA,juvenile
WS27C,Plethodon sp.,NA,NA,juvenile
WS27C,Plethodon sp.,NA,NA,female
WS27C,Plethodon sp.,NA,NA,juvenile
WS27C,Plethodon sp.,NA,NA,male
WS27R,Plethodon sp.,NA,56,female
WS27R,Plethodon sp.,NA,61,female
WS27R,Plethodon sp.,NA,NA,juvenile
WS27R,Plethodon sp.,NA,NA,juvenile
WS27R,Plethodon sp.,NA,NA,juvenile
WS27R,Plethodon sp.,NA,NA,juvenile
WS27R,Plethodon sp.,NA,NA,juvenile
WS27R,Plethodon sp.,NA,NA,male
WS27R,Plethodon sp.,NA,NA,unknown
WS27R,Plethodon sp.,NA,NA,juvenile
WS27R,Plethodon sp.,NA,NA,juvenile
WS27R,Plethodon sp.,NA,NA,female
WS27R,Plethodon sp.,NA,NA,juvenile
WS27R,Plethodon sp.,NA,NA,female
WS27R,Plethodon sp.,NA,NA,juvenile
WS27R,Plethodon sp.,NA,NA,juvenile
WS27R,Plethodon sp.,NA,NA,juvenile
WS27R,Plethodon sp.,NA,NA,juvenile
WS27R,Plethodon sp.,NA,NA,juvenile
WS27R,Plethodon sp.,NA,NA,male
WS27R,Plethodon sp.,NA,NA,male
WS27R,Plethodon sp.,NA,NA,juvenile
WSXR,Plethodon sp.,NA,67,female
WSXR,Plethodon sp.,NA,NA,juvenile
WSXR,Plethodon sp.,NA,NA,juvenile
WSXR,Plethodon sp.,NA,NA,juvenile
WSXR,Plethodon sp.,NA,NA,male
WSXR,Plethodon sp.,NA,NA,juvenile
WSXR,Plethodon sp.,NA,NA,unknown
WSXR,Plethodon sp.,NA,NA,juvenile
WSXR,Plethodon sp.,NA,NA,juvenile
WSXR,Plethodon sp.,NA,NA,male
WSXR,Plethodon sp.,NA,NA,juvenile
WSXR,Plethodon sp.,NA,NA,male
WSXM,Plethodon sp.,NA,NA,juvenile
WSXM,Plethodon sp.,NA,NA,juvenile
WSXM,Plethodon sp.,NA,NA,juvenile
WSXM,Plethodon sp.,NA,NA,juvenile
WSXR,Plethodon sp.,NA,NA,female
WSXR,Plethodon sp.,NA,NA,unknown
WSXM,Plethodon sp.,NA,NA,juvenile
WSXM,Plethodon sp.,NA,NA,female
WSXM,Plethodon sp.,NA,NA,female
WSXM,Plethodon sp.,NA,NA,juvenile
WSXM,Plethodon sp.,NA,NA,male
WSXM,Plethodon sp.,NA,NA,male
WS27C,Plethodon sp.,NA,65,female
WS27C,Plethodon sp.,NA,NA,juvenile
WS27C,Plethodon sp.,NA,NA,juvenile
WS27C,Plethodon sp.,NA,NA,juvenile
WS27C,Plethodon sp.,NA,NA,juvenile
WS27C,Plethodon sp.,NA,NA,male
WS27C,Plethodon sp.,NA,NA,male
WS27C,Plethodon sp.,NA,NA,juvenile
WS27C,Plethodon sp.,NA,61,female
WS27C,Plethodon sp.,NA,NA,juvenile
WS27C,Plethodon sp.,NA,NA,female
WS27C,Plethodon sp.,NA,NA,juvenile
WS27C,Plethodon sp.,NA,65,female
WS27C,Plethodon sp.,NA,NA,juvenile
WS27C,Plethodon sp.,NA,NA,juvenile
WS27C,Plethodon sp.,NA,NA,male
WS27C,Plethodon sp.,NA,NA,juvenile
WS27C,Plethodon sp.,NA,NA,juvenile
WS27C,Plethodon sp.,NA,NA,juvenile
WS27C,Plethodon sp.,NA,NA,juvenile
WS27C,Plethodon sp.,NA,NA,juvenile
WS27C,Plethodon sp.,NA,NA,juvenile
WS27C,Plethodon sp.,NA,NA,female
WS27C,Plethodon sp.,NA,NA,juvenile
WS27C,Plethodon sp.,NA,NA,juvenile
WS27C,Plethodon sp.,NA,NA,juvenile
WS27C,Plethodon sp.,NA,NA,juvenile
WS27C,Plethodon sp.,NA,NA,juvenile
WS7C,Plethodon sp.,NA,76,female
WS6M,Plethodon sp.,NA,NA,juvenile
WS6M,Plethodon sp.,NA,NA,juvenile
WS7C,Plethodon sp.,NA,NA,juvenile
WS7C,Plethodon sp.,NA,NA,unknown
WS7C,Plethodon sp.,NA,NA,juvenile
WS7C,Plethodon sp.,NA,NA,male
WS40C,Plethodon sp.,NA,NA,juvenile
WSXC,Plethodon sp.,NA,NA,juvenile
WSXC,Plethodon sp.,NA,NA,male
WSXC,Plethodon sp.,NA,NA,female
WSXC,Plethodon sp.,NA,NA,female
WSXC,Plethodon sp.,NA,NA,female
WSXC,Plethodon sp.,NA,NA,male
WSXC,Plethodon sp.,NA,72,female
WSXC,Plethodon sp.,NA,NA,juvenile
WSXC,Plethodon sp.,NA,NA,juvenile
WSXC,Plethodon sp.,NA,NA,male
WSXC,Plethodon sp.,NA,NA,female
WSXC,Plethodon sp.,NA,NA,juvenile
WSXC,Plethodon sp.,NA,NA,juvenile
WS18R,Plethodon sp.,NA,75,female
WSXC,Plethodon sp.,NA,NA,juvenile
WSXC,Plethodon sp.,NA,NA,female
WSXC,Plethodon sp.,NA,NA,juvenile
WSXC,Plethodon sp.,NA,NA,juvenile
WS40C,Plethodon sp.,NA,75,female
WS7C,Plethodon sp.,NA,NA,unknown
WS18C,Plethodon sp.,NA,NA,female
WS40C,Plethodon sp.,NA,NA,unknown
WS7C,Plethodon sp.,NA,NA,juvenile
WS40C,Plethodon sp.,NA,NA,unknown
WSXC,Plethodon sp.,NA,NA,juvenile
WSXC,Plethodon sp.,NA,NA,female
WSXC,Plethodon sp.,NA,NA,juvenile
2750,Plethodon sp.,NA,51,unknown
2750,Plethodon sp.,NA,37,unknown
2850,Plethodon sp.,NA,50,unknown
2850,Plethodon sp.,NA,36,unknown
2850,Plethodon sp.,NA,31,unknown
2850,Plethodon sp.,NA,34,unknown
2850,Plethodon sp.,NA,29,unknown
2850,Plethodon sp.,NA,22,unknown
2850,Plethodon sp.,NA,32,unknown
2850,Plethodon sp.,NA,29,unknown
2950,Plethodon sp.,NA,42,unknown
2950,Plethodon sp.,NA,42,unknown
2950,Plethodon sp.,NA,37,unknown
2950,Plethodon sp.,NA,29,unknown
2950,Plethodon sp.,NA,32,unknown
2950,Plethodon sp.,NA,31,unknown
2950,Plethodon sp.,NA,44,unknown
2950,Plethodon sp.,NA,50,unknown
2950,Plethodon sp.,NA,55,unknown
2950,Plethodon sp.,NA,27,unknown
2750,Plethodon sp.,NA,68,female
2750,Plethodon sp.,NA,60,female
2850,Plethodon sp.,NA,60,male
2950,Plethodon sp.,NA,64,female
2950,Plethodon sp.,NA,55,male
2950,Plethodon sp.,NA,73,female
2950,Plethodon sp.,NA,66,female
2950,Plethodon sp.,NA,64,male
2950,Plethodon sp.,NA,62,female
2850,Plethodon sp.,NA,48,unknown
2850,Plethodon sp.,NA,51,unknown
2850,Plethodon sp.,NA,NA,unknown
2850,Plethodon sp.,NA,56,unknown
2850,Plethodon sp.,NA,50,unknown
2850,Plethodon sp.,NA,30,unknown
2850,Plethodon sp.,NA,31,unknown
2950,Plethodon sp.,NA,54,unknown
2950,Plethodon sp.,NA,32,unknown
2950,Plethodon sp.,NA,31,unknown
2950,Plethodon sp.,NA,46,unknown
2950,Plethodon sp.,NA,41,unknown
2950,Plethodon sp.,NA,32,unknown
2950,Plethodon sp.,NA,28,unknown
2950,Plethodon sp.,NA,43,unknown
2750,Plethodon sp.,NA,69,male
2750,Plethodon sp.,NA,NA,unknown
2750,Plethodon sp.,NA,61,female
2850,Plethodon sp.,NA,63,male
2850,Plethodon sp.,NA,NA,unknown
2850,Plethodon sp.,NA,NA,unknown
2850,Plethodon sp.,NA,59,male
2850,Plethodon sp.,NA,62,female
2850,Plethodon sp.,NA,71,male
2950,Plethodon sp.,NA,61,male
2950,Plethodon sp.,NA,65,male
2950,Plethodon sp.,NA,60,female
2950,Plethodon sp.,NA,59,male
2950,Plethodon sp.,NA,78,male
2750,Plethodon sp.,NA,56,unknown
2750,Plethodon sp.,NA,33,unknown
2750,Plethodon sp.,NA,34,unknown
2750,Plethodon sp.,NA,37,unknown
2850,Plethodon sp.,NA,43,unknown
2850,Plethodon sp.,NA,32,unknown
2850,Plethodon sp.,NA,46,unknown
2850,Plethodon sp.,NA,32,unknown
2850,Plethodon sp.,NA,NA,unknown
2850,Plethodon sp.,NA,32,unknown
2850,Plethodon sp.,NA,31,unknown
2850,Plethodon sp.,NA,34,unknown
2850,Plethodon sp.,NA,27,unknown
2950,Plethodon sp.,NA,NA,unknown
2950,Plethodon sp.,NA,51,unknown
2950,Plethodon sp.,NA,42,unknown
2950,Plethodon sp.,NA,56,unknown
2950,Plethodon sp.,NA,29,unknown
2950,Plethodon sp.,NA,28,unknown
2750,Plethodon sp.,NA,65,male
2750,Plethodon sp.,NA,60,male
2850,Plethodon sp.,NA,62,male
2850,Plethodon sp.,NA,72,male
2850,Plethodon sp.,NA,70,male
2950,Plethodon sp.,NA,60,male
2950,Plethodon sp.,NA,59,male
2950,Plethodon sp.,NA,60,female
WS40M,Plethodon sp.,NA,NA,male
WS40M,Plethodon sp.,NA,NA,juvenile
WS40M,Plethodon sp.,NA,NA,juvenile
WS40M,Plethodon sp.,NA,NA,male
WS40M,Plethodon sp.,NA,NA,juvenile
WS40R,Plethodon sp.,NA,NA,male
WS36R,Plethodon sp.,NA,NA,female
WS36R,Plethodon sp.,NA,NA,juvenile
WS36R,Plethodon sp.,NA,NA,juvenile
WS36R,Plethodon sp.,NA,NA,female
WS36R,Plethodon sp.,NA,NA,juvenile
WS36M,Plethodon sp.,NA,NA,juvenile
WS36M,Plethodon sp.,NA,NA,unknown
WS36M,Plethodon sp.,NA,NA,juvenile
WS36M,Plethodon sp.,NA,NA,juvenile
WS36M,Plethodon sp.,NA,NA,juvenile
WS36M,Plethodon sp.,NA,NA,juvenile
WS36M,Plethodon sp.,NA,NA,juvenile
WS36M,Plethodon sp.,NA,NA,male
WS36M,Plethodon sp.,NA,NA,juvenile
WS36M,Plethodon sp.,NA,NA,juvenile
WS40R,Plethodon sp.,NA,NA,female
WS40R,Plethodon sp.,NA,NA,female
WS36R,Plethodon sp.,NA,NA,juvenile
WS36R,Plethodon sp.,NA,NA,female
WS36R,Plethodon sp.,NA,NA,male
WS36M,Plethodon sp.,NA,NA,male
WS36M,Plethodon sp.,NA,NA,juvenile
WS36M,Plethodon sp.,NA,NA,juvenile
WS36M,Plethodon sp.,NA,NA,female
WS36M,Plethodon sp.,NA,NA,juvenile
WS36M,Plethodon sp.,NA,NA,juvenile
WS36M,Plethodon sp.,NA,NA,juvenile
WS36M,Plethodon sp.,NA,NA,juvenile
WS36M,Plethodon sp.,NA,NA,juvenile
WS36M,Plethodon sp.,NA,NA,juvenile
WS36M,Plethodon sp.,NA,NA,female
WS40R,Plethodon sp.,NA,NA,juvenile
WS40R,Plethodon sp.,NA,NA,unknown
WS40R,Plethodon sp.,NA,NA,unknown
WS36R,Plethodon sp.,NA,NA,unknown
WS40R,Plethodon sp.,NA,NA,male
WS36R,Plethodon sp.,NA,NA,unknown
WS36R,Plethodon sp.,NA,NA,unknown
WS36M,Plethodon sp.,NA,53,female
WS36M,Plethodon sp.,NA,66,female
WS36M,Plethodon sp.,NA,NA,juvenile
WS36M,Plethodon sp.,NA,NA,unknown
WS36M,Plethodon sp.,NA,NA,juvenile
WS36M,Plethodon sp.,NA,NA,unknown
WS36M,Plethodon sp.,NA,NA,juvenile
WS36M,Plethodon sp.,NA,NA,juvenile
WS36M,Plethodon sp.,NA,NA,male
WS10C,Plethodon sp.,NA,NA,unknown
WS40C,Plethodon sp.,NA,NA,juvenile
WS40C,Plethodon sp.,NA,NA,juvenile
WSXC,Plethodon sp.,NA,NA,female
WSXC,Plethodon sp.,NA,NA,juvenile
WSXC,Plethodon sp.,NA,NA,juvenile
WS18C,Plethodon sp.,NA,91,female
WS6M,Plethodon sp.,NA,NA,juvenile
WS6M,Plethodon sp.,NA,NA,male
WS6M,Plethodon sp.,NA,NA,female
WS18C,Plethodon sp.,NA,NA,juvenile
WS18C,Plethodon sp.,NA,NA,juvenile
WS18C,Plethodon sp.,NA,NA,juvenile
WS18R,Plethodon sp.,NA,NA,juvenile
WS18R,Plethodon sp.,NA,NA,juvenile
WS18R,Plethodon sp.,NA,NA,juvenile
WS18R,Plethodon sp.,NA,NA,unknown
WSXC,Plethodon sp.,NA,NA,female
WSXC,Plethodon sp.,NA,NA,female
WSXC,Plethodon sp.,NA,NA,juvenile
WSXC,Plethodon sp.,NA,NA,juvenile
WSXC,Plethodon sp.,NA,NA,juvenile
WSXC,Plethodon sp.,NA,NA,female
WSXC,Plethodon sp.,NA,NA,juvenile
WSXC,Plethodon sp.,NA,NA,juvenile
WSXC,Plethodon sp.,NA,NA,female
WSXC,Plethodon sp.,NA,NA,juvenile
WSXC,Plethodon sp.,NA,NA,female
WSXC,Plethodon sp.,NA,NA,male
WS18C,Plethodon sp.,NA,82,female
WS6M,Plethodon sp.,NA,NA,female
WS6M,Plethodon sp.,NA,NA,female
WS6M,Plethodon sp.,NA,NA,juvenile
WS6R,Plethodon sp.,NA,NA,juvenile
WS18C,Plethodon sp.,NA,NA,juvenile
WS18C,Plethodon sp.,NA,NA,juvenile
WS18C,Plethodon sp.,NA,NA,juvenile
WS18C,Plethodon sp.,NA,NA,juvenile
WS18C,Plethodon sp.,NA,NA,male
WS18R,Plethodon sp.,NA,NA,juvenile
WS18R,Plethodon sp.,NA,NA,juvenile
WS18R,Plethodon sp.,NA,NA,female
WS18R,Plethodon sp.,NA,NA,female
WSXR,Plethodon sp.,NA,NA,juvenile
WSXR,Plethodon sp.,NA,NA,juvenile
WSXR,Plethodon sp.,NA,NA,juvenile
WSXR,Plethodon sp.,NA,NA,juvenile
WSXR,Plethodon sp.,NA,NA,male
WSXR,Plethodon sp.,NA,52,female
WSXR,Plethodon sp.,NA,NA,juvenile
WSXR,Plethodon sp.,NA,NA,juvenile
WSXR,Plethodon sp.,NA,NA,juvenile
WSXR,Plethodon sp.,NA,NA,juvenile
WSXR,Plethodon sp.,NA,NA,male
WSXR,Plethodon sp.,NA,NA,female
WSXR,Plethodon sp.,NA,NA,juvenile
WSXR,Plethodon sp.,NA,NA,juvenile
WSXR,Plethodon sp.,NA,NA,juvenile
WSXR,Plethodon sp.,NA,NA,juvenile
WSXR,Plethodon sp.,NA,NA,male
WSXR,Plethodon sp.,NA,NA,juvenile
WSXR,Plethodon sp.,NA,NA,juvenile
WSXR,Plethodon sp.,NA,NA,juvenile
WSXR,Plethodon sp.,NA,NA,juvenile
WSXR,Plethodon sp.,NA,65,female
WSXR,Plethodon sp.,NA,70,female
WSXR,Plethodon sp.,NA,NA,juvenile
WSXR,Plethodon sp.,NA,NA,juvenile
WSXR,Plethodon sp.,NA,NA,juvenile
WSXR,Plethodon sp.,NA,NA,male
WSXR,Plethodon sp.,NA,NA,juvenile
WSXR,Plethodon sp.,NA,NA,juvenile
WSXC,Plethodon sp.,NA,NA,female
WSXC,Plethodon sp.,NA,NA,juvenile
WSXC,Plethodon sp.,NA,61,juvenile
WSXC,Plethodon sp.,NA,NA,juvenile
WSXC,Plethodon sp.,NA,NA,juvenile
WSXC,Plethodon sp.,NA,NA,female
WSXC,Plethodon sp.,NA,NA,male
WSXC,Plethodon sp.,NA,52,female
WSXC,Plethodon sp.,NA,61,female
WSXC,Plethodon sp.,NA,68,female
WSXC,Plethodon sp.,NA,NA,juvenile
WSXC,Plethodon sp.,NA,NA,juvenile
WSXC,Plethodon sp.,NA,NA,juvenile
WSXC,Plethodon sp.,NA,NA,juvenile
WSXC,Plethodon sp.,NA,NA,male
WS18C,Plethodon sp.,NA,68,female
WS18R,Plethodon sp.,NA,82,female
WS18R,Plethodon sp.,NA,NA,male
WS18R,Plethodon sp.,NA,NA,male
WS6M,Plethodon sp.,NA,NA,juvenile
WS6M,Plethodon sp.,NA,NA,male
WS6R,Plethodon sp.,NA,NA,juvenile
2750,Plethodon sp.,NA,57,unknown
2750,Plethodon sp.,NA,38,unknown
2750,Plethodon sp.,NA,41,unknown
2850,Plethodon sp.,NA,47,unknown
2850,Plethodon sp.,NA,35,unknown
2850,Plethodon sp.,NA,40,unknown
2850,Plethodon sp.,NA,34,unknown
2850,Plethodon sp.,NA,48,unknown
2850,Plethodon sp.,NA,37,unknown
2950,Plethodon sp.,NA,35,unknown
2950,Plethodon sp.,NA,36,unknown
2950,Plethodon sp.,NA,55,unknown
2950,Plethodon sp.,NA,29,unknown
2950,Plethodon sp.,NA,35,unknown
2950,Plethodon sp.,NA,40,unknown
2950,Plethodon sp.,NA,49,unknown
2750,Plethodon sp.,NA,73,male
2750,Plethodon sp.,NA,63,female
2750,Plethodon sp.,NA,71,male
2750,Plethodon sp.,NA,62,female
2750,Plethodon sp.,NA,62,male
2850,Plethodon sp.,NA,71,male
2950,Plethodon sp.,NA,72,female
2950,Plethodon sp.,NA,74,male
2950,Plethodon sp.,NA,62,female
2950,Plethodon sp.,NA,73,male
2950,Plethodon sp.,NA,65,male
2950,Plethodon sp.,NA,70,female
2950,Plethodon sp.,NA,64,male
2950,Plethodon sp.,NA,54,male
2750,Plethodon sp.,NA,55,female
2750,Plethodon sp.,NA,55,unknown
2850,Plethodon sp.,NA,55,female
2850,Plethodon sp.,NA,NA,unknown
2850,Plethodon sp.,NA,40,unknown
2850,Plethodon sp.,NA,45,unknown
2850,Plethodon sp.,NA,35,unknown
2950,Plethodon sp.,NA,35,unknown
2950,Plethodon sp.,NA,35,unknown
2950,Plethodon sp.,NA,NA,unknown
2950,Plethodon sp.,NA,NA,unknown
2950,Plethodon sp.,NA,45,unknown
2950,Plethodon sp.,NA,45,unknown
2950,Plethodon sp.,NA,50,unknown
2750,Plethodon sp.,NA,75,female
2750,Plethodon sp.,NA,60,female
2750,Plethodon sp.,NA,NA,male
2750,Plethodon sp.,NA,NA,unknown
2750,Plethodon sp.,NA,NA,unknown
2750,Plethodon sp.,NA,55,male
2750,Plethodon sp.,NA,60,female
2850,Plethodon sp.,NA,70,male
2850,Plethodon sp.,NA,64,male
2850,Plethodon sp.,NA,71,male
2950,Plethodon sp.,NA,60,male
2950,Plethodon sp.,NA,63,female
2950,Plethodon sp.,NA,60,female
2950,Plethodon sp.,NA,70,female
2850,Plethodon sp.,NA,40,unknown
2850,Plethodon sp.,NA,33,unknown
2950,Plethodon sp.,NA,35,unknown
2950,Plethodon sp.,NA,35,unknown
2950,Plethodon sp.,NA,45,unknown
2950,Plethodon sp.,NA,43,unknown
2750,Plethodon sp.,NA,70,male
2850,Plethodon sp.,NA,53,male
2750,Plethodon sp.,NA,20,unknown
2750,Plethodon sp.,NA,45,unknown
2750,Plethodon sp.,NA,19,unknown
2750,Plethodon sp.,NA,55,unknown
2750,Plethodon sp.,NA,55,unknown
2750,Plethodon sp.,NA,47,unknown
2750,Plethodon sp.,NA,54,unknown
2850,Plethodon sp.,NA,44,unknown
2850,Plethodon sp.,NA,51,male
2850,Plethodon sp.,NA,41,unknown
2850,Plethodon sp.,NA,40,unknown
2850,Plethodon sp.,NA,51,female
2850,Plethodon sp.,NA,42,unknown
2850,Plethodon sp.,NA,54,female
2850,Plethodon sp.,NA,33,unknown
2850,Plethodon sp.,NA,39,unknown
2850,Plethodon sp.,NA,17,unknown
2850,Plethodon sp.,NA,15,unknown
2950,Plethodon sp.,NA,32,unknown
2950,Plethodon sp.,NA,57,female
2950,Plethodon sp.,NA,16,unknown
2950,Plethodon sp.,NA,36,unknown
2950,Plethodon sp.,NA,40,unknown
2950,Plethodon sp.,NA,32,unknown
2950,Plethodon sp.,NA,18,unknown
2950,Plethodon sp.,NA,19,unknown
2950,Plethodon sp.,NA,16,unknown
2950,Plethodon sp.,NA,32,unknown
2750,Plethodon sp.,NA,74,male
2750,Plethodon sp.,NA,68,female
2750,Plethodon sp.,NA,71,female
2750,Plethodon sp.,NA,65,female
2750,Plethodon sp.,NA,62,female
2750,Plethodon sp.,NA,75,female
2750,Plethodon sp.,NA,76,male
2750,Plethodon sp.,NA,64,female
2750,Plethodon sp.,NA,65,female
2750,Plethodon sp.,NA,64,male
2750,Plethodon sp.,NA,70,female
2750,Plethodon sp.,NA,68,female
2750,Plethodon sp.,NA,71,male
2750,Plethodon sp.,NA,63,female
2850,Plethodon sp.,NA,63,male
2850,Plethodon sp.,NA,57,male
2850,Plethodon sp.,NA,61,male
2850,Plethodon sp.,NA,62,male
2850,Plethodon sp.,NA,72,male
2850,Plethodon sp.,NA,64,male
2850,Plethodon sp.,NA,60,female
2850,Plethodon sp.,NA,60,female
2850,Plethodon sp.,NA,60,male
2850,Plethodon sp.,NA,60,male
2850,Plethodon sp.,NA,58,male
2950,Plethodon sp.,NA,61,female
2950,Plethodon sp.,NA,61,male
2950,Plethodon sp.,NA,64,male
2950,Plethodon sp.,NA,62,female
2950,Plethodon sp.,NA,67,male
2950,Plethodon sp.,NA,67,male
2950,Plethodon sp.,NA,61,female
2950,Plethodon sp.,NA,60,unknown
2950,Plethodon sp.,NA,60,female
2950,Plethodon sp.,NA,64,female
2950,Plethodon sp.,NA,66,female
2950,Plethodon sp.,NA,61,female
2950,Plethodon sp.,NA,63,female
2950,Plethodon sp.,NA,63,male
2950,Plethodon sp.,NA,57,male
2950,Plethodon sp.,NA,67,male
2750,Plethodon sp.,NA,41,unknown
2850,Plethodon sp.,NA,49,unknown
2850,Plethodon sp.,NA,37,unknown
2850,Plethodon sp.,NA,42,unknown
2850,Plethodon sp.,NA,49,unknown
2850,Plethodon sp.,NA,45,unknown
2850,Plethodon sp.,NA,31,unknown
2850,Plethodon sp.,NA,44,unknown
2850,Plethodon sp.,NA,37,unknown
2850,Plethodon sp.,NA,39,unknown
2950,Plethodon sp.,NA,53,female
2950,Plethodon sp.,NA,51,unknown
2950,Plethodon sp.,NA,20,unknown
2950,Plethodon sp.,NA,40,unknown
2950,Plethodon sp.,NA,18,unknown
2950,Plethodon sp.,NA,33,unknown
2950,Plethodon sp.,NA,45,unknown
2950,Plethodon sp.,NA,17,unknown
2950,Plethodon sp.,NA,43,unknown
2950,Plethodon sp.,NA,55,female
2950,Plethodon sp.,NA,16,unknown
2950,Plethodon sp.,NA,43,unknown
2750,Plethodon sp.,NA,79,female
2750,Plethodon sp.,NA,67,female
2750,Plethodon sp.,NA,78,female
2750,Plethodon sp.,NA,70,female
2750,Plethodon sp.,NA,NA,female
2750,Plethodon sp.,NA,63,female
2750,Plethodon sp.,NA,NA,male
2750,Plethodon sp.,NA,NA,female
2750,Plethodon sp.,NA,66,female
2750,Plethodon sp.,NA,61,female
2850,Plethodon sp.,NA,60,male
2850,Plethodon sp.,NA,60,female
2850,Plethodon sp.,NA,57,male
2850,Plethodon sp.,NA,NA,female
2850,Plethodon sp.,NA,63,male
2850,Plethodon sp.,NA,63,male
2950,Plethodon sp.,NA,67,male
2950,Plethodon sp.,NA,63,female
2950,Plethodon sp.,NA,55,male
2950,Plethodon sp.,NA,54,male
2950,Plethodon sp.,NA,71,female
2950,Plethodon sp.,NA,59,female
2950,Plethodon sp.,NA,54,male
WSXR,Plethodon sp.,NA,NA,unknown
WSXR,Plethodon sp.,NA,NA,unknown
WSXR,Plethodon sp.,NA,NA,unknown
WSXM,Plethodon sp.,NA,NA,unknown
WSXM,Plethodon sp.,NA,NA,unknown
WSXM,Plethodon sp.,NA,NA,unknown
WSXM,Plethodon sp.,NA,NA,male
WSXM,Plethodon sp.,NA,NA,male
WS27C,Plethodon sp.,NA,NA,female
WS27C,Plethodon sp.,NA,NA,female
WSXC,Plethodon sp.,NA,56,female
WS10C,Plethodon sp.,NA,81,female
WS1,Plethodon sp.,NA,NA,unknown
WS6R,Plethodon sp.,NA,NA,unknown
WS10C,Plethodon sp.,NA,NA,unknown
WS7C,Plethodon sp.,NA,NA,male
WS18C,Plethodon sp.,NA,NA,unknown
WS18C,Plethodon sp.,NA,NA,unknown
WS18C,Plethodon sp.,NA,NA,unknown
WS18C,Plethodon sp.,NA,NA,unknown
WSXR,Plethodon sp.,NA,NA,unknown
WSXM,Plethodon sp.,NA,NA,unknown
WSXM,Plethodon sp.,NA,NA,male
WSXM,Plethodon sp.,NA,NA,unknown
WSXM,Plethodon sp.,NA,NA,unknown
WSXM,Plethodon sp.,NA,NA,unknown
WSXM,Plethodon sp.,NA,65,female
WSXR,Plethodon sp.,NA,NA,unknown
WSXR,Plethodon sp.,NA,NA,unknown
WSXR,Plethodon sp.,NA,NA,unknown
WSXR,Plethodon sp.,NA,NA,unknown
WSXR,Plethodon sp.,NA,62,female
WSXR,Plethodon sp.,NA,NA,unknown
WSXR,Plethodon sp.,NA,NA,unknown
WSXR,Plethodon sp.,NA,NA,unknown
WSXR,Plethodon sp.,NA,NA,unknown
WSXR,Plethodon sp.,NA,NA,unknown
WSXR,Plethodon sp.,NA,NA,unknown
WSXR,Plethodon sp.,NA,NA,unknown
WSXR,Plethodon sp.,NA,NA,male
WSXR,Plethodon sp.,NA,NA,unknown
WSXR,Plethodon sp.,NA,NA,male
WSXR,Plethodon sp.,NA,NA,unknown
WSXR,Plethodon sp.,NA,NA,male
WSXM,Plethodon sp.,NA,NA,female
WSXM,Plethodon sp.,NA,NA,unknown
WSXM,Plethodon sp.,NA,NA,unknown
WSXM,Plethodon sp.,NA,NA,unknown
WSXM,Plethodon sp.,NA,NA,unknown
WSXM,Plethodon sp.,NA,NA,female
WSXM,Plethodon sp.,NA,NA,unknown
WSXM,Plethodon sp.,NA,NA,unknown
WSXM,Plethodon sp.,NA,NA,unknown
WSXM,Plethodon sp.,NA,NA,unknown
WSXM,Plethodon sp.,NA,NA,unknown
WSXC,Plethodon sp.,NA,68,female
WSXC,Plethodon sp.,NA,NA,unknown
WSXC,Plethodon sp.,NA,NA,unknown
WSXC,Plethodon sp.,NA,NA,unknown
WSXC,Plethodon sp.,NA,NA,unknown
WSXC,Plethodon sp.,NA,NA,unknown
WSXC,Plethodon sp.,NA,NA,unknown
WSXC,Plethodon sp.,NA,NA,unknown
WSXC,Plethodon sp.,NA,NA,unknown
WSXC,Plethodon sp.,NA,NA,unknown
WSXC,Plethodon sp.,NA,NA,unknown
WSXC,Plethodon sp.,NA,NA,unknown
WSXC,Plethodon sp.,NA,NA,unknown
WSXC,Plethodon sp.,NA,NA,female
WSXC,Plethodon sp.,NA,NA,unknown
WSXC,Plethodon sp.,NA,71,female
WS27R,Plethodon sp.,NA,45,unknown
WS27R,Plethodon sp.,NA,53,unknown
WS27R,Plethodon sp.,NA,60,male
WS27R,Plethodon sp.,NA,60,female
WS27R,Plethodon sp.,NA,61,male
WS27R,Plethodon sp.,NA,67,female
WS27C,Plethodon sp.,NA,NA,unknown
WS27C,Plethodon sp.,NA,NA,unknown
WS27C,Plethodon sp.,NA,NA,unknown
WS27C,Plethodon sp.,NA,NA,unknown
WS27C,Plethodon sp.,NA,NA,unknown
WS27C,Plethodon sp.,NA,NA,unknown
WS27C,Plethodon sp.,NA,NA,unknown
WS27C,Plethodon sp.,NA,NA,unknown
WS27C,Plethodon sp.,NA,NA,unknown
WS27C,Plethodon sp.,NA,NA,unknown
WS27C,Plethodon sp.,NA,NA,unknown
WS27C,Plethodon sp.,NA,NA,unknown
WS27C,Plethodon sp.,NA,NA,unknown
WS27C,Plethodon sp.,NA,NA,unknown
WS27C,Plethodon sp.,NA,NA,unknown
WS27C,Plethodon sp.,NA,NA,unknown
WS27C,Plethodon sp.,NA,NA,unknown
WS27C,Plethodon sp.,NA,NA,unknown
WS27C,Plethodon sp.,NA,NA,unknown
WS27C,Plethodon sp.,NA,NA,unknown
WS27C,Plethodon sp.,NA,NA,unknown
WS27C,Plethodon sp.,NA,NA,unknown
WS27C,Plethodon sp.,NA,NA,unknown
WS27C,Plethodon sp.,NA,NA,unknown
WS27C,Plethodon sp.,NA,NA,unknown
WS27C,Plethodon sp.,NA,NA,unknown
WS27C,Plethodon sp.,NA,NA,unknown
WS27C,Plethodon sp.,NA,NA,unknown
WS27C,Plethodon sp.,NA,NA,unknown
WS27C,Plethodon sp.,NA,NA,unknown
WS27C,Plethodon sp.,NA,NA,unknown
WS27C,Plethodon sp.,NA,NA,unknown
WS27C,Plethodon sp.,NA,NA,unknown
WS27C,Plethodon sp.,NA,NA,unknown
WS27C,Plethodon sp.,NA,NA,unknown
WS27C,Plethodon sp.,NA,NA,unknown
WS27C,Plethodon sp.,NA,NA,unknown
WS27C,Plethodon sp.,NA,NA,unknown
WS27C,Plethodon sp.,NA,NA,unknown
WS27C,Plethodon sp.,NA,NA,unknown
WS27C,Plethodon sp.,NA,NA,unknown
WS27C,Plethodon sp.,NA,NA,unknown
WS27C,Plethodon sp.,NA,NA,unknown
WS27C,Plethodon sp.,NA,NA,unknown
WS27C,Plethodon sp.,NA,NA,unknown
WS27C,Plethodon sp.,NA,NA,unknown
WS27C,Plethodon sp.,NA,NA,unknown
WS27C,Plethodon sp.,NA,NA,unknown
WS27C,Plethodon sp.,NA,NA,unknown
WS27C,Plethodon sp.,NA,NA,unknown
WS27C,Plethodon sp.,NA,NA,unknown
WS27C,Plethodon sp.,NA,NA,unknown
WS27C,Plethodon sp.,NA,NA,unknown
WS27C,Plethodon sp.,NA,NA,unknown
WS27C,Plethodon sp.,NA,NA,unknown
WS27C,Plethodon sp.,NA,NA,unknown
WS27R,Plethodon sp.,NA,NA,unknown
WS27R,Plethodon sp.,NA,NA,unknown
WS27R,Plethodon sp.,NA,NA,unknown
WS27R,Plethodon sp.,NA,NA,unknown
WS27R,Plethodon sp.,NA,NA,unknown
WS27R,Plethodon sp.,NA,NA,unknown
WS27R,Plethodon sp.,NA,NA,unknown
WS27R,Plethodon sp.,NA,NA,female
WS27R,Plethodon sp.,NA,NA,unknown
WS27R,Plethodon sp.,NA,NA,male
WS27R,Plethodon sp.,NA,NA,unknown
WS27R,Plethodon sp.,NA,NA,unknown
WS27R,Plethodon sp.,NA,NA,unknown
WS27R,Plethodon sp.,NA,NA,unknown
WS27R,Plethodon sp.,NA,NA,unknown
WS27R,Plethodon sp.,NA,NA,male
WS27R,Plethodon sp.,NA,NA,female
WS36R,Plethodon sp.,NA,NA,unknown
WS36R,Plethodon sp.,NA,NA,unknown
WS36R,Plethodon sp.,NA,NA,unknown
WS36R,Plethodon sp.,NA,NA,unknown
WS36R,Plethodon sp.,NA,NA,unknown
WS36R,Plethodon sp.,NA,NA,unknown
WS40R,Plethodon sp.,NA,NA,unknown
WS40R,Plethodon sp.,NA,NA,male
WSXR,Plethodon sp.,NA,NA,unknown
WSXM,Plethodon sp.,NA,NA,unknown
WSXM,Plethodon sp.,NA,NA,unknown
WSXM,Plethodon sp.,NA,NA,unknown
WSXM,Plethodon sp.,NA,61,unknown
WSXM,Plethodon sp.,NA,NA,unknown
WSXM,Plethodon sp.,NA,NA,unknown
WSXM,Plethodon sp.,NA,NA,unknown
WSXM,Plethodon sp.,NA,NA,unknown
WSXM,Plethodon sp.,NA,NA,unknown
WSXR,Plethodon sp.,NA,NA,unknown
WSXR,Plethodon sp.,NA,NA,unknown
WSXR,Plethodon sp.,NA,NA,unknown
WSXR,Plethodon sp.,NA,NA,unknown
WSXR,Plethodon sp.,NA,NA,unknown
WS40R,Plethodon sp.,NA,NA,unknown
WS40R,Plethodon sp.,NA,72,female
WSXC,Plethodon sp.,NA,NA,unknown
WSXC,Plethodon sp.,NA,NA,unknown
WSXC,Plethodon sp.,NA,NA,unknown
WSXC,Plethodon sp.,NA,NA,unknown
WSXC,Plethodon sp.,NA,NA,male
WSXC,Plethodon sp.,NA,NA,unknown
WSXC,Plethodon sp.,NA,NA,unknown
WSXC,Plethodon sp.,NA,NA,unknown
WSXC,Plethodon sp.,NA,NA,unknown
WSXC,Plethodon sp.,NA,NA,unknown
WSXC,Plethodon sp.,NA,NA,unknown
WSXM,Plethodon sp.,NA,NA,unknown
WSXM,Plethodon sp.,NA,NA,unknown
WSXM,Plethodon sp.,NA,NA,male
WSXM,Plethodon sp.,NA,NA,male
WS10M,Plethodon sp.,NA,61,female
WS27C,Plethodon sp.,NA,NA,unknown
WS27C,Plethodon sp.,NA,NA,unknown
WS27C,Plethodon sp.,NA,NA,unknown
WS27C,Plethodon sp.,NA,NA,unknown
WS27C,Plethodon sp.,NA,NA,unknown
WS27C,Plethodon sp.,NA,NA,unknown
WS27C,Plethodon sp.,NA,NA,unknown
WS27C,Plethodon sp.,NA,NA,unknown
WS27C,Plethodon sp.,NA,NA,unknown
WS27C,Plethodon sp.,NA,NA,unknown
WS27C,Plethodon sp.,NA,NA,unknown
WS10M,Plethodon sp.,NA,NA,unknown
WS27C,Plethodon sp.,NA,NA,unknown
WS27C,Plethodon sp.,NA,NA,unknown
WS27C,Plethodon sp.,NA,NA,unknown
WS27C,Plethodon sp.,NA,NA,unknown
WS27C,Plethodon sp.,NA,NA,unknown
WS27C,Plethodon sp.,NA,NA,unknown
WS27C,Plethodon sp.,NA,NA,unknown
WS27C,Plethodon sp.,NA,NA,unknown
WS27C,Plethodon sp.,NA,NA,unknown
WS27C,Plethodon sp.,NA,NA,unknown
WS27C,Plethodon sp.,NA,NA,unknown
WS27R,Plethodon sp.,NA,NA,unknown
WS27R,Plethodon sp.,NA,NA,unknown
WS27R,Plethodon sp.,NA,NA,unknown
WS27R,Plethodon sp.,NA,NA,unknown
WS36M,Plethodon sp.,NA,NA,unknown
WS36M,Plethodon sp.,NA,NA,unknown
WS36M,Plethodon sp.,NA,NA,unknown
WS36M,Plethodon sp.,NA,NA,unknown
WS36M,Plethodon sp.,NA,NA,unknown
WS36M,Plethodon sp.,NA,NA,unknown
WS36M,Plethodon sp.,NA,NA,unknown
WS36M,Plethodon sp.,NA,NA,unknown
WS36M,Plethodon sp.,NA,NA,unknown
WS36M,Plethodon sp.,NA,NA,unknown
WS36M,Plethodon sp.,NA,NA,unknown
WS36M,Plethodon sp.,NA,NA,unknown
WS36M,Plethodon sp.,NA,NA,unknown
WS36M,Plethodon sp.,NA,NA,unknown
WS36M,Plethodon sp.,NA,NA,unknown
WS36M,Plethodon sp.,NA,NA,unknown
WS36M,Plethodon sp.,NA,NA,unknown
WS36M,Plethodon sp.,NA,NA,unknown
WS36M,Plethodon sp.,NA,NA,unknown
WS36R,Plethodon sp.,NA,NA,unknown
WS36R,Plethodon sp.,NA,NA,unknown
WS36R,Plethodon sp.,NA,NA,unknown
WS36R,Plethodon sp.,NA,NA,unknown
WS36R,Plethodon sp.,NA,NA,unknown
WS36R,Plethodon sp.,NA,NA,unknown
WS36R,Plethodon sp.,NA,66,female
WS36R,Plethodon sp.,NA,NA,male
WS36R,Plethodon sp.,NA,NA,unknown
WS36R,Plethodon sp.,NA,NA,unknown
WSXR,Plethodon sp.,NA,NA,unknown
WSXR,Plethodon sp.,NA,NA,unknown
WSXR,Plethodon sp.,NA,NA,unknown
WSXR,Plethodon sp.,NA,NA,unknown
WS36R,Plethodon sp.,NA,NA,unknown
WS36R,Plethodon sp.,NA,NA,unknown
WS36R,Plethodon sp.,NA,66,female
WS36R,Plethodon sp.,NA,NA,unknown
WS36R,Plethodon sp.,NA,NA,unknown
WS36R,Plethodon sp.,NA,NA,unknown
WS36R,Plethodon sp.,NA,NA,unknown
WS36R,Plethodon sp.,NA,NA,unknown
WS36R,Plethodon sp.,NA,NA,male
WS36R,Plethodon sp.,NA,NA,unknown
WS40R,Plethodon sp.,NA,NA,unknown
WS40R,Plethodon sp.,NA,NA,unknown
WS40R,Plethodon sp.,NA,NA,unknown
WS40R,Plethodon sp.,NA,NA,unknown
WS40R,Plethodon sp.,NA,NA,unknown
WS40R,Plethodon sp.,NA,NA,unknown
WS40C,Plethodon sp.,NA,NA,unknown
WS40C,Plethodon sp.,NA,NA,unknown
WS40C,Plethodon sp.,NA,NA,unknown
WS40C,Plethodon sp.,NA,NA,unknown
WS40M,Plethodon sp.,NA,NA,unknown
WS40R,Plethodon sp.,NA,NA,unknown
WS40C,Plethodon sp.,NA,NA,unknown
WS40C,Plethodon sp.,NA,NA,unknown
WS40M,Plethodon sp.,NA,70,female
WS7R,Plethodon sp.,NA,68,female
WS40M,Plethodon sp.,NA,65,female
WS40M,Plethodon sp.,NA,70,female
WS40M,Plethodon sp.,NA,NA,male
WS40M,Plethodon sp.,NA,NA,unknown
WS40M,Plethodon sp.,NA,NA,unknown
WS40M,Plethodon sp.,NA,NA,male
WS10M,Plethodon sp.,NA,NA,unknown
WS18C,Plethodon sp.,NA,NA,unknown
WS18C,Plethodon sp.,NA,NA,unknown
WS18C,Plethodon sp.,NA,NA,male
WS18R,Plethodon sp.,NA,NA,unknown
WS36M,Plethodon sp.,NA,NA,unknown
WS36M,Plethodon sp.,NA,NA,unknown
WS36M,Plethodon sp.,NA,NA,unknown
WS36M,Plethodon sp.,NA,NA,unknown
WS36M,Plethodon sp.,NA,NA,unknown
WS36M,Plethodon sp.,NA,NA,unknown
WS36M,Plethodon sp.,NA,NA,unknown
WS36M,Plethodon sp.,NA,NA,unknown
WS36M,Plethodon sp.,NA,NA,unknown
WS36M,Plethodon sp.,NA,NA,unknown
WS36M,Plethodon sp.,NA,NA,unknown
WS36M,Plethodon sp.,NA,NA,unknown
WS36M,Plethodon sp.,NA,NA,unknown
WS36M,Plethodon sp.,NA,NA,unknown
WS36M,Plethodon sp.,NA,NA,unknown
WS36M,Plethodon sp.,NA,NA,unknown
WS36M,Plethodon sp.,NA,NA,unknown
WS36M,Plethodon sp.,NA,NA,unknown
WS36M,Plethodon sp.,NA,NA,unknown
WS36M,Plethodon sp.,NA,NA,unknown
WS36M,Plethodon sp.,NA,NA,unknown
WS36M,Plethodon sp.,NA,NA,unknown
WS36M,Plethodon sp.,NA,NA,female
WS36M,Plethodon sp.,NA,NA,unknown
WS36M,Plethodon sp.,NA,NA,unknown
WS36M,Plethodon sp.,NA,NA,unknown
WS36M,Plethodon sp.,NA,NA,unknown
WS36M,Plethodon sp.,NA,NA,unknown
WS36M,Plethodon sp.,NA,NA,unknown
WS36M,Plethodon sp.,NA,NA,unknown
WS36M,Plethodon sp.,NA,NA,unknown
WS36M,Plethodon sp.,NA,NA,unknown
WS36M,Plethodon sp.,NA,NA,unknown
WS36M,Plethodon sp.,NA,NA,unknown
WS36M,Plethodon sp.,NA,NA,unknown
WS36M,Plethodon sp.,NA,NA,male
WS36M,Plethodon sp.,NA,NA,unknown
WS36M,Plethodon sp.,NA,NA,unknown
WS36M,Plethodon sp.,NA,NA,unknown
WS36M,Plethodon sp.,NA,NA,unknown
WS36M,Plethodon sp.,NA,NA,unknown
WS36M,Plethodon sp.,NA,NA,male
WS36M,Plethodon sp.,NA,NA,unknown
WS36M,Plethodon sp.,NA,NA,unknown
WS36M,Plethodon sp.,NA,NA,unknown
WS36M,Plethodon sp.,NA,NA,unknown
WS36M,Plethodon sp.,NA,NA,unknown
WS36M,Plethodon sp.,NA,NA,unknown
WS36M,Plethodon sp.,NA,NA,unknown
WS36M,Plethodon sp.,NA,NA,unknown
WS36M,Plethodon sp.,NA,NA,unknown
WS36M,Plethodon sp.,NA,NA,unknown
WS36M,Plethodon sp.,NA,NA,unknown
WS36M,Plethodon sp.,NA,NA,male
WS36M,Plethodon sp.,NA,NA,unknown
WS36M,Plethodon sp.,NA,NA,unknown
WS36M,Plethodon sp.,NA,NA,unknown
WS36M,Plethodon sp.,NA,NA,unknown
WS36M,Plethodon sp.,NA,NA,unknown
WS36M,Plethodon sp.,NA,NA,unknown
WS36M,Plethodon sp.,NA,NA,unknown
WS36M,Plethodon sp.,NA,NA,unknown
WS36M,Plethodon sp.,NA,NA,unknown
WS36M,Plethodon sp.,NA,NA,unknown
WS36M,Plethodon sp.,NA,NA,unknown
WS36R,Plethodon sp.,NA,NA,unknown
WS36R,Plethodon sp.,NA,NA,unknown
WS36R,Plethodon sp.,NA,NA,unknown
WS36R,Plethodon sp.,NA,NA,unknown
WS40R,Plethodon sp.,NA,NA,unknown
WS40R,Plethodon sp.,NA,NA,unknown
WS40C,Plethodon sp.,NA,65,female
WS40C,Plethodon sp.,NA,NA,unknown
WS40R,Plethodon sp.,NA,NA,unknown
WS40C,Plethodon sp.,NA,NA,unknown
WS40C,Plethodon sp.,NA,NA,unknown
WS40C,Plethodon sp.,NA,NA,male
WS7C,Plethodon sp.,NA,NA,unknown
WS10M,Plethodon sp.,NA,NA,unknown
WS36M,Plethodon sp.,NA,NA,unknown
WS36M,Plethodon sp.,NA,NA,unknown
WS36M,Plethodon sp.,NA,NA,unknown
WS10C,Plethodon sp.,NA,NA,unknown
WS40M,Plethodon sp.,NA,NA,unknown
WS40M,Plethodon sp.,NA,65,female
WS40M,Plethodon sp.,NA,NA,unknown
WS7C,Plethodon sp.,NA,75,female
WS40C,Plethodon sp.,NA,NA,unknown
WS40C,Plethodon sp.,NA,NA,unknown
WS40C,Plethodon sp.,NA,NA,unknown
WS31,Plethodon sp.,NA,NA,male
WS31,Plethodon sp.,NA,NA,male
WS31,Plethodon sp.,NA,NA,male
WS31,Plethodon sp.,NA,NA,unknown
WS31,Plethodon sp.,NA,NA,unknown
WS31,Plethodon sp.,NA,NA,unknown
WS32,Plethodon sp.,NA,NA,unknown
WS32,Plethodon sp.,NA,NA,unknown
WS32,Plethodon sp.,NA,NA,unknown
WS32,Plethodon sp.,NA,NA,unknown
WS32,Plethodon sp.,NA,NA,unknown
WS32,Plethodon sp.,NA,NA,unknown
WS32,Plethodon sp.,NA,NA,unknown
WS32,Plethodon sp.,NA,NA,unknown
WS32,Plethodon sp.,NA,NA,unknown
WS32,Plethodon sp.,NA,NA,unknown
WS32,Plethodon sp.,NA,NA,unknown
WS32,Plethodon sp.,NA,NA,unknown
WS32,Plethodon sp.,NA,NA,unknown
WS32,Plethodon sp.,NA,NA,unknown
WS32,Plethodon sp.,NA,NA,unknown
WS32,Plethodon sp.,NA,NA,unknown
WS32,Plethodon sp.,NA,NA,unknown
WS32,Plethodon sp.,NA,NA,unknown
WS32,Plethodon sp.,NA,NA,unknown
WS32,Plethodon sp.,NA,NA,unknown
WS32,Plethodon sp.,NA,NA,male
WS32,Plethodon sp.,NA,NA,unknown
WS32,Plethodon sp.,NA,NA,male
WS32,Plethodon sp.,NA,NA,unknown
WS32,Plethodon sp.,NA,NA,male
WS32,Plethodon sp.,NA,NA,unknown
WS32,Plethodon sp.,NA,NA,male
WS32,Plethodon sp.,NA,NA,unknown
WS32,Plethodon sp.,NA,NA,unknown
WS32,Plethodon sp.,NA,NA,unknown
WS32,Plethodon sp.,NA,NA,unknown
WS32,Plethodon sp.,NA,NA,male
WS32,Plethodon sp.,NA,NA,unknown
WS32,Plethodon sp.,NA,NA,male
WS32,Plethodon sp.,NA,NA,male
WS32,Plethodon sp.,NA,NA,unknown
WS32,Plethodon sp.,NA,NA,unknown
WS32,Plethodon sp.,NA,NA,male
WS32,Plethodon sp.,NA,NA,male
WS32,Plethodon sp.,NA,NA,male
WS32,Plethodon sp.,NA,NA,male
WS32,Plethodon sp.,NA,NA,unknown
WS32,Plethodon sp.,NA,NA,unknown
WS32,Plethodon sp.,NA,NA,male
WS32,Plethodon sp.,NA,NA,unknown
WS31,Plethodon sp.,NA,NA,unknown
WS31,Plethodon sp.,NA,NA,unknown
WS31,Plethodon sp.,NA,NA,unknown
WS31,Plethodon sp.,NA,NA,male
WS31,Plethodon sp.,NA,NA,unknown
WS31,Plethodon sp.,NA,NA,unknown
WS31,Plethodon sp.,NA,NA,male
WS31,Plethodon sp.,NA,NA,unknown
WS31,Plethodon sp.,NA,NA,unknown
WS31,Plethodon sp.,NA,NA,unknown
WS31,Plethodon sp.,NA,NA,unknown
WS31,Plethodon sp.,NA,NA,unknown
WS31,Plethodon sp.,NA,NA,unknown
WS31,Plethodon sp.,NA,NA,unknown
WS31,Plethodon sp.,NA,NA,male
WS31,Plethodon sp.,NA,NA,unknown
WS31,Plethodon sp.,NA,NA,male
WS31,Plethodon sp.,NA,NA,unknown
WS31,Plethodon sp.,NA,NA,male
WS31,Plethodon sp.,NA,NA,male
WS31,Plethodon sp.,NA,NA,unknown
WS31,Plethodon sp.,NA,NA,female
WS31,Plethodon sp.,NA,NA,male
WS31,Plethodon sp.,NA,NA,unknown
WS31,Plethodon sp.,NA,NA,unknown
WS31,Plethodon sp.,NA,NA,unknown
WS31,Plethodon sp.,NA,NA,unknown
WS31,Plethodon sp.,NA,NA,unknown
WS31,Plethodon sp.,NA,NA,unknown
WS31,Plethodon sp.,NA,NA,male
WS31,Plethodon sp.,NA,NA,male
WS31,Plethodon sp.,NA,NA,unknown
WS31,Plethodon sp.,NA,NA,unknown
WS31,Plethodon sp.,NA,NA,male
WS31,Plethodon sp.,NA,NA,unknown
WS31,Plethodon sp.,NA,NA,unknown
WS31,Plethodon sp.,NA,NA,unknown
WS31,Plethodon sp.,NA,NA,male
WS31,Plethodon sp.,NA,NA,unknown
WS31,Plethodon sp.,NA,NA,unknown
WS31,Plethodon sp.,NA,NA,male
WS31,Plethodon sp.,NA,NA,male
WS31,Plethodon sp.,NA,NA,unknown
WS31,Plethodon sp.,NA,NA,unknown
WS31,Plethodon sp.,NA,NA,male
WS32,Plethodon sp.,NA,NA,unknown
WS32,Plethodon sp.,NA,NA,male
WS32,Plethodon sp.,NA,NA,unknown
WS32,Plethodon sp.,NA,NA,unknown
WS32,Plethodon sp.,NA,NA,unknown
WS32,Plethodon sp.,NA,NA,unknown
WS32,Plethodon sp.,NA,NA,unknown
WS32,Plethodon sp.,NA,NA,unknown
WS32,Plethodon sp.,NA,NA,unknown
WS32,Plethodon sp.,NA,NA,unknown
WS32,Plethodon sp.,NA,NA,unknown
WS32,Plethodon sp.,NA,NA,unknown
WS32,Plethodon sp.,NA,NA,unknown
WS32,Plethodon sp.,NA,NA,unknown
WS32,Plethodon sp.,NA,NA,male
WS32,Plethodon sp.,NA,NA,unknown
WS32,Plethodon sp.,NA,NA,unknown
WS32,Plethodon sp.,NA,NA,unknown
WS32,Plethodon sp.,NA,NA,unknown
WS32,Plethodon sp.,NA,NA,unknown
WS32,Plethodon sp.,NA,NA,male
WS32,Plethodon sp.,NA,NA,unknown
WS32,Plethodon sp.,NA,NA,unknown
WS32,Plethodon sp.,NA,NA,male
WS32,Plethodon sp.,NA,NA,unknown
WS31,Plethodon sp.,NA,NA,unknown
WS31,Plethodon sp.,NA,NA,male
WS31,Plethodon sp.,NA,NA,unknown
WS31,Plethodon sp.,NA,NA,unknown
WS31,Plethodon sp.,NA,NA,unknown
WS31,Plethodon sp.,NA,NA,unknown
WS31,Plethodon sp.,NA,NA,male
WS31,Plethodon sp.,NA,NA,unknown
WS31,Plethodon sp.,NA,NA,unknown
WS31,Plethodon sp.,NA,NA,unknown
WS31,Plethodon sp.,NA,NA,unknown
WS31,Plethodon sp.,NA,NA,unknown
WS31,Plethodon sp.,NA,NA,unknown
WS31,Plethodon sp.,NA,NA,unknown
WS31,Plethodon sp.,NA,NA,unknown
WS31,Plethodon sp.,NA,NA,unknown
WS31,Plethodon sp.,NA,NA,unknown
WS31,Plethodon sp.,NA,NA,unknown
WS31,Plethodon sp.,NA,NA,male
WS31,Plethodon sp.,NA,NA,unknown
WS31,Plethodon sp.,NA,NA,unknown
WS31,Plethodon sp.,NA,NA,unknown
WS31,Plethodon sp.,NA,NA,unknown
WS31,Plethodon sp.,NA,NA,unknown
WS31,Plethodon sp.,NA,NA,unknown
WS31,Plethodon sp.,NA,NA,unknown
WS31,Plethodon sp.,NA,NA,unknown
WS31,Plethodon sp.,NA,NA,male
WS31,Plethodon sp.,NA,NA,unknown
WS31,Plethodon sp.,NA,NA,male
WS31,Plethodon sp.,NA,NA,unknown
WS31,Plethodon sp.,NA,NA,unknown
WS31,Plethodon sp.,NA,NA,male
WS31,Plethodon sp.,NA,NA,unknown
WS31,Plethodon sp.,NA,NA,unknown
WS31,Plethodon sp.,NA,NA,unknown
WS31,Plethodon sp.,NA,NA,unknown
WS31,Plethodon sp.,NA,NA,unknown
WS32,Plethodon sp.,NA,NA,unknown
WS32,Plethodon sp.,NA,NA,unknown
WS32,Plethodon sp.,NA,NA,unknown
WS32,Plethodon sp.,NA,NA,unknown
WS32,Plethodon sp.,NA,NA,male
WS32,Plethodon sp.,NA,NA,unknown
WS32,Plethodon sp.,NA,NA,male
WS32,Plethodon sp.,NA,NA,male
WS32,Plethodon sp.,NA,NA,unknown
WS32,Plethodon sp.,NA,NA,unknown
WS32,Plethodon sp.,NA,NA,unknown
WS32,Plethodon sp.,NA,NA,unknown
WS32,Plethodon sp.,NA,NA,unknown
WS32,Plethodon sp.,NA,NA,unknown
WS32,Plethodon sp.,NA,NA,male
WS32,Plethodon sp.,NA,NA,unknown
WS32,Plethodon sp.,NA,NA,unknown
WS32,Plethodon sp.,NA,NA,unknown
WS32,Plethodon sp.,NA,NA,unknown
WS32,Plethodon sp.,NA,NA,male
WS32,Plethodon sp.,NA,NA,unknown
WS32,Plethodon sp.,NA,NA,male
WS32,Plethodon sp.,NA,NA,male
WS32,Plethodon sp.,NA,NA,unknown
WS32,Plethodon sp.,NA,NA,unknown
WS32,Plethodon sp.,NA,NA,male
WS32,Plethodon sp.,NA,NA,unknown
WS32,Plethodon sp.,NA,NA,unknown
WS32,Plethodon sp.,NA,NA,male
WS31,Plethodon sp.,NA,NA,male
WS31,Plethodon sp.,NA,NA,male
WS31,Plethodon sp.,NA,NA,unknown
WS31,Plethodon sp.,NA,NA,unknown
WS31,Plethodon sp.,NA,NA,unknown
WS31,Plethodon sp.,NA,NA,unknown
WS31,Plethodon sp.,NA,NA,unknown
WS31,Plethodon sp.,NA,NA,unknown
WS31,Plethodon sp.,NA,NA,unknown
WS31,Plethodon sp.,NA,NA,unknown
WS31,Plethodon sp.,NA,NA,unknown
WS31,Plethodon sp.,NA,NA,unknown
WS31,Plethodon sp.,NA,NA,unknown
WS31,Plethodon sp.,NA,NA,unknown
WS31,Plethodon sp.,NA,NA,unknown
WS31,Plethodon sp.,NA,NA,unknown
WS31,Plethodon sp.,NA,NA,unknown
WS31,Plethodon sp.,NA,NA,unknown
WS31,Plethodon sp.,NA,NA,unknown
WS31,Plethodon sp.,NA,NA,unknown
WS31,Plethodon sp.,NA,71,female
WS31,Plethodon sp.,NA,NA,unknown
WS31,Plethodon sp.,NA,NA,unknown
WS31,Plethodon sp.,NA,NA,unknown
WS31,Plethodon sp.,NA,NA,unknown
WS31,Plethodon sp.,NA,NA,unknown
WS32,Plethodon sp.,NA,NA,unknown
WS32,Plethodon sp.,NA,NA,unknown
WS32,Plethodon sp.,NA,NA,unknown
WS32,Plethodon sp.,NA,NA,unknown
WS32,Plethodon sp.,NA,NA,unknown
WS32,Plethodon sp.,NA,68,female
WS32,Plethodon sp.,NA,NA,unknown
WS32,Plethodon sp.,NA,NA,unknown
WS32,Plethodon sp.,NA,NA,male
WS32,Plethodon sp.,NA,NA,unknown
WS32,Plethodon sp.,NA,NA,unknown
WS32,Plethodon sp.,NA,NA,unknown
WS32,Plethodon sp.,NA,64,female
WS32,Plethodon sp.,NA,NA,unknown
WS32,Plethodon sp.,NA,NA,unknown
WS32,Plethodon sp.,NA,NA,unknown
WS32,Plethodon sp.,NA,NA,unknown
WS32,Plethodon sp.,NA,NA,unknown
WS32,Plethodon sp.,NA,NA,unknown
WS32,Plethodon sp.,NA,NA,unknown
WS32,Plethodon sp.,NA,NA,unknown
WSXR,Plethodon sp.,NA,NA,unknown
WSXR,Plethodon sp.,NA,NA,unknown
WSXR,Plethodon sp.,NA,NA,unknown
WSXR,Plethodon sp.,NA,NA,male
WSXR,Plethodon sp.,NA,NA,unknown
WSXR,Plethodon sp.,NA,62,female
WSXR,Plethodon sp.,NA,NA,unknown
WSXR,Plethodon sp.,NA,NA,unknown
WSXR,Plethodon sp.,NA,NA,unknown
WSXC,Plethodon sp.,NA,NA,unknown
WSXC,Plethodon sp.,NA,NA,unknown
WSXC,Plethodon sp.,NA,NA,unknown
WSXC,Plethodon sp.,NA,NA,unknown
WSXC,Plethodon sp.,NA,NA,male
WSXC,Plethodon sp.,NA,NA,unknown
WSXC,Plethodon sp.,NA,NA,unknown
WSXC,Plethodon sp.,NA,NA,unknown
WSXR,Plethodon sp.,NA,NA,unknown
WSXR,Plethodon sp.,NA,NA,unknown
WSXR,Plethodon sp.,NA,NA,unknown
WSXR,Plethodon sp.,NA,NA,unknown
WSXR,Plethodon sp.,NA,NA,unknown
WSXR,Plethodon sp.,NA,NA,unknown
WS27R,Plethodon sp.,NA,NA,unknown
WS27R,Plethodon sp.,NA,NA,unknown
WS27R,Plethodon sp.,NA,NA,unknown
WS27R,Plethodon sp.,NA,NA,unknown
WS27R,Plethodon sp.,NA,NA,unknown
WS27R,Plethodon sp.,NA,NA,male
WS27R,Plethodon sp.,NA,NA,unknown
WS27R,Plethodon sp.,NA,NA,male
WS27R,Plethodon sp.,NA,NA,unknown
WS27R,Plethodon sp.,NA,NA,male
WS27R,Plethodon sp.,NA,NA,male
WS27R,Plethodon sp.,NA,NA,male
WS27R,Plethodon sp.,NA,NA,unknown
WS27R,Plethodon sp.,NA,NA,unknown
WS31,Plethodon sp.,NA,NA,unknown
WS31,Plethodon sp.,NA,NA,unknown
WS31,Plethodon sp.,NA,NA,unknown
WS31,Plethodon sp.,NA,NA,unknown
WS31,Plethodon sp.,NA,NA,unknown
WS31,Plethodon sp.,NA,NA,unknown
WS31,Plethodon sp.,NA,NA,unknown
WS31,Plethodon sp.,NA,NA,unknown
WS31,Plethodon sp.,NA,NA,unknown
WS31,Plethodon sp.,NA,NA,unknown
WS31,Plethodon sp.,NA,NA,unknown
WS31,Plethodon sp.,NA,NA,unknown
WS31,Plethodon sp.,NA,NA,unknown
WS31,Plethodon sp.,NA,NA,unknown
WS31,Plethodon sp.,NA,NA,unknown
WS31,Plethodon sp.,NA,NA,unknown
WS31,Plethodon sp.,NA,57,female
WS31,Plethodon sp.,NA,NA,unknown
WS31,Plethodon sp.,NA,NA,unknown
WS31,Plethodon sp.,NA,NA,unknown
WS31,Plethodon sp.,NA,NA,unknown
WS31,Plethodon sp.,NA,68,female
WS31,Plethodon sp.,NA,NA,unknown
WSXR,Plethodon sp.,NA,NA,unknown
WSXR,Plethodon sp.,NA,NA,unknown
WSXR,Plethodon sp.,NA,NA,unknown
WSXR,Plethodon sp.,NA,NA,unknown
WSXR,Plethodon sp.,NA,NA,unknown
WSXR,Plethodon sp.,NA,NA,unknown
WSXR,Plethodon sp.,NA,NA,unknown
WSXR,Plethodon sp.,NA,NA,unknown
WSXR,Plethodon sp.,NA,NA,unknown
WSXR,Plethodon sp.,NA,NA,unknown
WSXM,Plethodon sp.,NA,NA,unknown
WSXM,Plethodon sp.,NA,NA,unknown
WSXM,Plethodon sp.,NA,65,female
WSXM,Plethodon sp.,NA,NA,unknown
WSXM,Plethodon sp.,NA,NA,unknown
WSXM,Plethodon sp.,NA,NA,unknown
WSXM,Plethodon sp.,NA,NA,unknown
WSXM,Plethodon sp.,NA,NA,unknown
WS31,Plethodon sp.,NA,NA,unknown
WS31,Plethodon sp.,NA,NA,unknown
WS31,Plethodon sp.,NA,NA,unknown
WS31,Plethodon sp.,NA,64,female
WS31,Plethodon sp.,NA,NA,unknown
WS31,Plethodon sp.,NA,NA,unknown
WS32,Plethodon sp.,NA,NA,unknown
WS32,Plethodon sp.,NA,NA,unknown
WS32,Plethodon sp.,NA,NA,unknown
WS32,Plethodon sp.,NA,NA,unknown
WS32,Plethodon sp.,NA,NA,unknown
WS32,Plethodon sp.,NA,NA,unknown
WS32,Plethodon sp.,NA,NA,unknown
WS32,Plethodon sp.,NA,NA,unknown
WS32,Plethodon sp.,NA,NA,unknown
WS32,Plethodon sp.,NA,NA,unknown
WS32,Plethodon sp.,NA,NA,unknown
WS32,Plethodon sp.,NA,NA,unknown
WS32,Plethodon sp.,NA,NA,unknown
WS32,Plethodon sp.,NA,NA,unknown
WS32,Plethodon sp.,NA,NA,unknown
WS32,Plethodon sp.,NA,NA,unknown
WS32,Plethodon sp.,NA,NA,unknown
WS32,Plethodon sp.,NA,NA,unknown
WS32,Plethodon sp.,NA,NA,unknown
WS27C,Plethodon sp.,NA,NA,unknown
WS27C,Plethodon sp.,NA,NA,male
WS27C,Plethodon sp.,NA,NA,unknown
WS27C,Plethodon sp.,NA,NA,unknown
WS27C,Plethodon sp.,NA,NA,unknown
WS27C,Plethodon sp.,NA,NA,unknown
WS27C,Plethodon sp.,NA,NA,unknown
WS27R,Plethodon sp.,NA,NA,unknown
WS27C,Plethodon sp.,NA,NA,unknown
WS27C,Plethodon sp.,NA,NA,unknown
WS27C,Plethodon sp.,NA,NA,unknown
WS27C,Plethodon sp.,NA,NA,unknown
WS27C,Plethodon sp.,NA,NA,unknown
WS27C,Plethodon sp.,NA,NA,unknown
WS27C,Plethodon sp.,NA,NA,unknown
WS27C,Plethodon sp.,NA,NA,unknown
WS27C,Plethodon sp.,NA,NA,unknown
WS27C,Plethodon sp.,NA,NA,unknown
WS27C,Plethodon sp.,NA,NA,unknown
WS27C,Plethodon sp.,NA,NA,unknown
WS27C,Plethodon sp.,NA,NA,unknown
WS27C,Plethodon sp.,NA,NA,unknown
WS27C,Plethodon sp.,NA,NA,unknown
WS27C,Plethodon sp.,NA,NA,unknown
WS27C,Plethodon sp.,NA,NA,unknown
WS27C,Plethodon sp.,NA,NA,unknown
WS27C,Plethodon sp.,NA,NA,unknown
WS27C,Plethodon sp.,NA,NA,unknown
WS27C,Plethodon sp.,NA,NA,unknown
WS27C,Plethodon sp.,NA,NA,unknown
WS27C,Plethodon sp.,NA,NA,male
WS27C,Plethodon sp.,NA,NA,unknown
WS27C,Plethodon sp.,NA,NA,unknown
WS27C,Plethodon sp.,NA,NA,unknown
WS27C,Plethodon sp.,NA,NA,unknown
WS27R,Plethodon sp.,NA,NA,unknown
WS27R,Plethodon sp.,NA,NA,unknown
WS27R,Plethodon sp.,NA,NA,unknown
WS27R,Plethodon sp.,NA,NA,unknown
WS27R,Plethodon sp.,NA,NA,unknown
WS27R,Plethodon sp.,NA,NA,unknown
WS27R,Plethodon sp.,NA,NA,unknown
WS27R,Plethodon sp.,NA,NA,unknown
WS27R,Plethodon sp.,NA,NA,unknown
WSXR,Plethodon sp.,NA,NA,unknown
WSXR,Plethodon sp.,NA,NA,unknown
WSXR,Plethodon sp.,NA,NA,unknown
WSXR,Plethodon sp.,NA,NA,unknown
WSXR,Plethodon sp.,NA,NA,unknown
WSXR,Plethodon sp.,NA,NA,unknown
WSXR,Plethodon sp.,NA,NA,unknown
WSXR,Plethodon sp.,NA,NA,male
WSXR,Plethodon sp.,NA,NA,unknown
WSXR,Plethodon sp.,NA,NA,male
WSXR,Plethodon sp.,NA,NA,unknown
WSXC,Plethodon sp.,NA,NA,unknown
WSXR,Plethodon sp.,NA,NA,unknown
WSXC,Plethodon sp.,NA,NA,male
WSXC,Plethodon sp.,NA,NA,unknown
WSXC,Plethodon sp.,NA,NA,unknown
WSXM,Plethodon sp.,NA,NA,unknown
WSXM,Plethodon sp.,NA,NA,unknown
WSXM,Plethodon sp.,NA,NA,unknown
WSXM,Plethodon sp.,NA,NA,unknown
WS31,Plethodon sp.,NA,66,female
WS31,Plethodon sp.,NA,66,female
WS31,Plethodon sp.,NA,70,female
WS31,Plethodon sp.,NA,NA,unknown
WS31,Plethodon sp.,NA,NA,unknown
WS31,Plethodon sp.,NA,64,female
WS31,Plethodon sp.,NA,NA,unknown
WS31,Plethodon sp.,NA,NA,unknown
WS31,Plethodon sp.,NA,NA,unknown
WS31,Plethodon sp.,NA,NA,unknown
WS31,Plethodon sp.,NA,NA,unknown
WS31,Plethodon sp.,NA,NA,unknown
WS31,Plethodon sp.,NA,NA,unknown
WS31,Plethodon sp.,NA,NA,unknown
WS31,Plethodon sp.,NA,NA,unknown
WS31,Plethodon sp.,NA,NA,unknown
WS31,Plethodon sp.,NA,NA,unknown
WS31,Plethodon sp.,NA,NA,unknown
WS31,Plethodon sp.,NA,NA,unknown
WS31,Plethodon sp.,NA,NA,unknown
WS31,Plethodon sp.,NA,NA,unknown
WS31,Plethodon sp.,NA,NA,unknown
WS32,Plethodon sp.,NA,NA,unknown
WS32,Plethodon sp.,NA,NA,unknown
WS32,Plethodon sp.,NA,NA,unknown
WS32,Plethodon sp.,NA,NA,unknown
WS32,Plethodon sp.,NA,NA,unknown
WS32,Plethodon sp.,NA,NA,unknown
WS32,Plethodon sp.,NA,NA,unknown
WS32,Plethodon sp.,NA,NA,unknown
WS32,Plethodon sp.,NA,NA,unknown
WS32,Plethodon sp.,NA,NA,unknown
WS32,Plethodon sp.,NA,NA,unknown
WS32,Plethodon sp.,NA,NA,unknown
WS32,Plethodon sp.,NA,NA,unknown
WS32,Plethodon sp.,NA,NA,unknown
WS32,Plethodon sp.,NA,NA,unknown
WS32,Plethodon sp.,NA,NA,unknown
WS32,Plethodon sp.,NA,NA,unknown
WS32,Plethodon sp.,NA,NA,unknown
WS32,Plethodon sp.,NA,NA,unknown
WS32,Plethodon sp.,NA,NA,unknown
WSXM,Plethodon sp.,NA,NA,unknown
WSXM,Plethodon sp.,NA,NA,unknown
WSXM,Plethodon sp.,NA,NA,unknown
WSXM,Plethodon sp.,NA,NA,unknown
WS27C,Plethodon sp.,NA,NA,unknown
WS27C,Plethodon sp.,NA,NA,unknown
WS27C,Plethodon sp.,NA,NA,unknown
WS27C,Plethodon sp.,NA,NA,unknown
WS27C,Plethodon sp.,NA,NA,unknown
WS27C,Plethodon sp.,NA,NA,unknown
WS27C,Plethodon sp.,NA,NA,unknown
WS27C,Plethodon sp.,NA,NA,unknown
WS27C,Plethodon sp.,NA,NA,unknown
WS27C,Plethodon sp.,NA,NA,male
WS27C,Plethodon sp.,NA,NA,unknown
WS27C,Plethodon sp.,NA,NA,unknown
WS27C,Plethodon sp.,NA,NA,unknown
WS27C,Plethodon sp.,NA,NA,unknown
WS27C,Plethodon sp.,NA,NA,unknown
WS27C,Plethodon sp.,NA,NA,male
WS27C,Plethodon sp.,NA,NA,unknown
WS27C,Plethodon sp.,NA,NA,male
WS27C,Plethodon sp.,NA,NA,unknown
WS27C,Plethodon sp.,NA,NA,unknown
WS27C,Plethodon sp.,NA,NA,unknown
WS27C,Plethodon sp.,NA,NA,unknown
WS27C,Plethodon sp.,NA,NA,unknown
WS27C,Plethodon sp.,NA,NA,unknown
WS27C,Plethodon sp.,NA,NA,unknown
WS27C,Plethodon sp.,NA,NA,unknown
WS27C,Plethodon sp.,NA,NA,unknown
WS27C,Plethodon sp.,NA,NA,unknown
WS27C,Plethodon sp.,NA,NA,unknown
WS27C,Plethodon sp.,NA,NA,male
WS27C,Plethodon sp.,NA,NA,male
WS27C,Plethodon sp.,NA,NA,unknown
WS27C,Plethodon sp.,NA,NA,unknown
WS27C,Plethodon sp.,NA,NA,unknown
WS27C,Plethodon sp.,NA,NA,unknown
WS27C,Plethodon sp.,NA,NA,unknown
WS27C,Plethodon sp.,NA,NA,unknown
WS27C,Plethodon sp.,NA,NA,unknown
WS27C,Plethodon sp.,NA,NA,unknown
WS27C,Plethodon sp.,NA,NA,unknown
WS27C,Plethodon sp.,NA,NA,unknown
WS27R,Plethodon sp.,NA,NA,unknown
WS27R,Plethodon sp.,NA,NA,unknown
WS27R,Plethodon sp.,NA,NA,unknown
WS27R,Plethodon sp.,NA,NA,unknown
WS27R,Plethodon sp.,NA,NA,unknown
WS27R,Plethodon sp.,NA,NA,unknown
WS27R,Plethodon sp.,NA,NA,unknown
WS27R,Plethodon sp.,NA,NA,unknown
WS27R,Plethodon sp.,NA,NA,unknown
WS27R,Plethodon sp.,NA,NA,unknown
WS27R,Plethodon sp.,NA,NA,unknown
WSXC,Plethodon sp.,NA,NA,unknown
WSXC,Plethodon sp.,NA,NA,unknown
WSXC,Plethodon sp.,NA,NA,unknown
WSXC,Plethodon sp.,NA,NA,unknown
WSXC,Plethodon sp.,NA,NA,unknown
WS31,Plethodon sp.,NA,NA,unknown
WSXC,Plethodon sp.,NA,NA,male
WSXC,Plethodon sp.,NA,NA,unknown
WSXC,Plethodon sp.,NA,NA,unknown
WSXM,Plethodon sp.,NA,NA,unknown
WSXM,Plethodon sp.,NA,NA,unknown
WSXM,Plethodon sp.,NA,NA,unknown
WSXM,Plethodon sp.,NA,NA,unknown
WSXM,Plethodon sp.,NA,NA,unknown
WSXM,Plethodon sp.,NA,NA,unknown
WSXM,Plethodon sp.,NA,NA,unknown
WSXM,Plethodon sp.,NA,NA,unknown
WSXM,Plethodon sp.,NA,NA,unknown
WSXM,Plethodon sp.,NA,NA,unknown
WSXM,Plethodon sp.,NA,NA,unknown
WSXM,Plethodon sp.,NA,NA,unknown
WSXM,Plethodon sp.,NA,NA,unknown
2750,Plethodon sp.,NA,47,unknown
2750,Plethodon sp.,NA,28,unknown
2750,Plethodon sp.,NA,25,unknown
2750,Plethodon sp.,NA,27,unknown
2750,Plethodon sp.,NA,30,unknown
2750,Plethodon sp.,NA,23,unknown
2750,Plethodon sp.,NA,26,unknown
2750,Plethodon sp.,NA,33,unknown
2750,Plethodon sp.,NA,30,unknown
2750,Plethodon sp.,NA,31,unknown
2750,Plethodon sp.,NA,28,unknown
2750,Plethodon sp.,NA,46,unknown
2750,Plethodon sp.,NA,28,unknown
2850,Plethodon sp.,NA,46,unknown
2850,Plethodon sp.,NA,27,unknown
2850,Plethodon sp.,NA,26,unknown
2850,Plethodon sp.,NA,31,unknown
2850,Plethodon sp.,NA,28,unknown
2850,Plethodon sp.,NA,28,unknown
2850,Plethodon sp.,NA,27,unknown
2850,Plethodon sp.,NA,29,unknown
2850,Plethodon sp.,NA,33,unknown
2850,Plethodon sp.,NA,27,unknown
2850,Plethodon sp.,NA,30,unknown
2850,Plethodon sp.,NA,26,unknown
2850,Plethodon sp.,NA,49,unknown
2850,Plethodon sp.,NA,28,unknown
2850,Plethodon sp.,NA,46,unknown
2850,Plethodon sp.,NA,29,unknown
2850,Plethodon sp.,NA,30,unknown
2950,Plethodon sp.,NA,37,unknown
2950,Plethodon sp.,NA,26,unknown
2950,Plethodon sp.,NA,22,unknown
2950,Plethodon sp.,NA,27,unknown
2950,Plethodon sp.,NA,24,unknown
2950,Plethodon sp.,NA,22,unknown
2950,Plethodon sp.,NA,43,unknown
2950,Plethodon sp.,NA,25,unknown
2950,Plethodon sp.,NA,24,unknown
2950,Plethodon sp.,NA,29,unknown
2950,Plethodon sp.,NA,23,unknown
2950,Plethodon sp.,NA,25,unknown
2950,Plethodon sp.,NA,25,unknown
2950,Plethodon sp.,NA,26,unknown
2950,Plethodon sp.,NA,21,unknown
2950,Plethodon sp.,NA,24,unknown
2950,Plethodon sp.,NA,30,unknown
2950,Plethodon sp.,NA,27,unknown
2950,Plethodon sp.,NA,44,unknown
2950,Plethodon sp.,NA,48,unknown
2750,Plethodon sp.,NA,80,female
2750,Plethodon sp.,NA,61,female
2750,Plethodon sp.,NA,76,male
2850,Plethodon sp.,NA,62,female
2850,Plethodon sp.,NA,78,female
2850,Plethodon sp.,NA,61,unknown
2950,Plethodon sp.,NA,64,female
2950,Plethodon sp.,NA,59,male
2950,Plethodon sp.,NA,61,male
2950,Plethodon sp.,NA,73,female
2750,Plethodon sp.,NA,29,unknown
2750,Plethodon sp.,NA,29,unknown
2750,Plethodon sp.,NA,57,unknown
2750,Plethodon sp.,NA,57,unknown
2750,Plethodon sp.,NA,NA,unknown
2750,Plethodon sp.,NA,NA,unknown
2750,Plethodon sp.,NA,NA,unknown
2750,Plethodon sp.,NA,NA,unknown
2750,Plethodon sp.,NA,NA,unknown
2750,Plethodon sp.,NA,NA,unknown
2750,Plethodon sp.,NA,32,unknown
2750,Plethodon sp.,NA,28,unknown
2750,Plethodon sp.,NA,28,unknown
2850,Plethodon sp.,NA,NA,unknown
2850,Plethodon sp.,NA,30,unknown
2850,Plethodon sp.,NA,29,unknown
2850,Plethodon sp.,NA,50,unknown
2850,Plethodon sp.,NA,33,unknown
2850,Plethodon sp.,NA,26,unknown
2850,Plethodon sp.,NA,26,unknown
2850,Plethodon sp.,NA,48,unknown
2850,Plethodon sp.,NA,43,unknown
2850,Plethodon sp.,NA,27,unknown
2850,Plethodon sp.,NA,26,unknown
2950,Plethodon sp.,NA,44,unknown
2950,Plethodon sp.,NA,43,unknown
2950,Plethodon sp.,NA,NA,unknown
2950,Plethodon sp.,NA,23,unknown
2950,Plethodon sp.,NA,24,unknown
2950,Plethodon sp.,NA,44,unknown
2950,Plethodon sp.,NA,NA,unknown
2950,Plethodon sp.,NA,NA,unknown
2950,Plethodon sp.,NA,NA,unknown
2950,Plethodon sp.,NA,40,unknown
2950,Plethodon sp.,NA,NA,unknown
2950,Plethodon sp.,NA,NA,unknown
2950,Plethodon sp.,NA,NA,unknown
2950,Plethodon sp.,NA,26,unknown
2950,Plethodon sp.,NA,21,unknown
2950,Plethodon sp.,NA,22,unknown
2950,Plethodon sp.,NA,25,unknown
2950,Plethodon sp.,NA,26,unknown
2950,Plethodon sp.,NA,23,unknown
2950,Plethodon sp.,NA,28,unknown
2950,Plethodon sp.,NA,21,unknown
2950,Plethodon sp.,NA,26,unknown
2950,Plethodon sp.,NA,28,unknown
2950,Plethodon sp.,NA,23,unknown
2950,Plethodon sp.,NA,25,unknown
2950,Plethodon sp.,NA,25,unknown
2950,Plethodon sp.,NA,53,unknown
2950,Plethodon sp.,NA,24,unknown
2950,Plethodon sp.,NA,26,unknown
2950,Plethodon sp.,NA,26,unknown
2950,Plethodon sp.,NA,26,unknown
2950,Plethodon sp.,NA,28,unknown
2950,Plethodon sp.,NA,25,unknown
2950,Plethodon sp.,NA,23,unknown
2950,Plethodon sp.,NA,26,unknown
2950,Plethodon sp.,NA,27,unknown
2750,Plethodon sp.,NA,NA,female
2750,Plethodon sp.,NA,68,female
2750,Plethodon sp.,NA,67,male
2750,Plethodon sp.,NA,71,female
2750,Plethodon sp.,NA,63,unknown
2750,Plethodon sp.,NA,72,male
2750,Plethodon sp.,NA,NA,unknown
2750,Plethodon sp.,NA,NA,unknown
2750,Plethodon sp.,NA,63,female
2750,Plethodon sp.,NA,69,female
2850,Plethodon sp.,NA,61,female
2950,Plethodon sp.,NA,65,female
2950,Plethodon sp.,NA,71,female
2950,Plethodon sp.,NA,NA,unknown
2950,Plethodon sp.,NA,63,female
2950,Plethodon sp.,NA,NA,male
2950,Plethodon sp.,NA,NA,unknown
2750,Plethodon sp.,NA,NA,unknown
2750,Plethodon sp.,NA,NA,unknown
2750,Plethodon sp.,NA,26,unknown
2750,Plethodon sp.,NA,26,unknown
2750,Plethodon sp.,NA,NA,unknown
2750,Plethodon sp.,NA,NA,unknown
2750,Plethodon sp.,NA,NA,unknown
2750,Plethodon sp.,NA,32,unknown
2750,Plethodon sp.,NA,27,unknown
2750,Plethodon sp.,NA,31,unknown
2750,Plethodon sp.,NA,26,unknown
2750,Plethodon sp.,NA,28,unknown
2850,Plethodon sp.,NA,49,unknown
2850,Plethodon sp.,NA,52,unknown
2850,Plethodon sp.,NA,NA,unknown
2850,Plethodon sp.,NA,27,unknown
2850,Plethodon sp.,NA,48,unknown
2850,Plethodon sp.,NA,NA,unknown
2850,Plethodon sp.,NA,50,unknown
2850,Plethodon sp.,NA,43,unknown
2850,Plethodon sp.,NA,29,unknown
2950,Plethodon sp.,NA,45,unknown
2950,Plethodon sp.,NA,57,unknown
2950,Plethodon sp.,NA,23,unknown
2950,Plethodon sp.,NA,23,unknown
2950,Plethodon sp.,NA,26,unknown
2950,Plethodon sp.,NA,24,unknown
2950,Plethodon sp.,NA,27,unknown
2950,Plethodon sp.,NA,43,unknown
2950,Plethodon sp.,NA,53,unknown
2950,Plethodon sp.,NA,52,unknown
2950,Plethodon sp.,NA,53,unknown
2950,Plethodon sp.,NA,NA,unknown
2950,Plethodon sp.,NA,NA,unknown
2950,Plethodon sp.,NA,NA,unknown
2950,Plethodon sp.,NA,NA,unknown
2950,Plethodon sp.,NA,NA,unknown
2950,Plethodon sp.,NA,24,unknown
2950,Plethodon sp.,NA,27,unknown
2950,Plethodon sp.,NA,24,unknown
2950,Plethodon sp.,NA,24,unknown
2950,Plethodon sp.,NA,26,unknown
2950,Plethodon sp.,NA,24,unknown
2950,Plethodon sp.,NA,48,unknown
2950,Plethodon sp.,NA,23,unknown
2950,Plethodon sp.,NA,25,unknown
2950,Plethodon sp.,NA,46,unknown
2750,Plethodon sp.,NA,66,female
2750,Plethodon sp.,NA,73,female
2750,Plethodon sp.,NA,67,female
2750,Plethodon sp.,NA,69,male
2750,Plethodon sp.,NA,67,female
2750,Plethodon sp.,NA,60,female
2850,Plethodon sp.,NA,63,male
2850,Plethodon sp.,NA,NA,unknown
2850,Plethodon sp.,NA,65,male
2850,Plethodon sp.,NA,60,female
2850,Plethodon sp.,NA,65,male
2850,Plethodon sp.,NA,64,male
2950,Plethodon sp.,NA,NA,female
2950,Plethodon sp.,NA,66,female
2950,Plethodon sp.,NA,59,unknown
2950,Plethodon sp.,NA,63,female
2950,Plethodon sp.,NA,63,male
2950,Plethodon sp.,NA,62,female
2950,Plethodon sp.,NA,61,male
WS36R,Plethodon sp.,NA,NA,unknown
WS36R,Plethodon sp.,NA,NA,unknown
WS36R,Plethodon sp.,NA,NA,unknown
WS36R,Plethodon sp.,NA,NA,unknown
WS36R,Plethodon sp.,NA,NA,unknown
WS36R,Plethodon sp.,NA,NA,unknown
WS36R,Plethodon sp.,NA,NA,unknown
WS36R,Plethodon sp.,NA,NA,unknown
WS40R,Plethodon sp.,NA,NA,unknown
WS40R,Plethodon sp.,NA,NA,unknown
WS40R,Plethodon sp.,NA,NA,unknown
WS36M,Plethodon sp.,NA,70,female
WS36M,Plethodon sp.,NA,NA,unknown
WS36M,Plethodon sp.,NA,NA,unknown
WS36M,Plethodon sp.,NA,NA,unknown
WS36M,Plethodon sp.,NA,NA,unknown
WS36M,Plethodon sp.,NA,NA,unknown
WS36M,Plethodon sp.,NA,NA,unknown
WS36M,Plethodon sp.,NA,NA,unknown
WS36M,Plethodon sp.,NA,NA,unknown
WS36M,Plethodon sp.,NA,NA,unknown
WS36M,Plethodon sp.,NA,NA,unknown
WS36M,Plethodon sp.,NA,NA,unknown
WS36M,Plethodon sp.,NA,NA,unknown
WS36M,Plethodon sp.,NA,NA,unknown
WS36M,Plethodon sp.,NA,NA,unknown
WS36M,Plethodon sp.,NA,NA,unknown
WS36M,Plethodon sp.,NA,NA,unknown
WS36M,Plethodon sp.,NA,NA,unknown
WS36M,Plethodon sp.,NA,NA,unknown
WS36M,Plethodon sp.,NA,NA,unknown
WS36M,Plethodon sp.,NA,NA,unknown
WS36R,Plethodon sp.,NA,NA,unknown
WS40R,Plethodon sp.,NA,NA,unknown
WS40R,Plethodon sp.,NA,NA,unknown
WS40R,Plethodon sp.,NA,78,female
WS36R,Plethodon sp.,NA,NA,unknown
WS36R,Plethodon sp.,NA,NA,unknown
WS36R,Plethodon sp.,NA,NA,unknown
WS36R,Plethodon sp.,NA,NA,unknown
WS36R,Plethodon sp.,NA,NA,unknown
WS36R,Plethodon sp.,NA,NA,unknown
WS36R,Plethodon sp.,NA,NA,unknown
WS36R,Plethodon sp.,NA,NA,unknown
WS36R,Plethodon sp.,NA,NA,unknown
WS36R,Plethodon sp.,NA,NA,unknown
WS36R,Plethodon sp.,NA,NA,unknown
WS36R,Plethodon sp.,NA,NA,unknown
WS36R,Plethodon sp.,NA,NA,unknown
WS40M,Plethodon sp.,NA,73,female
WS40C,Plethodon sp.,NA,NA,unknown
WS40C,Plethodon sp.,NA,NA,unknown
WS40M,Plethodon sp.,NA,NA,unknown
WS40M,Plethodon sp.,NA,NA,unknown
WS40M,Plethodon sp.,NA,NA,unknown
WS36M,Plethodon sp.,NA,NA,unknown
WS36M,Plethodon sp.,NA,NA,unknown
WS36M,Plethodon sp.,NA,NA,unknown
WS36M,Plethodon sp.,NA,NA,unknown
WS36M,Plethodon sp.,NA,NA,unknown
WS36M,Plethodon sp.,NA,NA,unknown
WS36M,Plethodon sp.,NA,NA,unknown
WS40R,Plethodon sp.,NA,NA,unknown
WS36R,Plethodon sp.,NA,NA,unknown
WS36R,Plethodon sp.,NA,NA,male
WS36R,Plethodon sp.,NA,NA,unknown
WS36R,Plethodon sp.,NA,NA,unknown
WS36R,Plethodon sp.,NA,NA,unknown
WS36R,Plethodon sp.,NA,NA,unknown
WS36R,Plethodon sp.,NA,NA,unknown
WS40R,Plethodon sp.,NA,NA,unknown
WS40R,Plethodon sp.,NA,NA,unknown
WS40R,Plethodon sp.,NA,75,female
WS36R,Plethodon sp.,NA,NA,unknown
WS36M,Plethodon sp.,NA,NA,unknown
WS36M,Plethodon sp.,NA,NA,unknown
WS36M,Plethodon sp.,NA,NA,unknown
WS40C,Plethodon sp.,NA,NA,unknown
WS40M,Plethodon sp.,NA,NA,unknown
WS40M,Plethodon sp.,NA,NA,unknown
WS40C,Plethodon sp.,NA,61,female
WS6R,Plethodon sp.,NA,85,female
WS36M,Plethodon sp.,NA,NA,unknown
WS36M,Plethodon sp.,NA,NA,unknown
WS36M,Plethodon sp.,NA,69,female
WS36M,Plethodon sp.,NA,NA,unknown
WS36M,Plethodon sp.,NA,NA,unknown
WS36M,Plethodon sp.,NA,NA,unknown
WS36M,Plethodon sp.,NA,NA,unknown
WS36M,Plethodon sp.,NA,NA,unknown
WS36M,Plethodon sp.,NA,NA,unknown
WS36M,Plethodon sp.,NA,NA,unknown
WS36M,Plethodon sp.,NA,NA,unknown
WS36M,Plethodon sp.,NA,NA,unknown
WS36M,Plethodon sp.,NA,NA,unknown
WS36M,Plethodon sp.,NA,NA,unknown
WS36M,Plethodon sp.,NA,NA,unknown
WS36M,Plethodon sp.,NA,NA,unknown
WS36M,Plethodon sp.,NA,NA,unknown
WS36M,Plethodon sp.,NA,NA,unknown
WS40C,Plethodon sp.,NA,NA,unknown
WS40C,Plethodon sp.,NA,NA,unknown
WS40C,Plethodon sp.,NA,NA,unknown
WS40C,Plethodon sp.,NA,NA,unknown
WS40M,Plethodon sp.,NA,NA,unknown
WS36M,Plethodon sp.,NA,NA,unknown
WS36M,Plethodon sp.,NA,NA,unknown
WS36M,Plethodon sp.,NA,NA,unknown
WS36M,Plethodon sp.,NA,NA,unknown
WS36M,Plethodon sp.,NA,NA,unknown
WS36M,Plethodon sp.,NA,NA,unknown
WS36M,Plethodon sp.,NA,NA,unknown
WS40M,Plethodon sp.,NA,NA,unknown
WS40M,Plethodon sp.,NA,NA,unknown
WS40M,Plethodon sp.,NA,NA,unknown
WS40M,Plethodon sp.,NA,NA,unknown
WS40M,Plethodon sp.,NA,NA,unknown
WS40M,Plethodon sp.,NA,NA,unknown
WS40M,Plethodon sp.,NA,NA,unknown
WS40M,Plethodon sp.,NA,NA,male
WS40M,Plethodon sp.,NA,NA,unknown
WS40M,Plethodon sp.,NA,NA,unknown
WS40M,Plethodon sp.,NA,NA,unknown
WS40M,Plethodon sp.,NA,NA,unknown
WS10M,Plethodon sp.,NA,63,female
WS10M,Plethodon sp.,NA,73,female
WS10M,Plethodon sp.,NA,NA,unknown
WS10M,Plethodon sp.,NA,NA,unknown
WS7C,Plethodon sp.,NA,NA,unknown
WS7C,Plethodon sp.,NA,NA,unknown
WS7C,Plethodon sp.,NA,NA,unknown
WS7C,Plethodon sp.,NA,NA,unknown
WS7C,Plethodon sp.,NA,NA,unknown
WS7C,Plethodon sp.,NA,NA,unknown
WSXR,Plethodon sp.,NA,58,male
WSXR,Plethodon sp.,NA,58,male
WSXR,Plethodon sp.,NA,NA,unknown
WSXR,Plethodon sp.,NA,NA,unknown
WSXR,Plethodon sp.,NA,NA,unknown
WSXR,Plethodon sp.,NA,NA,unknown
WSXR,Plethodon sp.,NA,NA,unknown
WSXR,Plethodon sp.,NA,NA,unknown
WSXR,Plethodon sp.,NA,51,male
WSXR,Plethodon sp.,NA,NA,unknown
WSXR,Plethodon sp.,NA,NA,unknown
WSXR,Plethodon sp.,NA,NA,unknown
WSXR,Plethodon sp.,NA,NA,unknown
WSXR,Plethodon sp.,NA,NA,unknown
WSXR,Plethodon sp.,NA,NA,unknown
WSXR,Plethodon sp.,NA,NA,unknown
WSXR,Plethodon sp.,NA,NA,unknown
WSXR,Plethodon sp.,NA,NA,unknown
WSXR,Plethodon sp.,NA,NA,unknown
WS36R,Plethodon sp.,NA,58,female
WS36R,Plethodon sp.,NA,61,female
WS36R,Plethodon sp.,NA,NA,unknown
WS36R,Plethodon sp.,NA,NA,unknown
WS36R,Plethodon sp.,NA,NA,unknown
WS36R,Plethodon sp.,NA,NA,unknown
WS36R,Plethodon sp.,NA,NA,unknown
WS36R,Plethodon sp.,NA,NA,unknown
WS40R,Plethodon sp.,NA,NA,unknown
WS40R,Plethodon sp.,NA,NA,unknown
WS40R,Plethodon sp.,NA,NA,unknown
WS36R,Plethodon sp.,NA,NA,unknown
WS36R,Plethodon sp.,NA,NA,unknown
WS36R,Plethodon sp.,NA,NA,unknown
WS36R,Plethodon sp.,NA,NA,unknown
WS36R,Plethodon sp.,NA,NA,unknown
WS36R,Plethodon sp.,NA,63,female
WS36R,Plethodon sp.,NA,NA,unknown
WS36R,Plethodon sp.,NA,NA,unknown
WS40R,Plethodon sp.,NA,NA,unknown
WS40R,Plethodon sp.,NA,NA,unknown
WS27R,Plethodon sp.,NA,51,male
WS36M,Plethodon sp.,NA,66,female
WS27R,Plethodon sp.,NA,60,male
WS10R,Plethodon sp.,NA,63,female
WS10R,Plethodon sp.,NA,68,female
WS7R,Plethodon sp.,NA,NA,unknown
WS10R,Plethodon sp.,NA,NA,unknown
WS27C,Plethodon sp.,NA,NA,unknown
WS27C,Plethodon sp.,NA,NA,unknown
WS27C,Plethodon sp.,NA,NA,unknown
WS27C,Plethodon sp.,NA,NA,unknown
WS27C,Plethodon sp.,NA,NA,unknown
WS27C,Plethodon sp.,NA,NA,unknown
WS27C,Plethodon sp.,NA,NA,unknown
WS27C,Plethodon sp.,NA,NA,unknown
WS27R,Plethodon sp.,NA,NA,unknown
WS27R,Plethodon sp.,NA,NA,unknown
WS27R,Plethodon sp.,NA,NA,unknown
WS27R,Plethodon sp.,NA,NA,unknown
WS27R,Plethodon sp.,NA,NA,unknown
WS27R,Plethodon sp.,NA,NA,unknown
WS27R,Plethodon sp.,NA,NA,unknown
WS27R,Plethodon sp.,NA,NA,unknown
WS27R,Plethodon sp.,NA,NA,male
WS27R,Plethodon sp.,NA,NA,unknown
WS27R,Plethodon sp.,NA,NA,unknown
WS27R,Plethodon sp.,NA,NA,unknown
WS27R,Plethodon sp.,NA,NA,unknown
WS36M,Plethodon sp.,NA,NA,unknown
WS36M,Plethodon sp.,NA,NA,unknown
WS36M,Plethodon sp.,NA,NA,unknown
WS36M,Plethodon sp.,NA,NA,unknown
WS36M,Plethodon sp.,NA,NA,unknown
WS36M,Plethodon sp.,NA,NA,unknown
WS36M,Plethodon sp.,NA,NA,unknown
WS36M,Plethodon sp.,NA,NA,unknown
WS36M,Plethodon sp.,NA,NA,unknown
WS36M,Plethodon sp.,NA,NA,unknown
WS36M,Plethodon sp.,NA,NA,unknown
WS36M,Plethodon sp.,NA,53,male
WS36M,Plethodon sp.,NA,NA,unknown
WS36M,Plethodon sp.,NA,NA,unknown
WS36M,Plethodon sp.,NA,NA,unknown
WS36M,Plethodon sp.,NA,NA,unknown
WS36M,Plethodon sp.,NA,NA,unknown
WS40M,Plethodon sp.,NA,59,female
WS40M,Plethodon sp.,NA,NA,unknown
WS40M,Plethodon sp.,NA,NA,unknown
WSXR,Plethodon sp.,NA,63,male
WSXR,Plethodon sp.,NA,NA,unknown
WSXR,Plethodon sp.,NA,NA,unknown
WSXR,Plethodon sp.,NA,52,male
WSXR,Plethodon sp.,NA,NA,unknown
WSXR,Plethodon sp.,NA,NA,unknown
WSXR,Plethodon sp.,NA,NA,unknown
WSXC,Plethodon sp.,NA,54,male
WSXR,Plethodon sp.,NA,NA,unknown
WSXR,Plethodon sp.,NA,NA,unknown
WSXR,Plethodon sp.,NA,NA,unknown
WSXR,Plethodon sp.,NA,NA,unknown
WSXR,Plethodon sp.,NA,NA,unknown
WSXR,Plethodon sp.,NA,NA,unknown
WSXR,Plethodon sp.,NA,NA,unknown
WSXR,Plethodon sp.,NA,NA,unknown
WSXR,Plethodon sp.,NA,NA,unknown
WSXR,Plethodon sp.,NA,NA,unknown
WSXR,Plethodon sp.,NA,NA,unknown
WSXR,Plethodon sp.,NA,57,male
WSXR,Plethodon sp.,NA,NA,unknown
WSXR,Plethodon sp.,NA,NA,unknown
WSXR,Plethodon sp.,NA,NA,unknown
WSXR,Plethodon sp.,NA,NA,unknown
WSXC,Plethodon sp.,NA,57,male
WSXR,Plethodon sp.,NA,NA,unknown
WSXR,Plethodon sp.,NA,NA,unknown
WSXC,Plethodon sp.,NA,NA,unknown
WSXC,Plethodon sp.,NA,53,male
WSXC,Plethodon sp.,NA,NA,unknown
WSXC,Plethodon sp.,NA,NA,unknown
WSXC,Plethodon sp.,NA,NA,unknown
WSXC,Plethodon sp.,NA,NA,unknown
WSXM,Plethodon sp.,NA,NA,unknown
WSXM,Plethodon sp.,NA,NA,unknown
WSXM,Plethodon sp.,NA,55,male
WSXM,Plethodon sp.,NA,55,male
WSXM,Plethodon sp.,NA,58,male
WSXM,Plethodon sp.,NA,NA,unknown
WSXM,Plethodon sp.,NA,NA,unknown
WSXM,Plethodon sp.,NA,NA,unknown
WSXM,Plethodon sp.,NA,NA,unknown
WSXM,Plethodon sp.,NA,56,male
WSXM,Plethodon sp.,NA,57,male
WSXM,Plethodon sp.,NA,NA,unknown
WSXM,Plethodon sp.,NA,NA,unknown
WSXM,Plethodon sp.,NA,NA,unknown
WSXM,Plethodon sp.,NA,NA,unknown
WSXM,Plethodon sp.,NA,NA,unknown
WSXM,Plethodon sp.,NA,NA,unknown
WSXM,Plethodon sp.,NA,NA,unknown
WSXM,Plethodon sp.,NA,NA,unknown
WSXM,Plethodon sp.,NA,NA,unknown
WS36R,Plethodon sp.,NA,54,male
WS36R,Plethodon sp.,NA,57,male
WS36R,Plethodon sp.,NA,NA,unknown
WS36R,Plethodon sp.,NA,NA,unknown
WS36R,Plethodon sp.,NA,NA,unknown
WS36R,Plethodon sp.,NA,NA,unknown
WS36R,Plethodon sp.,NA,NA,unknown
WS36R,Plethodon sp.,NA,NA,unknown
WS36R,Plethodon sp.,NA,NA,unknown
WS36R,Plethodon sp.,NA,NA,unknown
WS36R,Plethodon sp.,NA,NA,unknown
WS36R,Plethodon sp.,NA,NA,unknown
WS40R,Plethodon sp.,NA,48,male
WS40R,Plethodon sp.,NA,NA,unknown
WS36R,Plethodon sp.,NA,57,male
WS36R,Plethodon sp.,NA,NA,unknown
WS36R,Plethodon sp.,NA,NA,unknown
WS36R,Plethodon sp.,NA,47,male
WS40R,Plethodon sp.,NA,NA,unknown
WS36R,Plethodon sp.,NA,47,male
WS36R,Plethodon sp.,NA,48,male
WS40M,Plethodon sp.,NA,NA,female
WS36R,Plethodon sp.,NA,53,male
WS36R,Plethodon sp.,NA,59,male
WS36R,Plethodon sp.,NA,NA,unknown
WS40R,Plethodon sp.,NA,NA,unknown
WS40M,Plethodon sp.,NA,NA,unknown
WS40M,Plethodon sp.,NA,NA,unknown
WS40R,Plethodon sp.,NA,NA,unknown
WS36R,Plethodon sp.,NA,NA,unknown
WS36R,Plethodon sp.,NA,NA,unknown
WS36R,Plethodon sp.,NA,NA,unknown
WS36R,Plethodon sp.,NA,NA,unknown
WS36R,Plethodon sp.,NA,NA,unknown
WS40M,Plethodon sp.,NA,NA,unknown
WS40M,Plethodon sp.,NA,NA,unknown
WS40M,Plethodon sp.,NA,70,female
WS40M,Plethodon sp.,NA,70,female
WS40M,Plethodon sp.,NA,NA,unknown
WS40M,Plethodon sp.,NA,NA,male
WS40M,Plethodon sp.,NA,NA,male
WS40M,Plethodon sp.,NA,NA,unknown
WS40R,Plethodon sp.,NA,NA,unknown
WS40R,Plethodon sp.,NA,NA,unknown
WS40R,Plethodon sp.,NA,72,female
WS40R,Plethodon sp.,NA,NA,unknown
WS27R,Plethodon sp.,NA,54,male
WS27R,Plethodon sp.,NA,56,male
WS27R,Plethodon sp.,NA,58,unknown
WS27R,Plethodon sp.,NA,59,unknown
WS27R,Plethodon sp.,NA,62,male
WS40M,Plethodon sp.,NA,NA,unknown
WS7R,Plethodon sp.,NA,NA,unknown
WS10M,Plethodon sp.,NA,NA,male
WS10M,Plethodon sp.,NA,NA,unknown
WS10R,Plethodon sp.,NA,NA,unknown
WS10R,Plethodon sp.,NA,NA,female
WS27R,Plethodon sp.,NA,NA,unknown
WS27R,Plethodon sp.,NA,NA,unknown
WS27R,Plethodon sp.,NA,NA,unknown
WS27R,Plethodon sp.,NA,NA,unknown
WS27R,Plethodon sp.,NA,NA,unknown
WS27R,Plethodon sp.,NA,NA,unknown
WS27R,Plethodon sp.,NA,NA,unknown
WS27R,Plethodon sp.,NA,NA,unknown
WS27R,Plethodon sp.,NA,NA,male
WS27R,Plethodon sp.,NA,NA,unknown
WS27R,Plethodon sp.,NA,NA,unknown
WS27R,Plethodon sp.,NA,NA,unknown
WS27R,Plethodon sp.,NA,NA,unknown
WS27R,Plethodon sp.,NA,NA,unknown
WS27R,Plethodon sp.,NA,NA,unknown
WS27R,Plethodon sp.,NA,NA,unknown
WS27R,Plethodon sp.,NA,NA,unknown
WS27R,Plethodon sp.,NA,NA,unknown
WS27R,Plethodon sp.,NA,NA,unknown
WS27R,Plethodon sp.,NA,NA,unknown
WS27R,Plethodon sp.,NA,NA,unknown
WS27R,Plethodon sp.,NA,NA,unknown
WS27R,Plethodon sp.,NA,NA,unknown
WS27R,Plethodon sp.,NA,NA,unknown
WS27R,Plethodon sp.,NA,NA,unknown
WS27R,Plethodon sp.,NA,NA,unknown
WS27R,Plethodon sp.,NA,NA,unknown
WS27R,Plethodon sp.,NA,NA,unknown
WS36M,Plethodon sp.,NA,NA,unknown
WS36M,Plethodon sp.,NA,NA,unknown
WS36M,Plethodon sp.,NA,NA,unknown
WS36M,Plethodon sp.,NA,NA,unknown
WS36M,Plethodon sp.,NA,NA,unknown
WS36M,Plethodon sp.,NA,NA,unknown
WS36M,Plethodon sp.,NA,NA,unknown
WS36M,Plethodon sp.,NA,NA,unknown
WS36M,Plethodon sp.,NA,NA,unknown
WS36M,Plethodon sp.,NA,NA,unknown
WS36M,Plethodon sp.,NA,NA,unknown
WS36M,Plethodon sp.,NA,NA,unknown
WS36M,Plethodon sp.,NA,NA,unknown
WS36M,Plethodon sp.,NA,NA,unknown
WS36M,Plethodon sp.,NA,NA,unknown
WS36M,Plethodon sp.,NA,NA,unknown
WS36M,Plethodon sp.,NA,NA,unknown
WS36M,Plethodon sp.,NA,NA,unknown
WS36M,Plethodon sp.,NA,NA,unknown
WS36M,Plethodon sp.,NA,NA,unknown
WS36M,Plethodon sp.,NA,NA,unknown
WS36M,Plethodon sp.,NA,NA,unknown
WS36M,Plethodon sp.,NA,NA,unknown
WS36M,Plethodon sp.,NA,NA,unknown
WS40M,Plethodon sp.,NA,NA,unknown
WS40M,Plethodon sp.,NA,NA,unknown
WS40M,Plethodon sp.,NA,NA,male
WS40M,Plethodon sp.,NA,NA,unknown
WS40M,Plethodon sp.,NA,76,female
WS40M,Plethodon sp.,NA,NA,unknown
WSXR,Plethodon sp.,NA,NA,unknown
WSXR,Plethodon sp.,NA,65,female
WSXR,Plethodon sp.,NA,NA,unknown
WSXR,Plethodon sp.,NA,NA,unknown
WSXR,Plethodon sp.,NA,NA,unknown
WSXR,Plethodon sp.,NA,NA,unknown
WSXR,Plethodon sp.,NA,NA,unknown
WSXR,Plethodon sp.,NA,NA,unknown
WSXC,Plethodon sp.,NA,65,female
WSXR,Plethodon sp.,NA,NA,unknown
WSXR,Plethodon sp.,NA,68,female
WSXR,Plethodon sp.,NA,NA,unknown
WSXR,Plethodon sp.,NA,NA,unknown
WSXR,Plethodon sp.,NA,NA,unknown
WSXR,Plethodon sp.,NA,NA,unknown
WSXR,Plethodon sp.,NA,NA,unknown
WSXR,Plethodon sp.,NA,NA,unknown
WSXR,Plethodon sp.,NA,NA,unknown
WSXR,Plethodon sp.,NA,NA,unknown
WSXR,Plethodon sp.,NA,NA,unknown
WSXC,Plethodon sp.,NA,NA,unknown
WSXC,Plethodon sp.,NA,NA,unknown
WSXC,Plethodon sp.,NA,NA,unknown
WSXC,Plethodon sp.,NA,NA,unknown
WSXC,Plethodon sp.,NA,57,male
WSXC,Plethodon sp.,NA,69,female
WSXM,Plethodon sp.,NA,61,male
WSXM,Plethodon sp.,NA,NA,male
WS36R,Plethodon sp.,NA,NA,unknown
WS36R,Plethodon sp.,NA,NA,unknown
WS36R,Plethodon sp.,NA,NA,unknown
WS36R,Plethodon sp.,NA,NA,unknown
WS36R,Plethodon sp.,NA,NA,unknown
WS36R,Plethodon sp.,NA,NA,unknown
WS36R,Plethodon sp.,NA,NA,unknown
WS36R,Plethodon sp.,NA,NA,unknown
WS36R,Plethodon sp.,NA,NA,unknown
WS36R,Plethodon sp.,NA,60,male
WS36R,Plethodon sp.,NA,NA,unknown
WS40R,Plethodon sp.,NA,NA,unknown
WSXM,Plethodon sp.,NA,NA,unknown
WSXM,Plethodon sp.,NA,NA,female
WSXM,Plethodon sp.,NA,NA,unknown
WSXM,Plethodon sp.,NA,49,male
WSXM,Plethodon sp.,NA,52,male
WS36R,Plethodon sp.,NA,NA,unknown
WS36R,Plethodon sp.,NA,NA,unknown
WS36R,Plethodon sp.,NA,49,male
WS40R,Plethodon sp.,NA,NA,unknown
WSXM,Plethodon sp.,NA,NA,male
WSXM,Plethodon sp.,NA,NA,male
WS36R,Plethodon sp.,NA,52,male
WS36R,Plethodon sp.,NA,57,male
WSXM,Plethodon sp.,NA,NA,unknown
WS36R,Plethodon sp.,NA,NA,unknown
WSXM,Plethodon sp.,NA,NA,male
WS36R,Plethodon sp.,NA,NA,unknown
WS40R,Plethodon sp.,NA,NA,unknown
WS40R,Plethodon sp.,NA,72,unknown
WS40R,Plethodon sp.,NA,NA,unknown
WSXC,Plethodon sp.,NA,NA,unknown
WSXC,Plethodon sp.,NA,NA,unknown
WSXC,Plethodon sp.,NA,NA,male
WSXC,Plethodon sp.,NA,NA,male
WSXC,Plethodon sp.,NA,NA,unknown
WSXC,Plethodon sp.,NA,50,male
WSXC,Plethodon sp.,NA,54,male
WSXC,Plethodon sp.,NA,55,male
WSXM,Plethodon sp.,NA,NA,unknown
WSXM,Plethodon sp.,NA,NA,unknown
WSXM,Plethodon sp.,NA,NA,unknown
WSXM,Plethodon sp.,NA,NA,unknown
WSXM,Plethodon sp.,NA,NA,unknown
WSXM,Plethodon sp.,NA,NA,unknown
WSXM,Plethodon sp.,NA,NA,unknown
WSXM,Plethodon sp.,NA,NA,unknown
WSXM,Plethodon sp.,NA,NA,unknown
WSXM,Plethodon sp.,NA,NA,unknown
WSXM,Plethodon sp.,NA,NA,unknown
WSXM,Plethodon sp.,NA,NA,unknown
WSXM,Plethodon sp.,NA,52,male
WSXM,Plethodon sp.,NA,58,male
WSXM,Plethodon sp.,NA,59,female
WS36M,Plethodon sp.,NA,48,male
WSXC,Plethodon sp.,NA,63,female
WSXM,Plethodon sp.,NA,NA,unknown
WSXC,Plethodon sp.,NA,64,male
WSXM,Plethodon sp.,NA,NA,unknown
WSXC,Plethodon sp.,NA,64,male
WSXM,Plethodon sp.,NA,NA,unknown
WSXM,Plethodon sp.,NA,NA,unknown
WSXM,Plethodon sp.,NA,NA,unknown
WSXM,Plethodon sp.,NA,NA,unknown
WSXC,Plethodon sp.,NA,NA,unknown
WSXC,Plethodon sp.,NA,NA,unknown
WS27R,Plethodon sp.,NA,69,female
WSXC,Plethodon sp.,NA,NA,unknown
WS27R,Plethodon sp.,NA,NA,unknown
WS27R,Plethodon sp.,NA,NA,unknown
WS27R,Plethodon sp.,NA,NA,unknown
WS27R,Plethodon sp.,NA,NA,unknown
WS27R,Plethodon sp.,NA,NA,unknown
WS27R,Plethodon sp.,NA,NA,unknown
WS27R,Plethodon sp.,NA,NA,unknown
WS27R,Plethodon sp.,NA,NA,unknown
WS27R,Plethodon sp.,NA,NA,unknown
WS27R,Plethodon sp.,NA,NA,unknown
WS27R,Plethodon sp.,NA,NA,unknown
WS27R,Plethodon sp.,NA,NA,unknown
WS27R,Plethodon sp.,NA,NA,unknown
WS36M,Plethodon sp.,NA,NA,unknown
WS36M,Plethodon sp.,NA,NA,unknown
WS36M,Plethodon sp.,NA,NA,unknown
WS36M,Plethodon sp.,NA,NA,unknown
WS36M,Plethodon sp.,NA,NA,unknown
WS36M,Plethodon sp.,NA,NA,unknown
WS36M,Plethodon sp.,NA,NA,unknown
WS36M,Plethodon sp.,NA,NA,unknown
WS36M,Plethodon sp.,NA,NA,unknown
WS36M,Plethodon sp.,NA,NA,unknown
WS36M,Plethodon sp.,NA,NA,unknown
WS36M,Plethodon sp.,NA,NA,unknown
WS36M,Plethodon sp.,NA,NA,unknown
WSXC,Plethodon sp.,NA,NA,unknown
WSXC,Plethodon sp.,NA,NA,unknown
WSXC,Plethodon sp.,NA,NA,unknown
WSXC,Plethodon sp.,NA,NA,unknown
WSXM,Plethodon sp.,NA,NA,unknown
WSXM,Plethodon sp.,NA,NA,unknown
WS7R,Plethodon sp.,NA,64,female
WS40M,Plethodon sp.,NA,72,female
WS10M,Plethodon sp.,NA,NA,unknown
WS10R,Plethodon sp.,NA,NA,unknown
WS40M,Plethodon sp.,NA,NA,unknown
WS40M,Plethodon sp.,NA,NA,unknown
WS40M,Plethodon sp.,NA,NA,unknown
WS40M,Plethodon sp.,NA,NA,unknown
WS40M,Plethodon sp.,NA,NA,male
WS31,Plethodon sp.,NA,70,female
WS31,Plethodon sp.,NA,NA,unknown
WS31,Plethodon sp.,NA,NA,unknown
WS31,Plethodon sp.,NA,NA,unknown
WS31,Plethodon sp.,NA,NA,unknown
WS31,Plethodon sp.,NA,NA,unknown
WS31,Plethodon sp.,NA,69,female
WS31,Plethodon sp.,NA,69,female
WS31,Plethodon sp.,NA,NA,unknown
WS31,Plethodon sp.,NA,NA,unknown
WS31,Plethodon sp.,NA,NA,unknown
WS31,Plethodon sp.,NA,NA,unknown
WS32,Plethodon sp.,NA,NA,unknown
WS32,Plethodon sp.,NA,NA,unknown
WS32,Plethodon sp.,NA,NA,unknown
WS32,Plethodon sp.,NA,NA,unknown
WS32,Plethodon sp.,NA,NA,unknown
WS32,Plethodon sp.,NA,NA,unknown
WS32,Plethodon sp.,NA,NA,unknown
WS32,Plethodon sp.,NA,NA,female
WS32,Plethodon sp.,NA,NA,unknown
WS32,Plethodon sp.,NA,68,female
WS32,Plethodon sp.,NA,NA,unknown
WS32,Plethodon sp.,NA,NA,unknown
WS32,Plethodon sp.,NA,68,male
WS32,Plethodon sp.,NA,69,female
WS18C,Plethodon sp.,NA,65,male
WS18C,Plethodon sp.,NA,NA,unknown
WS18C,Plethodon sp.,NA,NA,unknown
WS18C,Plethodon sp.,NA,NA,unknown
WS18C,Plethodon sp.,NA,NA,unknown
WS18C,Plethodon sp.,NA,NA,unknown
WS31,Plethodon sp.,NA,NA,unknown
WS31,Plethodon sp.,NA,NA,unknown
WS31,Plethodon sp.,NA,NA,unknown
WS31,Plethodon sp.,NA,NA,unknown
WS31,Plethodon sp.,NA,NA,unknown
WS31,Plethodon sp.,NA,NA,unknown
WS31,Plethodon sp.,NA,NA,unknown
WS32,Plethodon sp.,NA,57,female
WS32,Plethodon sp.,NA,68,female
WS32,Plethodon sp.,NA,NA,unknown
WS32,Plethodon sp.,NA,NA,unknown
WS32,Plethodon sp.,NA,NA,unknown
WS32,Plethodon sp.,NA,67,female
WS32,Plethodon sp.,NA,68,female
WS32,Plethodon sp.,NA,NA,unknown
WS32,Plethodon sp.,NA,NA,unknown
WS32,Plethodon sp.,NA,NA,unknown
WS32,Plethodon sp.,NA,NA,male
WS32,Plethodon sp.,NA,NA,unknown
WS32,Plethodon sp.,NA,NA,unknown
WS32,Plethodon sp.,NA,68,female
WS32,Plethodon sp.,NA,NA,unknown
WS32,Plethodon sp.,NA,NA,unknown
WS32,Plethodon sp.,NA,55,male
WS32,Plethodon sp.,NA,69,female
WS32,Plethodon sp.,NA,73,female
WS32,Plethodon sp.,NA,NA,unknown
WS32,Plethodon sp.,NA,52,unknown
WS32,Plethodon sp.,NA,57,male
WS32,Plethodon sp.,NA,68,female
WS32,Plethodon sp.,NA,NA,unknown
WS32,Plethodon sp.,NA,NA,unknown
WS18C,Plethodon sp.,NA,76,female
WS6R,Plethodon sp.,NA,NA,male
WS18C,Plethodon sp.,NA,NA,unknown
2850,Plethodon sp.,NA,41,unknown
WS31,Plethodon sp.,NA,NA,unknown
WS31,Plethodon sp.,NA,NA,unknown
WS31,Plethodon sp.,NA,NA,unknown
WS31,Plethodon sp.,NA,NA,unknown
WS31,Plethodon sp.,NA,NA,unknown
WS31,Plethodon sp.,NA,NA,unknown
WS31,Plethodon sp.,NA,60,unknown
WS31,Plethodon sp.,NA,NA,unknown
WS31,Plethodon sp.,NA,NA,unknown
WS31,Plethodon sp.,NA,NA,unknown
WS31,Plethodon sp.,NA,NA,unknown
WS31,Plethodon sp.,NA,NA,unknown
WS31,Plethodon sp.,NA,NA,unknown
WS31,Plethodon sp.,NA,NA,unknown
WS32,Plethodon sp.,NA,64,male
WS32,Plethodon sp.,NA,77,unknown
WS32,Plethodon sp.,NA,NA,unknown
WS32,Plethodon sp.,NA,NA,unknown
WS32,Plethodon sp.,NA,NA,unknown
WS32,Plethodon sp.,NA,NA,unknown
WS32,Plethodon sp.,NA,NA,unknown
WS32,Plethodon sp.,NA,NA,unknown
WS32,Plethodon sp.,NA,NA,unknown
WS32,Plethodon sp.,NA,NA,unknown
WS32,Plethodon sp.,NA,66,male
WS32,Plethodon sp.,NA,NA,unknown
WS32,Plethodon sp.,NA,NA,unknown
WS32,Plethodon sp.,NA,NA,unknown
WS18C,Plethodon sp.,NA,NA,unknown
2750,Plethodon sp.,NA,34,unknown
2750,Plethodon sp.,NA,42,unknown
2750,Plethodon sp.,NA,40,unknown
2750,Plethodon sp.,NA,37,unknown
2750,Plethodon sp.,NA,42,unknown
2850,Plethodon sp.,NA,39,unknown
2850,Plethodon sp.,NA,40,unknown
2850,Plethodon sp.,NA,37,unknown
2850,Plethodon sp.,NA,40,unknown
2950,Plethodon sp.,NA,45,unknown
2950,Plethodon sp.,NA,32,unknown
2950,Plethodon sp.,NA,30,unknown
2950,Plethodon sp.,NA,28,unknown
2950,Plethodon sp.,NA,36,unknown
2950,Plethodon sp.,NA,31,unknown
2950,Plethodon sp.,NA,28,unknown
2950,Plethodon sp.,NA,29,unknown
2950,Plethodon sp.,NA,30,unknown
2750,Plethodon sp.,NA,63,male
2750,Plethodon sp.,NA,73,male
2750,Plethodon sp.,NA,65,female
2750,Plethodon sp.,NA,68,female
2750,Plethodon sp.,NA,63,female
2750,Plethodon sp.,NA,72,male
2750,Plethodon sp.,NA,70,male
2750,Plethodon sp.,NA,72,male
2750,Plethodon sp.,NA,72,male
2750,Plethodon sp.,NA,68,male
2850,Plethodon sp.,NA,76,female
2950,Plethodon sp.,NA,64,female
2750,Plethodon sp.,NA,38,unknown
2750,Plethodon sp.,NA,36,unknown
2750,Plethodon sp.,NA,40,unknown
2750,Plethodon sp.,NA,42,unknown
2850,Plethodon sp.,NA,36,unknown
2850,Plethodon sp.,NA,34,unknown
2850,Plethodon sp.,NA,57,female
2850,Plethodon sp.,NA,41,unknown
2850,Plethodon sp.,NA,36,unknown
2850,Plethodon sp.,NA,43,unknown
2850,Plethodon sp.,NA,32,unknown
2850,Plethodon sp.,NA,36,unknown
2850,Plethodon sp.,NA,36,unknown
2950,Plethodon sp.,NA,31,unknown
2950,Plethodon sp.,NA,33,unknown
2950,Plethodon sp.,NA,36,unknown
2950,Plethodon sp.,NA,46,unknown
2950,Plethodon sp.,NA,46,unknown
2950,Plethodon sp.,NA,31,unknown
2950,Plethodon sp.,NA,32,unknown
2950,Plethodon sp.,NA,57,unknown
2950,Plethodon sp.,NA,30,unknown
2950,Plethodon sp.,NA,31,unknown
2750,Plethodon sp.,NA,60,female
2750,Plethodon sp.,NA,71,female
2750,Plethodon sp.,NA,NA,female
2850,Plethodon sp.,NA,62,male
2850,Plethodon sp.,NA,61,male
2850,Plethodon sp.,NA,64,female
2850,Plethodon sp.,NA,70,male
2850,Plethodon sp.,NA,59,male
2850,Plethodon sp.,NA,64,female
2850,Plethodon sp.,NA,62,male
2850,Plethodon sp.,NA,NA,unknown
2850,Plethodon sp.,NA,69,female
2850,Plethodon sp.,NA,64,female
2850,Plethodon sp.,NA,66,male
2950,Plethodon sp.,NA,73,female
2950,Plethodon sp.,NA,70,female
2950,Plethodon sp.,NA,64,female
2950,Plethodon sp.,NA,63,male
2950,Plethodon sp.,NA,72,female
WS10C,Plethodon sp.,NA,80,female
2750,Plethodon sp.,NA,40,unknown
2750,Plethodon sp.,NA,54,unknown
2750,Plethodon sp.,NA,37,unknown
2750,Plethodon sp.,NA,37,unknown
2750,Plethodon sp.,NA,40,unknown
2750,Plethodon sp.,NA,57,unknown
2750,Plethodon sp.,NA,40,unknown
2750,Plethodon sp.,NA,45,unknown
2750,Plethodon sp.,NA,39,unknown
2850,Plethodon sp.,NA,NA,unknown
2850,Plethodon sp.,NA,35,unknown
2850,Plethodon sp.,NA,57,female
2850,Plethodon sp.,NA,36,unknown
2850,Plethodon sp.,NA,56,unknown
2850,Plethodon sp.,NA,37,unknown
2850,Plethodon sp.,NA,NA,unknown
2850,Plethodon sp.,NA,41,unknown
2850,Plethodon sp.,NA,42,unknown
2850,Plethodon sp.,NA,53,unknown
2850,Plethodon sp.,NA,52,unknown
2950,Plethodon sp.,NA,NA,unknown
2950,Plethodon sp.,NA,50,unknown
2950,Plethodon sp.,NA,43,unknown
2950,Plethodon sp.,NA,35,unknown
2950,Plethodon sp.,NA,29,unknown
2950,Plethodon sp.,NA,32,unknown
2950,Plethodon sp.,NA,26,unknown
2950,Plethodon sp.,NA,45,unknown
2950,Plethodon sp.,NA,NA,unknown
2950,Plethodon sp.,NA,31,unknown
2950,Plethodon sp.,NA,28,unknown
2950,Plethodon sp.,NA,35,unknown
2950,Plethodon sp.,NA,32,unknown
2950,Plethodon sp.,NA,34,unknown
2950,Plethodon sp.,NA,37,unknown
2950,Plethodon sp.,NA,34,unknown
2950,Plethodon sp.,NA,NA,unknown
2950,Plethodon sp.,NA,55,unknown
2950,Plethodon sp.,NA,33,unknown
2950,Plethodon sp.,NA,32,unknown
2950,Plethodon sp.,NA,30,unknown
2950,Plethodon sp.,NA,NA,unknown
2950,Plethodon sp.,NA,NA,unknown
2750,Plethodon sp.,NA,73,male
2750,Plethodon sp.,NA,66,male
2750,Plethodon sp.,NA,68,unknown
2750,Plethodon sp.,NA,66,female
2750,Plethodon sp.,NA,74,male
2750,Plethodon sp.,NA,67,male
2750,Plethodon sp.,NA,70,male
2750,Plethodon sp.,NA,68,male
2750,Plethodon sp.,NA,NA,unknown
2750,Plethodon sp.,NA,NA,unknown
2850,Plethodon sp.,NA,61,male
2850,Plethodon sp.,NA,NA,male
2850,Plethodon sp.,NA,69,male
2850,Plethodon sp.,NA,62,male
2850,Plethodon sp.,NA,NA,unknown
2850,Plethodon sp.,NA,NA,unknown
2850,Plethodon sp.,NA,75,male
2850,Plethodon sp.,NA,67,male
2850,Plethodon sp.,NA,75,male
2850,Plethodon sp.,NA,68,male
2850,Plethodon sp.,NA,70,male
2850,Plethodon sp.,NA,79,male
2850,Plethodon sp.,NA,61,male
2950,Plethodon sp.,NA,70,male
2950,Plethodon sp.,NA,56,male
2950,Plethodon sp.,NA,67,male
2950,Plethodon sp.,NA,77,female
2950,Plethodon sp.,NA,NA,female
2950,Plethodon sp.,NA,57,male
2850,Plethodon sp.,NA,55,unknown
2850,Plethodon sp.,NA,49,unknown
2850,Plethodon sp.,NA,20,unknown
2950,Plethodon sp.,NA,33,unknown
2950,Plethodon sp.,NA,19,unknown
2950,Plethodon sp.,NA,33,unknown
2950,Plethodon sp.,NA,35,unknown
2950,Plethodon sp.,NA,36,unknown
2950,Plethodon sp.,NA,40,unknown
2950,Plethodon sp.,NA,39,unknown
2950,Plethodon sp.,NA,18,unknown
2950,Plethodon sp.,NA,19,unknown
2950,Plethodon sp.,NA,35,unknown
2750,Plethodon sp.,NA,77,female
2750,Plethodon sp.,NA,70,female
2750,Plethodon sp.,NA,80,female
2750,Plethodon sp.,NA,65,female
2750,Plethodon sp.,NA,64,male
2750,Plethodon sp.,NA,16,unknown
2750,Plethodon sp.,NA,50,unknown
2750,Plethodon sp.,NA,44,unknown
2750,Plethodon sp.,NA,19,unknown
2750,Plethodon sp.,NA,22,unknown
2850,Plethodon sp.,NA,40,unknown
2850,Plethodon sp.,NA,39,unknown
2850,Plethodon sp.,NA,55,female
2850,Plethodon sp.,NA,51,unknown
2850,Plethodon sp.,NA,52,unknown
2850,Plethodon sp.,NA,38,unknown
2950,Plethodon sp.,NA,44,unknown
2950,Plethodon sp.,NA,49,unknown
2950,Plethodon sp.,NA,42,unknown
2950,Plethodon sp.,NA,30,unknown
2950,Plethodon sp.,NA,33,unknown
2950,Plethodon sp.,NA,46,unknown
2950,Plethodon sp.,NA,19,unknown
2950,Plethodon sp.,NA,17,unknown
2950,Plethodon sp.,NA,57,unknown
2950,Plethodon sp.,NA,19,unknown
2950,Plethodon sp.,NA,19,unknown
2950,Plethodon sp.,NA,19,unknown
2950,Plethodon sp.,NA,19,unknown
2950,Plethodon sp.,NA,19,unknown
2950,Plethodon sp.,NA,36,unknown
2950,Plethodon sp.,NA,34,unknown
2950,Plethodon sp.,NA,34,unknown
2950,Plethodon sp.,NA,56,female
2950,Plethodon sp.,NA,56,female
2950,Plethodon sp.,NA,33,unknown
2950,Plethodon sp.,NA,34,unknown
2950,Plethodon sp.,NA,35,unknown
2950,Plethodon sp.,NA,29,unknown
2750,Plethodon sp.,NA,65,female
2750,Plethodon sp.,NA,73,female
2750,Plethodon sp.,NA,58,unknown
2750,Plethodon sp.,NA,68,female
2850,Plethodon sp.,NA,69,male
2850,Plethodon sp.,NA,58,female
2850,Plethodon sp.,NA,61,male
2850,Plethodon sp.,NA,60,female
2950,Plethodon sp.,NA,60,female
2950,Plethodon sp.,NA,64,female
2950,Plethodon sp.,NA,65,male
2950,Plethodon sp.,NA,70,female
2950,Plethodon sp.,NA,69,female
2950,Plethodon sp.,NA,65,male
2950,Plethodon sp.,NA,64,male
2950,Plethodon sp.,NA,64,male
2750,Plethodon sp.,NA,48,unknown
2750,Plethodon sp.,NA,17,unknown
2750,Plethodon sp.,NA,19,unknown
2750,Plethodon sp.,NA,41,unknown
2750,Plethodon sp.,NA,55,unknown
2750,Plethodon sp.,NA,18,unknown
2850,Plethodon sp.,NA,35,unknown
2850,Plethodon sp.,NA,20,unknown
2850,Plethodon sp.,NA,19,unknown
2850,Plethodon sp.,NA,19,unknown
2850,Plethodon sp.,NA,19,unknown
2950,Plethodon sp.,NA,47,unknown
2950,Plethodon sp.,NA,27,unknown
2950,Plethodon sp.,NA,36,unknown
2950,Plethodon sp.,NA,18,unknown
2950,Plethodon sp.,NA,17,unknown
2950,Plethodon sp.,NA,18,unknown
2950,Plethodon sp.,NA,19,unknown
2950,Plethodon sp.,NA,17,unknown
2950,Plethodon sp.,NA,31,unknown
2950,Plethodon sp.,NA,31,unknown
2950,Plethodon sp.,NA,37,unknown
2750,Plethodon sp.,NA,63,female
2850,Plethodon sp.,NA,61,female
2850,Plethodon sp.,NA,63,male
2850,Plethodon sp.,NA,68,male
2850,Plethodon sp.,NA,59,unknown
WSXR,Plethodon sp.,NA,NA,unknown
WSXR,Plethodon sp.,NA,NA,unknown
WSXR,Plethodon sp.,NA,NA,unknown
WSXR,Plethodon sp.,NA,NA,unknown
WSXR,Plethodon sp.,NA,NA,unknown
WSXR,Plethodon sp.,NA,NA,unknown
WSXR,Plethodon sp.,NA,NA,unknown
WS27C,Plethodon sp.,NA,56,female
WS27C,Plethodon sp.,NA,59,female
WS27C,Plethodon sp.,NA,65,female
WS27C,Plethodon sp.,NA,NA,male
WS27C,Plethodon sp.,NA,NA,unknown
WS27C,Plethodon sp.,NA,NA,male
WS27C,Plethodon sp.,NA,NA,unknown
WS27C,Plethodon sp.,NA,NA,unknown
WS27C,Plethodon sp.,NA,NA,female
WS27C,Plethodon sp.,NA,NA,unknown
WS27C,Plethodon sp.,NA,NA,unknown
WS27C,Plethodon sp.,NA,NA,unknown
WS27C,Plethodon sp.,NA,NA,unknown
WS27C,Plethodon sp.,NA,NA,unknown
WS27C,Plethodon sp.,NA,NA,unknown
WS27C,Plethodon sp.,NA,NA,unknown
WS27C,Plethodon sp.,NA,NA,unknown
WS27C,Plethodon sp.,NA,NA,unknown
WS27C,Plethodon sp.,NA,NA,unknown
WS27C,Plethodon sp.,NA,NA,unknown
WS27R,Plethodon sp.,NA,NA,unknown
WS27R,Plethodon sp.,NA,NA,unknown
WS27R,Plethodon sp.,NA,NA,unknown
WS27R,Plethodon sp.,NA,NA,female
WS27R,Plethodon sp.,NA,NA,unknown
WS27R,Plethodon sp.,NA,NA,unknown
WS27R,Plethodon sp.,NA,NA,unknown
WS27R,Plethodon sp.,NA,NA,unknown
WS27R,Plethodon sp.,NA,NA,unknown
WS27R,Plethodon sp.,NA,NA,unknown
WS27R,Plethodon sp.,NA,NA,unknown
WS27R,Plethodon sp.,NA,NA,unknown
WS27R,Plethodon sp.,NA,NA,unknown
WSXR,Plethodon sp.,NA,NA,male
WSXR,Plethodon sp.,NA,NA,unknown
WSXR,Plethodon sp.,NA,NA,unknown
WSXR,Plethodon sp.,NA,NA,unknown
WSXR,Plethodon sp.,NA,NA,unknown
WSXR,Plethodon sp.,NA,NA,unknown
WSXR,Plethodon sp.,NA,NA,unknown
WSXR,Plethodon sp.,NA,NA,unknown
WSXR,Plethodon sp.,NA,NA,unknown
WSXR,Plethodon sp.,NA,NA,unknown
WSXC,Plethodon sp.,NA,63,female
WSXC,Plethodon sp.,NA,65,female
WSXC,Plethodon sp.,NA,NA,unknown
WSXC,Plethodon sp.,NA,NA,unknown
WSXC,Plethodon sp.,NA,NA,unknown
WSXC,Plethodon sp.,NA,NA,unknown
WSXC,Plethodon sp.,NA,NA,unknown
WSXC,Plethodon sp.,NA,NA,unknown
WSXC,Plethodon sp.,NA,NA,unknown
WSXC,Plethodon sp.,NA,NA,unknown
WSXC,Plethodon sp.,NA,NA,unknown
WSXC,Plethodon sp.,NA,NA,unknown
WSXM,Plethodon sp.,NA,NA,unknown
WSXM,Plethodon sp.,NA,NA,unknown
WSXM,Plethodon sp.,NA,63,female
WSXM,Plethodon sp.,NA,NA,unknown
WSXM,Plethodon sp.,NA,NA,unknown
WSXM,Plethodon sp.,NA,NA,unknown
WSXM,Plethodon sp.,NA,NA,unknown
WSXM,Plethodon sp.,NA,NA,unknown
WSXM,Plethodon sp.,NA,NA,unknown
WSXM,Plethodon sp.,NA,NA,unknown
WSXM,Plethodon sp.,NA,NA,unknown
WSXM,Plethodon sp.,NA,NA,unknown
WSXM,Plethodon sp.,NA,NA,unknown
WSXM,Plethodon sp.,NA,NA,unknown
WSXM,Plethodon sp.,NA,NA,unknown
WSXM,Plethodon sp.,NA,NA,unknown
WS27C,Plethodon sp.,NA,55,female
WS18C,Plethodon sp.,NA,57,female
WS27C,Plethodon sp.,NA,58,female
WS27C,Plethodon sp.,NA,58,female
WS27C,Plethodon sp.,NA,59,female
WS27C,Plethodon sp.,NA,60,female
WS27C,Plethodon sp.,NA,65,female
WS27C,Plethodon sp.,NA,65,female
WS27R,Plethodon sp.,NA,67,female
WS18C,Plethodon sp.,NA,70,female
WS27C,Plethodon sp.,NA,NA,male
WS27C,Plethodon sp.,NA,NA,unknown
WS27C,Plethodon sp.,NA,NA,unknown
WS27C,Plethodon sp.,NA,NA,unknown
WS27C,Plethodon sp.,NA,NA,unknown
WS27C,Plethodon sp.,NA,NA,male
WS27C,Plethodon sp.,NA,NA,unknown
WS27C,Plethodon sp.,NA,NA,unknown
WS27C,Plethodon sp.,NA,NA,unknown
WS27C,Plethodon sp.,NA,NA,unknown
WS27C,Plethodon sp.,NA,NA,unknown
WS27C,Plethodon sp.,NA,NA,unknown
WS27C,Plethodon sp.,NA,NA,unknown
WS27C,Plethodon sp.,NA,NA,unknown
WS27C,Plethodon sp.,NA,NA,male
WS27C,Plethodon sp.,NA,NA,unknown
WS27C,Plethodon sp.,NA,NA,unknown
WS27C,Plethodon sp.,NA,NA,unknown
WS27R,Plethodon sp.,NA,NA,unknown
WS27R,Plethodon sp.,NA,NA,unknown
WS27R,Plethodon sp.,NA,NA,unknown
WS27R,Plethodon sp.,NA,NA,unknown
WS27R,Plethodon sp.,NA,NA,unknown
WS27R,Plethodon sp.,NA,NA,unknown
WS27R,Plethodon sp.,NA,NA,unknown
WS27R,Plethodon sp.,NA,NA,unknown
WS27R,Plethodon sp.,NA,NA,unknown
WS27R,Plethodon sp.,NA,NA,unknown
WS27R,Plethodon sp.,NA,NA,unknown
WS27R,Plethodon sp.,NA,NA,unknown
WS18R,Plethodon sp.,NA,NA,unknown
WSXR,Plethodon sp.,NA,NA,unknown
WSXR,Plethodon sp.,NA,NA,unknown
WSXR,Plethodon sp.,NA,NA,unknown
WSXR,Plethodon sp.,NA,NA,unknown
WSXR,Plethodon sp.,NA,NA,unknown
WSXC,Plethodon sp.,NA,NA,unknown
WSXC,Plethodon sp.,NA,NA,unknown
WSXM,Plethodon sp.,NA,NA,unknown
WSXM,Plethodon sp.,NA,NA,unknown
WSXM,Plethodon sp.,NA,NA,unknown
WSXC,Plethodon sp.,NA,NA,unknown
WSXC,Plethodon sp.,NA,NA,unknown
WSXC,Plethodon sp.,NA,NA,unknown
WSXC,Plethodon sp.,NA,NA,unknown
WSXC,Plethodon sp.,NA,NA,unknown
WSXC,Plethodon sp.,NA,NA,unknown
WSXC,Plethodon sp.,NA,NA,unknown
WSXC,Plethodon sp.,NA,NA,unknown
WSXC,Plethodon sp.,NA,NA,unknown
WSXC,Plethodon sp.,NA,NA,female
WSXC,Plethodon sp.,NA,NA,unknown
WSXC,Plethodon sp.,NA,NA,unknown
WSXM,Plethodon sp.,NA,NA,unknown
WSXM,Plethodon sp.,NA,NA,unknown
WSXM,Plethodon sp.,NA,NA,unknown
WSXM,Plethodon sp.,NA,NA,unknown
WS18C,Plethodon sp.,NA,74,female
WS6R,Plethodon sp.,NA,NA,unknown
WS18C,Plethodon sp.,NA,NA,unknown
WS27C,Plethodon sp.,NA,NA,unknown
WS27C,Plethodon sp.,NA,NA,unknown
WS27C,Plethodon sp.,NA,NA,male
WS27C,Plethodon sp.,NA,NA,unknown
WS27C,Plethodon sp.,NA,NA,unknown
WS27C,Plethodon sp.,NA,NA,unknown
WS27C,Plethodon sp.,NA,NA,unknown
WS27C,Plethodon sp.,NA,NA,unknown
WS27C,Plethodon sp.,NA,NA,unknown
WS27C,Plethodon sp.,NA,NA,male
WS27R,Plethodon sp.,NA,NA,unknown
WS27R,Plethodon sp.,NA,NA,unknown
WS27R,Plethodon sp.,NA,NA,unknown
WS27R,Plethodon sp.,NA,NA,unknown
WS27R,Plethodon sp.,NA,NA,unknown
WSXC,Plethodon sp.,NA,NA,unknown
WSXC,Plethodon sp.,NA,NA,unknown
WSXC,Plethodon sp.,NA,NA,unknown
WSXC,Plethodon sp.,NA,NA,unknown
WSXC,Plethodon sp.,NA,NA,unknown
WSXC,Plethodon sp.,NA,NA,unknown
WS18C,Plethodon sp.,NA,64,female
WS10R,Plethodon sp.,NA,65,female
WS18C,Plethodon sp.,NA,72,female
WS1,Plethodon sp.,NA,NA,male
WS6R,Plethodon sp.,NA,NA,unknown
WS7R,Plethodon sp.,NA,NA,male
WS10M,Plethodon sp.,NA,NA,unknown
WS10M,Plethodon sp.,NA,NA,unknown
WS10R,Plethodon sp.,NA,NA,unknown
WS10R,Plethodon sp.,NA,NA,unknown
WS10R,Plethodon sp.,NA,NA,unknown
WS18C,Plethodon sp.,NA,NA,unknown
WS18C,Plethodon sp.,NA,NA,male
WS18C,Plethodon sp.,NA,NA,male
WS40M,Plethodon sp.,NA,NA,unknown
WS40M,Plethodon sp.,NA,NA,unknown
WS40M,Plethodon sp.,NA,NA,unknown
WS40M,Plethodon sp.,NA,NA,unknown
WS40M,Plethodon sp.,NA,NA,unknown
WS40M,Plethodon sp.,NA,NA,unknown
WS40M,Plethodon sp.,NA,NA,unknown
WS40M,Plethodon sp.,NA,NA,unknown
WS40M,Plethodon sp.,NA,NA,unknown
WS40M,Plethodon sp.,NA,NA,unknown
WS40M,Plethodon sp.,NA,NA,unknown
WS40M,Plethodon sp.,NA,NA,male
WS40M,Plethodon sp.,NA,NA,unknown
WS40M,Plethodon sp.,NA,NA,unknown
WS40M,Plethodon sp.,NA,NA,unknown
WS40M,Plethodon sp.,NA,NA,unknown
WS40R,Plethodon sp.,NA,NA,unknown
WS40R,Plethodon sp.,NA,NA,unknown
WS10C,Plethodon sp.,NA,69,female
WS1,Plethodon sp.,NA,NA,male
WS1,Plethodon sp.,NA,NA,male
WS1,Plethodon sp.,NA,NA,female
WS7C,Plethodon sp.,NA,NA,unknown
WS7C,Plethodon sp.,NA,NA,unknown
WS7C,Plethodon sp.,NA,NA,unknown
WS7C,Plethodon sp.,NA,NA,male
WS7C,Plethodon sp.,NA,NA,unknown
WS10C,Plethodon sp.,NA,NA,male
WS40M,Plethodon sp.,NA,NA,unknown
WS40M,Plethodon sp.,NA,NA,unknown
WS40M,Plethodon sp.,NA,NA,unknown
WS40M,Plethodon sp.,NA,NA,unknown
WS40M,Plethodon sp.,NA,NA,unknown
WS40M,Plethodon sp.,NA,NA,unknown
WS40M,Plethodon sp.,NA,NA,unknown
WS40M,Plethodon sp.,NA,NA,male
WS40R,Plethodon sp.,NA,NA,unknown
WS40R,Plethodon sp.,NA,NA,unknown
WS40R,Plethodon sp.,NA,NA,unknown
WS40R,Plethodon sp.,NA,NA,unknown
WS40R,Plethodon sp.,NA,NA,unknown
WS10C,Plethodon sp.,NA,68,female
WS7C,Plethodon sp.,NA,NA,unknown
WS7C,Plethodon sp.,NA,NA,male
WS7R,Plethodon sp.,NA,NA,male
WS7R,Plethodon sp.,NA,NA,male
WS10C,Plethodon sp.,NA,NA,male
WS10C,Plethodon sp.,NA,NA,unknown
WS10C,Plethodon sp.,NA,NA,male
WS10M,Plethodon sp.,NA,NA,unknown
WS10M,Plethodon sp.,NA,NA,unknown
WS10R,Plethodon sp.,NA,NA,unknown
WS40M,Plethodon sp.,NA,NA,unknown
WS40M,Plethodon sp.,NA,NA,unknown
WS40M,Plethodon sp.,NA,NA,unknown
WS40M,Plethodon sp.,NA,NA,unknown
WS36R,Plethodon sp.,NA,NA,unknown
WS36R,Plethodon sp.,NA,NA,unknown
WS36R,Plethodon sp.,NA,NA,unknown
WS36R,Plethodon sp.,NA,NA,unknown
WS36R,Plethodon sp.,NA,NA,unknown
WS36R,Plethodon sp.,NA,NA,unknown
WS36R,Plethodon sp.,NA,NA,unknown
WS36R,Plethodon sp.,NA,62,female
WS36R,Plethodon sp.,NA,NA,unknown
WS36M,Plethodon sp.,NA,52,female
WS36M,Plethodon sp.,NA,60,female
WS36M,Plethodon sp.,NA,62,unknown
WS36M,Plethodon sp.,NA,NA,unknown
WS36M,Plethodon sp.,NA,NA,unknown
WS36M,Plethodon sp.,NA,NA,unknown
WS36M,Plethodon sp.,NA,NA,unknown
WS36M,Plethodon sp.,NA,NA,unknown
WS36M,Plethodon sp.,NA,NA,unknown
WS36M,Plethodon sp.,NA,NA,unknown
WS36M,Plethodon sp.,NA,NA,unknown
WS36M,Plethodon sp.,NA,NA,unknown
WS36M,Plethodon sp.,NA,NA,unknown
WS36M,Plethodon sp.,NA,NA,unknown
WS36M,Plethodon sp.,NA,NA,unknown
WS36M,Plethodon sp.,NA,NA,unknown
WS36M,Plethodon sp.,NA,NA,unknown
WS36M,Plethodon sp.,NA,NA,unknown
WS36M,Plethodon sp.,NA,NA,unknown
WS36M,Plethodon sp.,NA,NA,unknown
WS36M,Plethodon sp.,NA,NA,unknown
WS36M,Plethodon sp.,NA,NA,female
WS36M,Plethodon sp.,NA,NA,unknown
WS36M,Plethodon sp.,NA,NA,unknown
WS36M,Plethodon sp.,NA,NA,unknown
WS36M,Plethodon sp.,NA,NA,unknown
WS36M,Plethodon sp.,NA,NA,unknown
WS36M,Plethodon sp.,NA,NA,unknown
WS36M,Plethodon sp.,NA,NA,unknown
WS36M,Plethodon sp.,NA,NA,unknown
WS36M,Plethodon sp.,NA,NA,male
WS36M,Plethodon sp.,NA,NA,unknown
WS40M,Plethodon sp.,NA,NA,male
WS40M,Plethodon sp.,NA,NA,unknown
WS36R,Plethodon sp.,NA,NA,unknown
WS36R,Plethodon sp.,NA,NA,unknown
WS40R,Plethodon sp.,NA,NA,unknown
WS40R,Plethodon sp.,NA,NA,unknown
WS40R,Plethodon sp.,NA,NA,unknown
WS40R,Plethodon sp.,NA,NA,unknown
WS40C,Plethodon sp.,NA,68,female
WS36M,Plethodon sp.,NA,NA,unknown
WS36M,Plethodon sp.,NA,NA,unknown
WS36M,Plethodon sp.,NA,NA,unknown
WS36M,Plethodon sp.,NA,NA,unknown
WS36M,Plethodon sp.,NA,NA,unknown
WS36M,Plethodon sp.,NA,NA,unknown
WS36M,Plethodon sp.,NA,NA,unknown
WS36M,Plethodon sp.,NA,NA,unknown
WS36M,Plethodon sp.,NA,NA,unknown
WS36M,Plethodon sp.,NA,NA,unknown
WS40C,Plethodon sp.,NA,NA,unknown
WS40C,Plethodon sp.,NA,NA,unknown
WS40C,Plethodon sp.,NA,NA,unknown
WS40C,Plethodon sp.,NA,NA,unknown
WS40C,Plethodon sp.,NA,NA,male
WS40C,Plethodon sp.,NA,NA,unknown
WS40C,Plethodon sp.,NA,NA,male
WS40C,Plethodon sp.,NA,NA,unknown
WS40C,Plethodon sp.,NA,NA,unknown
WS40C,Plethodon sp.,NA,NA,unknown
WS36R,Plethodon sp.,NA,NA,unknown
WS36M,Plethodon sp.,NA,NA,unknown
WS36M,Plethodon sp.,NA,NA,unknown
WS40C,Plethodon sp.,NA,NA,unknown
WS31,Plethodon sp.,NA,NA,unknown
WS31,Plethodon sp.,NA,NA,unknown
WS32,Plethodon sp.,NA,NA,unknown
WS32,Plethodon sp.,NA,NA,male
WS31,Plethodon sp.,NA,NA,unknown
WS31,Plethodon sp.,NA,60,female
WS31,Plethodon sp.,NA,NA,male
WS31,Plethodon sp.,NA,NA,unknown
WS32,Plethodon sp.,NA,NA,unknown
WS32,Plethodon sp.,NA,NA,unknown
WS32,Plethodon sp.,NA,NA,unknown
WS32,Plethodon sp.,NA,NA,male
WS32,Plethodon sp.,NA,NA,unknown
WS32,Plethodon sp.,NA,NA,unknown
WS32,Plethodon sp.,NA,NA,unknown
WS32,Plethodon sp.,NA,NA,unknown
WS32,Plethodon sp.,NA,NA,unknown
WS32,Plethodon sp.,NA,NA,male
WS31,Plethodon sp.,NA,NA,unknown
WS31,Plethodon sp.,NA,NA,unknown
WS31,Plethodon sp.,NA,NA,unknown
WS31,Plethodon sp.,NA,NA,unknown
WS31,Plethodon sp.,NA,70,female
WS31,Plethodon sp.,NA,NA,male
WS32,Plethodon sp.,NA,NA,unknown
WS32,Plethodon sp.,NA,NA,unknown
WS32,Plethodon sp.,NA,NA,unknown
WS32,Plethodon sp.,NA,NA,unknown
WS32,Plethodon sp.,NA,NA,female
WS32,Plethodon sp.,NA,NA,male
WS32,Plethodon sp.,NA,NA,unknown
WS32,Plethodon sp.,NA,NA,unknown
WS32,Plethodon sp.,NA,NA,unknown
WS32,Plethodon sp.,NA,NA,unknown
WS32,Plethodon sp.,NA,NA,unknown
WS32,Plethodon sp.,NA,NA,male
WSXR,Plethodon sp.,NA,NA,unknown
WSXR,Plethodon sp.,NA,NA,unknown
WSXR,Plethodon sp.,NA,NA,unknown
WSXR,Plethodon sp.,NA,NA,unknown
WSXR,Plethodon sp.,NA,NA,unknown
WSXR,Plethodon sp.,NA,NA,unknown
WSXR,Plethodon sp.,NA,NA,unknown
WSXR,Plethodon sp.,NA,NA,unknown
WSXR,Plethodon sp.,NA,NA,unknown
WSXR,Plethodon sp.,NA,NA,unknown
WSXR,Plethodon sp.,NA,NA,unknown
WSXR,Plethodon sp.,NA,60,female
WSXR,Plethodon sp.,NA,64,female
WSXR,Plethodon sp.,NA,NA,unknown
WSXR,Plethodon sp.,NA,NA,unknown
WSXR,Plethodon sp.,NA,NA,unknown
WSXR,Plethodon sp.,NA,NA,unknown
WSXR,Plethodon sp.,NA,NA,unknown
WSXR,Plethodon sp.,NA,NA,male
WS27C,Plethodon sp.,NA,62,female
WS27R,Plethodon sp.,NA,63,female
WS27C,Plethodon sp.,NA,NA,unknown
WS27C,Plethodon sp.,NA,NA,unknown
WS27C,Plethodon sp.,NA,NA,unknown
WS27C,Plethodon sp.,NA,NA,unknown
WS27C,Plethodon sp.,NA,NA,unknown
WS27C,Plethodon sp.,NA,NA,unknown
WS27C,Plethodon sp.,NA,NA,unknown
WS27C,Plethodon sp.,NA,NA,unknown
WS27R,Plethodon sp.,NA,NA,unknown
WS27R,Plethodon sp.,NA,NA,unknown
WS27R,Plethodon sp.,NA,NA,unknown
WS27R,Plethodon sp.,NA,NA,unknown
WS27R,Plethodon sp.,NA,NA,unknown
WS27R,Plethodon sp.,NA,NA,unknown
WS27R,Plethodon sp.,NA,NA,unknown
WS27R,Plethodon sp.,NA,NA,unknown
WS27R,Plethodon sp.,NA,NA,unknown
WS27R,Plethodon sp.,NA,NA,unknown
WS27R,Plethodon sp.,NA,NA,unknown
WS27R,Plethodon sp.,NA,NA,unknown
WS27R,Plethodon sp.,NA,NA,unknown
WS27R,Plethodon sp.,NA,NA,unknown
WS27R,Plethodon sp.,NA,NA,unknown
WS31,Plethodon sp.,NA,NA,unknown
WS31,Plethodon sp.,NA,NA,unknown
WS31,Plethodon sp.,NA,NA,unknown
WS31,Plethodon sp.,NA,NA,unknown
WS31,Plethodon sp.,NA,NA,unknown
WS31,Plethodon sp.,NA,NA,unknown
WS31,Plethodon sp.,NA,NA,unknown
WS31,Plethodon sp.,NA,67,female
WS31,Plethodon sp.,NA,NA,unknown
WS31,Plethodon sp.,NA,NA,unknown
WS31,Plethodon sp.,NA,NA,unknown
WS31,Plethodon sp.,NA,NA,unknown
WS31,Plethodon sp.,NA,NA,unknown
WS31,Plethodon sp.,NA,NA,unknown
WS31,Plethodon sp.,NA,NA,unknown
WS31,Plethodon sp.,NA,NA,unknown
WS31,Plethodon sp.,NA,NA,unknown
WS32,Plethodon sp.,NA,NA,unknown
WS32,Plethodon sp.,NA,NA,unknown
WS32,Plethodon sp.,NA,NA,female
WS32,Plethodon sp.,NA,65,female
WS32,Plethodon sp.,NA,65,female
WS32,Plethodon sp.,NA,68,female
WS32,Plethodon sp.,NA,NA,male
WS32,Plethodon sp.,NA,NA,unknown
WS32,Plethodon sp.,NA,NA,unknown
WS32,Plethodon sp.,NA,NA,unknown
WS32,Plethodon sp.,NA,NA,unknown
WS32,Plethodon sp.,NA,NA,unknown
WS32,Plethodon sp.,NA,NA,unknown
WS32,Plethodon sp.,NA,NA,male
WS32,Plethodon sp.,NA,NA,unknown
WS32,Plethodon sp.,NA,NA,unknown
WS32,Plethodon sp.,NA,NA,unknown
WS32,Plethodon sp.,NA,NA,unknown
WS32,Plethodon sp.,NA,NA,unknown
WS32,Plethodon sp.,NA,NA,unknown
WS32,Plethodon sp.,NA,NA,unknown
WS32,Plethodon sp.,NA,NA,unknown
WS32,Plethodon sp.,NA,NA,unknown
WS32,Plethodon sp.,NA,NA,unknown
WS32,Plethodon sp.,NA,NA,unknown
WS32,Plethodon sp.,NA,NA,unknown
WS32,Plethodon sp.,NA,NA,unknown
WS32,Plethodon sp.,NA,NA,unknown
WS32,Plethodon sp.,NA,65,female
WS32,Plethodon sp.,NA,66,female
WS32,Plethodon sp.,NA,70,female
WS32,Plethodon sp.,NA,72,female
WS32,Plethodon sp.,NA,NA,unknown
WSXR,Plethodon sp.,NA,NA,unknown
WSXR,Plethodon sp.,NA,NA,unknown
WSXR,Plethodon sp.,NA,NA,unknown
WSXR,Plethodon sp.,NA,NA,unknown
WSXR,Plethodon sp.,NA,NA,unknown
WSXR,Plethodon sp.,NA,NA,unknown
WSXR,Plethodon sp.,NA,NA,unknown
WSXR,Plethodon sp.,NA,NA,unknown
WSXR,Plethodon sp.,NA,NA,unknown
WSXR,Plethodon sp.,NA,53,female
WSXR,Plethodon sp.,NA,NA,unknown
WSXR,Plethodon sp.,NA,NA,unknown
WSXR,Plethodon sp.,NA,NA,unknown
WSXR,Plethodon sp.,NA,NA,unknown
WSXR,Plethodon sp.,NA,NA,unknown
WSXR,Plethodon sp.,NA,NA,unknown
WSXR,Plethodon sp.,NA,54,female
WSXR,Plethodon sp.,NA,NA,male
WSXR,Plethodon sp.,NA,NA,male
WSXR,Plethodon sp.,NA,NA,unknown
WSXR,Plethodon sp.,NA,NA,unknown
WSXR,Plethodon sp.,NA,NA,unknown
WSXM,Plethodon sp.,NA,NA,unknown
WSXM,Plethodon sp.,NA,NA,unknown
WSXM,Plethodon sp.,NA,NA,unknown
WSXM,Plethodon sp.,NA,NA,unknown
WSXM,Plethodon sp.,NA,NA,unknown
WSXM,Plethodon sp.,NA,NA,unknown
WSXM,Plethodon sp.,NA,NA,unknown
WSXR,Plethodon sp.,NA,NA,male
WSXR,Plethodon sp.,NA,NA,unknown
WSXC,Plethodon sp.,NA,64,female
WSXC,Plethodon sp.,NA,NA,unknown
WSXC,Plethodon sp.,NA,NA,unknown
WSXC,Plethodon sp.,NA,NA,unknown
WSXC,Plethodon sp.,NA,NA,unknown
WSXC,Plethodon sp.,NA,NA,unknown
WSXC,Plethodon sp.,NA,NA,unknown
WSXC,Plethodon sp.,NA,NA,unknown
WSXC,Plethodon sp.,NA,NA,unknown
WS27C,Plethodon sp.,NA,55,female
WS27C,Plethodon sp.,NA,59,female
WS27R,Plethodon sp.,NA,60,female
WS27C,Plethodon sp.,NA,61,female
WS27C,Plethodon sp.,NA,62,female
WS27C,Plethodon sp.,NA,63,female
WS27C,Plethodon sp.,NA,64,female
WS27C,Plethodon sp.,NA,65,female
WS27C,Plethodon sp.,NA,65,female
WS27R,Plethodon sp.,NA,66,female
WS27R,Plethodon sp.,NA,67,female
WS27C,Plethodon sp.,NA,67,female
WS27C,Plethodon sp.,NA,68,female
WS27C,Plethodon sp.,NA,NA,unknown
WS27C,Plethodon sp.,NA,NA,unknown
WS27C,Plethodon sp.,NA,NA,unknown
WS27C,Plethodon sp.,NA,NA,unknown
WS27C,Plethodon sp.,NA,NA,unknown
WS27C,Plethodon sp.,NA,NA,unknown
WS27C,Plethodon sp.,NA,NA,unknown
WS27C,Plethodon sp.,NA,NA,unknown
WS27C,Plethodon sp.,NA,NA,unknown
WS27C,Plethodon sp.,NA,NA,unknown
WS27C,Plethodon sp.,NA,NA,unknown
WS27C,Plethodon sp.,NA,NA,unknown
WS27C,Plethodon sp.,NA,NA,unknown
WS27C,Plethodon sp.,NA,NA,unknown
WS27C,Plethodon sp.,NA,NA,unknown
WS27C,Plethodon sp.,NA,NA,unknown
WS27C,Plethodon sp.,NA,NA,unknown
WS27C,Plethodon sp.,NA,NA,unknown
WS27C,Plethodon sp.,NA,NA,unknown
WS27C,Plethodon sp.,NA,NA,unknown
WS27C,Plethodon sp.,NA,NA,unknown
WS27C,Plethodon sp.,NA,NA,unknown
WS27C,Plethodon sp.,NA,NA,unknown
WS27R,Plethodon sp.,NA,NA,unknown
WS27R,Plethodon sp.,NA,NA,unknown
WS27R,Plethodon sp.,NA,NA,unknown
WS27R,Plethodon sp.,NA,NA,unknown
WS27R,Plethodon sp.,NA,NA,unknown
WS27R,Plethodon sp.,NA,NA,unknown
WS27R,Plethodon sp.,NA,NA,unknown
WS27R,Plethodon sp.,NA,NA,male
WS27R,Plethodon sp.,NA,NA,unknown
WS27R,Plethodon sp.,NA,NA,unknown
WS27R,Plethodon sp.,NA,NA,unknown
WS27R,Plethodon sp.,NA,NA,unknown
WS27R,Plethodon sp.,NA,NA,unknown
WS27R,Plethodon sp.,NA,NA,unknown
WS27R,Plethodon sp.,NA,NA,unknown
WS27R,Plethodon sp.,NA,NA,unknown
WS27R,Plethodon sp.,NA,NA,unknown
WS27R,Plethodon sp.,NA,NA,unknown
WS31,Plethodon sp.,NA,65,female
WS31,Plethodon sp.,NA,71,female
WS31,Plethodon sp.,NA,NA,female
WS31,Plethodon sp.,NA,NA,unknown
WS31,Plethodon sp.,NA,NA,unknown
WS31,Plethodon sp.,NA,NA,unknown
WS31,Plethodon sp.,NA,NA,unknown
WS31,Plethodon sp.,NA,NA,unknown
WS31,Plethodon sp.,NA,NA,unknown
WS31,Plethodon sp.,NA,NA,unknown
WS31,Plethodon sp.,NA,NA,unknown
WS31,Plethodon sp.,NA,NA,unknown
WS31,Plethodon sp.,NA,NA,unknown
WS31,Plethodon sp.,NA,NA,unknown
WS31,Plethodon sp.,NA,NA,unknown
WS31,Plethodon sp.,NA,NA,unknown
WS31,Plethodon sp.,NA,NA,unknown
WS31,Plethodon sp.,NA,NA,unknown
WS31,Plethodon sp.,NA,NA,unknown
WS31,Plethodon sp.,NA,NA,unknown
WS31,Plethodon sp.,NA,NA,unknown
WS31,Plethodon sp.,NA,NA,unknown
WS32,Plethodon sp.,NA,NA,unknown
WS32,Plethodon sp.,NA,NA,unknown
WS32,Plethodon sp.,NA,NA,unknown
WS32,Plethodon sp.,NA,NA,unknown
WS32,Plethodon sp.,NA,NA,male
WS32,Plethodon sp.,NA,NA,unknown
WS32,Plethodon sp.,NA,NA,unknown
WS32,Plethodon sp.,NA,NA,unknown
WS32,Plethodon sp.,NA,NA,unknown
WS32,Plethodon sp.,NA,NA,unknown
WS32,Plethodon sp.,NA,NA,male
WS32,Plethodon sp.,NA,NA,unknown
WS32,Plethodon sp.,NA,NA,male
WS32,Plethodon sp.,NA,NA,unknown
WS32,Plethodon sp.,NA,NA,unknown
WS32,Plethodon sp.,NA,NA,unknown
WS32,Plethodon sp.,NA,NA,unknown
WS32,Plethodon sp.,NA,NA,unknown
WS32,Plethodon sp.,NA,NA,unknown
WS32,Plethodon sp.,NA,NA,unknown
WS32,Plethodon sp.,NA,NA,unknown
WS32,Plethodon sp.,NA,NA,unknown
WS32,Plethodon sp.,NA,NA,unknown
WS32,Plethodon sp.,NA,63,female
WS32,Plethodon sp.,NA,NA,unknown
WS32,Plethodon sp.,NA,NA,unknown
WSXR,Plethodon sp.,NA,NA,unknown
WSXR,Plethodon sp.,NA,NA,unknown
WSXR,Plethodon sp.,NA,NA,unknown
WSXR,Plethodon sp.,NA,NA,unknown
WSXR,Plethodon sp.,NA,NA,unknown
WSXR,Plethodon sp.,NA,NA,unknown
WSXR,Plethodon sp.,NA,NA,unknown
WSXR,Plethodon sp.,NA,55,female
WSXM,Plethodon sp.,NA,NA,unknown
WSXM,Plethodon sp.,NA,NA,unknown
WSXM,Plethodon sp.,NA,NA,unknown
WSXM,Plethodon sp.,NA,NA,unknown
WSXR,Plethodon sp.,NA,NA,unknown
WSXR,Plethodon sp.,NA,NA,unknown
WSXC,Plethodon sp.,NA,NA,male
WSXC,Plethodon sp.,NA,NA,unknown
WSXC,Plethodon sp.,NA,66,female
WSXC,Plethodon sp.,NA,67,female
WSXC,Plethodon sp.,NA,NA,unknown
WSXM,Plethodon sp.,NA,NA,unknown
WSXM,Plethodon sp.,NA,NA,unknown
WSXM,Plethodon sp.,NA,NA,unknown
WS27C,Plethodon sp.,NA,52,female
WS27C,Plethodon sp.,NA,55,female
WS27C,Plethodon sp.,NA,NA,unknown
WS27C,Plethodon sp.,NA,NA,male
WS27C,Plethodon sp.,NA,NA,unknown
WS27C,Plethodon sp.,NA,NA,unknown
WS27C,Plethodon sp.,NA,NA,unknown
WS27C,Plethodon sp.,NA,NA,male
WS27C,Plethodon sp.,NA,NA,unknown
WS27C,Plethodon sp.,NA,NA,unknown
WS27C,Plethodon sp.,NA,NA,unknown
WS27C,Plethodon sp.,NA,NA,unknown
WS27C,Plethodon sp.,NA,NA,unknown
WS27C,Plethodon sp.,NA,NA,unknown
WS27C,Plethodon sp.,NA,NA,unknown
WS27C,Plethodon sp.,NA,NA,unknown
WS27C,Plethodon sp.,NA,NA,unknown
WS27C,Plethodon sp.,NA,NA,unknown
WS27C,Plethodon sp.,NA,NA,unknown
WS27C,Plethodon sp.,NA,NA,unknown
WS27C,Plethodon sp.,NA,NA,unknown
WS27C,Plethodon sp.,NA,NA,unknown
WS27C,Plethodon sp.,NA,NA,unknown
WS27C,Plethodon sp.,NA,NA,unknown
WS27C,Plethodon sp.,NA,NA,unknown
WS27R,Plethodon sp.,NA,NA,unknown
WS27R,Plethodon sp.,NA,NA,unknown
WS27R,Plethodon sp.,NA,NA,unknown
WS27R,Plethodon sp.,NA,NA,unknown
WS27R,Plethodon sp.,NA,NA,unknown
WS27R,Plethodon sp.,NA,NA,unknown
WS27R,Plethodon sp.,NA,NA,unknown
WS27R,Plethodon sp.,NA,NA,unknown
WS27R,Plethodon sp.,NA,NA,unknown
WS32,Plethodon sp.,NA,NA,unknown
WS36R,Plethodon sp.,NA,NA,unknown
WS36R,Plethodon sp.,NA,NA,unknown
WS36R,Plethodon sp.,NA,NA,unknown
WS36R,Plethodon sp.,NA,NA,unknown
WS36R,Plethodon sp.,NA,NA,unknown
WS36R,Plethodon sp.,NA,NA,unknown
WS36R,Plethodon sp.,NA,NA,unknown
WS36R,Plethodon sp.,NA,NA,unknown
WS36R,Plethodon sp.,NA,NA,unknown
WS36R,Plethodon sp.,NA,NA,unknown
WS36R,Plethodon sp.,NA,NA,unknown
WS40R,Plethodon sp.,NA,NA,unknown
WS40R,Plethodon sp.,NA,NA,unknown
WS40R,Plethodon sp.,NA,NA,unknown
WSXC,Plethodon sp.,NA,NA,unknown
WSXC,Plethodon sp.,NA,NA,unknown
WSXC,Plethodon sp.,NA,NA,unknown
WSXC,Plethodon sp.,NA,57,female
WSXM,Plethodon sp.,NA,NA,unknown
WSXM,Plethodon sp.,NA,NA,unknown
WSXM,Plethodon sp.,NA,NA,unknown
WSXM,Plethodon sp.,NA,NA,unknown
WSXM,Plethodon sp.,NA,NA,unknown
WS36M,Plethodon sp.,NA,NA,unknown
WS36M,Plethodon sp.,NA,NA,unknown
WS36M,Plethodon sp.,NA,NA,unknown
WS36M,Plethodon sp.,NA,NA,unknown
WS36M,Plethodon sp.,NA,NA,unknown
WS36M,Plethodon sp.,NA,NA,unknown
WS36M,Plethodon sp.,NA,NA,unknown
WS36M,Plethodon sp.,NA,NA,unknown
WS36M,Plethodon sp.,NA,NA,unknown
WS36M,Plethodon sp.,NA,NA,unknown
WS36M,Plethodon sp.,NA,NA,unknown
WS36M,Plethodon sp.,NA,NA,unknown
WS36M,Plethodon sp.,NA,NA,unknown
WS36M,Plethodon sp.,NA,NA,unknown
WS36M,Plethodon sp.,NA,NA,unknown
WS36M,Plethodon sp.,NA,NA,unknown
WS36M,Plethodon sp.,NA,NA,unknown
WS36M,Plethodon sp.,NA,NA,unknown
WS36M,Plethodon sp.,NA,NA,unknown
WS36M,Plethodon sp.,NA,NA,unknown
WS36M,Plethodon sp.,NA,NA,unknown
WS36M,Plethodon sp.,NA,NA,unknown
WS36M,Plethodon sp.,NA,NA,unknown
WS36M,Plethodon sp.,NA,NA,unknown
WS36M,Plethodon sp.,NA,NA,unknown
WS36M,Plethodon sp.,NA,NA,unknown
WS27R,Plethodon sp.,NA,NA,unknown
WS27R,Plethodon sp.,NA,NA,unknown
WS27R,Plethodon sp.,NA,NA,unknown
2750,Plethodon sp.,NA,27,unknown
2750,Plethodon sp.,NA,31,unknown
2750,Plethodon sp.,NA,28,unknown
2750,Plethodon sp.,NA,29,unknown
2750,Plethodon sp.,NA,26,unknown
2750,Plethodon sp.,NA,56,unknown
2850,Plethodon sp.,NA,25,unknown
2850,Plethodon sp.,NA,27,unknown
2850,Plethodon sp.,NA,30,unknown
2850,Plethodon sp.,NA,28,unknown
2850,Plethodon sp.,NA,27,unknown
2850,Plethodon sp.,NA,23,unknown
2850,Plethodon sp.,NA,25,unknown
2850,Plethodon sp.,NA,28,unknown
2850,Plethodon sp.,NA,44,unknown
2850,Plethodon sp.,NA,27,unknown
2850,Plethodon sp.,NA,28,unknown
2850,Plethodon sp.,NA,32,unknown
2850,Plethodon sp.,NA,27,unknown
2850,Plethodon sp.,NA,24,unknown
2850,Plethodon sp.,NA,23,unknown
2850,Plethodon sp.,NA,28,unknown
2850,Plethodon sp.,NA,29,unknown
2850,Plethodon sp.,NA,25,unknown
2850,Plethodon sp.,NA,26,unknown
2850,Plethodon sp.,NA,57,unknown
2850,Plethodon sp.,NA,52,unknown
2850,Plethodon sp.,NA,40,unknown
2850,Plethodon sp.,NA,49,unknown
2850,Plethodon sp.,NA,23,unknown
2850,Plethodon sp.,NA,27,unknown
2850,Plethodon sp.,NA,23,unknown
2950,Plethodon sp.,NA,22,unknown
2950,Plethodon sp.,NA,26,unknown
2950,Plethodon sp.,NA,26,unknown
2950,Plethodon sp.,NA,24,unknown
2950,Plethodon sp.,NA,25,unknown
2950,Plethodon sp.,NA,38,unknown
2950,Plethodon sp.,NA,22,unknown
2950,Plethodon sp.,NA,23,unknown
2950,Plethodon sp.,NA,25,unknown
2950,Plethodon sp.,NA,29,unknown
2950,Plethodon sp.,NA,26,unknown
2950,Plethodon sp.,NA,45,unknown
2950,Plethodon sp.,NA,23,unknown
2950,Plethodon sp.,NA,24,unknown
2950,Plethodon sp.,NA,22,unknown
2950,Plethodon sp.,NA,54,unknown
2950,Plethodon sp.,NA,35,unknown
2750,Plethodon sp.,NA,62,female
2850,Plethodon sp.,NA,64,female
2850,Plethodon sp.,NA,67,male
2850,Plethodon sp.,NA,71,male
2850,Plethodon sp.,NA,58,unknown
2750,Plethodon sp.,NA,54,unknown
2750,Plethodon sp.,NA,51,unknown
2750,Plethodon sp.,NA,27,unknown
2750,Plethodon sp.,NA,29,unknown
2750,Plethodon sp.,NA,49,unknown
2750,Plethodon sp.,NA,53,unknown
2750,Plethodon sp.,NA,25,unknown
2750,Plethodon sp.,NA,32,unknown
2750,Plethodon sp.,NA,31,unknown
2850,Plethodon sp.,NA,26,unknown
2850,Plethodon sp.,NA,24,unknown
2850,Plethodon sp.,NA,28,unknown
2850,Plethodon sp.,NA,24,unknown
2850,Plethodon sp.,NA,28,unknown
2850,Plethodon sp.,NA,23,unknown
2850,Plethodon sp.,NA,28,unknown
2850,Plethodon sp.,NA,28,unknown
2850,Plethodon sp.,NA,22,unknown
2850,Plethodon sp.,NA,48,unknown
2850,Plethodon sp.,NA,48,unknown
2850,Plethodon sp.,NA,38,unknown
2850,Plethodon sp.,NA,27,unknown
2850,Plethodon sp.,NA,24,unknown
2850,Plethodon sp.,NA,23,unknown
2850,Plethodon sp.,NA,22,unknown
2850,Plethodon sp.,NA,26,unknown
2850,Plethodon sp.,NA,28,unknown
2850,Plethodon sp.,NA,57,unknown
2850,Plethodon sp.,NA,49,unknown
2850,Plethodon sp.,NA,37,unknown
2850,Plethodon sp.,NA,27,unknown
2950,Plethodon sp.,NA,52,unknown
2950,Plethodon sp.,NA,23,unknown
2950,Plethodon sp.,NA,23,unknown
2950,Plethodon sp.,NA,24,unknown
2950,Plethodon sp.,NA,27,unknown
2950,Plethodon sp.,NA,42,unknown
2950,Plethodon sp.,NA,40,unknown
2950,Plethodon sp.,NA,39,unknown
2950,Plethodon sp.,NA,22,unknown
2950,Plethodon sp.,NA,23,unknown
2950,Plethodon sp.,NA,25,unknown
2950,Plethodon sp.,NA,23,unknown
2950,Plethodon sp.,NA,50,unknown
2950,Plethodon sp.,NA,42,unknown
2950,Plethodon sp.,NA,42,unknown
2950,Plethodon sp.,NA,31,unknown
2950,Plethodon sp.,NA,43,unknown
2750,Plethodon sp.,NA,66,female
2850,Plethodon sp.,NA,62,female
2850,Plethodon sp.,NA,65,female
2950,Plethodon sp.,NA,67,male
2950,Plethodon sp.,NA,62,male
2750,Plethodon sp.,NA,47,unknown
2850,Plethodon sp.,NA,39,unknown
2850,Plethodon sp.,NA,21,unknown
2850,Plethodon sp.,NA,28,unknown
2850,Plethodon sp.,NA,23,unknown
2850,Plethodon sp.,NA,28,unknown
2850,Plethodon sp.,NA,23,unknown
2850,Plethodon sp.,NA,49,unknown
2850,Plethodon sp.,NA,47,unknown
2850,Plethodon sp.,NA,57,unknown
2850,Plethodon sp.,NA,45,unknown
2850,Plethodon sp.,NA,48,unknown
2850,Plethodon sp.,NA,23,unknown
2850,Plethodon sp.,NA,26,unknown
2850,Plethodon sp.,NA,27,unknown
2850,Plethodon sp.,NA,25,unknown
2850,Plethodon sp.,NA,26,unknown
2950,Plethodon sp.,NA,28,unknown
2950,Plethodon sp.,NA,19,unknown
2950,Plethodon sp.,NA,40,unknown
2950,Plethodon sp.,NA,26,unknown
2950,Plethodon sp.,NA,27,unknown
2950,Plethodon sp.,NA,24,unknown
2950,Plethodon sp.,NA,24,unknown
2950,Plethodon sp.,NA,26,unknown
2950,Plethodon sp.,NA,47,unknown
2950,Plethodon sp.,NA,41,unknown
2950,Plethodon sp.,NA,20,unknown
2950,Plethodon sp.,NA,25,unknown
2950,Plethodon sp.,NA,19,unknown
2950,Plethodon sp.,NA,26,unknown
2950,Plethodon sp.,NA,24,unknown
2950,Plethodon sp.,NA,46,unknown
2950,Plethodon sp.,NA,42,unknown
2950,Plethodon sp.,NA,41,unknown
2750,Plethodon sp.,NA,64,female
2850,Plethodon sp.,NA,70,male
2850,Plethodon sp.,NA,58,unknown
2850,Plethodon sp.,NA,65,female
2850,Plethodon sp.,NA,63,unknown
2850,Plethodon sp.,NA,59,unknown
WS36R,Plethodon sp.,NA,NA,unknown
WS36R,Plethodon sp.,NA,NA,unknown
WS36R,Plethodon sp.,NA,NA,unknown
WS36R,Plethodon sp.,NA,NA,unknown
WS36R,Plethodon sp.,NA,NA,unknown
WS36R,Plethodon sp.,NA,NA,unknown
WS36R,Plethodon sp.,NA,NA,unknown
WS36R,Plethodon sp.,NA,NA,unknown
WS36R,Plethodon sp.,NA,NA,unknown
WS36R,Plethodon sp.,NA,NA,unknown
WS36R,Plethodon sp.,NA,NA,unknown
WS36R,Plethodon sp.,NA,NA,unknown
WS10M,Plethodon sp.,NA,76,female
WS10M,Plethodon sp.,NA,NA,unknown
WS10M,Plethodon sp.,NA,NA,unknown
WS10M,Plethodon sp.,NA,NA,unknown
WS10R,Plethodon sp.,NA,NA,unknown
WS36M,Plethodon sp.,NA,NA,unknown
WS36M,Plethodon sp.,NA,NA,unknown
WS36M,Plethodon sp.,NA,NA,unknown
WS36M,Plethodon sp.,NA,NA,unknown
WS36M,Plethodon sp.,NA,NA,unknown
WS36M,Plethodon sp.,NA,NA,unknown
WS36M,Plethodon sp.,NA,NA,unknown
WS36M,Plethodon sp.,NA,NA,unknown
WS36M,Plethodon sp.,NA,NA,unknown
WS36M,Plethodon sp.,NA,NA,unknown
WS36M,Plethodon sp.,NA,NA,unknown
WS36M,Plethodon sp.,NA,NA,unknown
WS36M,Plethodon sp.,NA,NA,unknown
WS36M,Plethodon sp.,NA,NA,unknown
WS36M,Plethodon sp.,NA,NA,unknown
WS40R,Plethodon sp.,NA,NA,unknown
WS40R,Plethodon sp.,NA,NA,unknown
WS36R,Plethodon sp.,NA,NA,unknown
WS36R,Plethodon sp.,NA,NA,unknown
WS36R,Plethodon sp.,NA,NA,unknown
WS36R,Plethodon sp.,NA,NA,unknown
WS40R,Plethodon sp.,NA,NA,unknown
WS40R,Plethodon sp.,NA,NA,unknown
WS40R,Plethodon sp.,NA,NA,unknown
WS40R,Plethodon sp.,NA,NA,unknown
WS36R,Plethodon sp.,NA,NA,unknown
WS36R,Plethodon sp.,NA,NA,unknown
WS40C,Plethodon sp.,NA,69,female
WS40C,Plethodon sp.,NA,NA,unknown
WS40C,Plethodon sp.,NA,NA,unknown
WS40C,Plethodon sp.,NA,NA,unknown
WS40C,Plethodon sp.,NA,NA,unknown
WS40C,Plethodon sp.,NA,NA,unknown
WS40C,Plethodon sp.,NA,NA,unknown
WS40C,Plethodon sp.,NA,NA,unknown
WS40C,Plethodon sp.,NA,NA,unknown
WS40C,Plethodon sp.,NA,NA,unknown
WS40C,Plethodon sp.,NA,NA,unknown
WS10M,Plethodon sp.,NA,NA,unknown
WS10M,Plethodon sp.,NA,NA,unknown
WS10M,Plethodon sp.,NA,NA,unknown
WS10M,Plethodon sp.,NA,NA,unknown
WS10M,Plethodon sp.,NA,NA,unknown
WS10R,Plethodon sp.,NA,NA,unknown
WS36M,Plethodon sp.,NA,NA,unknown
WS36M,Plethodon sp.,NA,NA,unknown
WS36M,Plethodon sp.,NA,NA,unknown
WS36M,Plethodon sp.,NA,NA,unknown
WS36M,Plethodon sp.,NA,NA,unknown
WS36M,Plethodon sp.,NA,NA,unknown
WS36M,Plethodon sp.,NA,NA,unknown
WS36M,Plethodon sp.,NA,NA,unknown
WS36M,Plethodon sp.,NA,NA,unknown
WS36M,Plethodon sp.,NA,NA,unknown
WS36M,Plethodon sp.,NA,NA,unknown
WS36M,Plethodon sp.,NA,NA,unknown
WS36M,Plethodon sp.,NA,NA,unknown
WS36M,Plethodon sp.,NA,NA,unknown
WS36M,Plethodon sp.,NA,NA,unknown
WS36M,Plethodon sp.,NA,NA,unknown
WS36M,Plethodon sp.,NA,NA,unknown
WS36M,Plethodon sp.,NA,NA,unknown
WS36M,Plethodon sp.,NA,NA,unknown
WS36M,Plethodon sp.,NA,NA,unknown
WS36M,Plethodon sp.,NA,NA,unknown
WS36M,Plethodon sp.,NA,NA,unknown
WS36M,Plethodon sp.,NA,NA,unknown
WS36M,Plethodon sp.,NA,NA,unknown
WS36M,Plethodon sp.,NA,NA,unknown
WS36M,Plethodon sp.,NA,NA,unknown
WS36M,Plethodon sp.,NA,NA,unknown
WS36M,Plethodon sp.,NA,NA,unknown
WS36M,Plethodon sp.,NA,NA,unknown
WS36M,Plethodon sp.,NA,NA,unknown
WS36M,Plethodon sp.,NA,NA,unknown
WS36M,Plethodon sp.,NA,NA,unknown
WS36M,Plethodon sp.,NA,NA,unknown
WS36M,Plethodon sp.,NA,NA,unknown
WS36M,Plethodon sp.,NA,NA,unknown
WS6R,Plethodon sp.,NA,NA,unknown
WS18C,Plethodon sp.,NA,NA,unknown
WS40C,Plethodon sp.,NA,NA,unknown
WS40C,Plethodon sp.,NA,NA,unknown
WS40C,Plethodon sp.,NA,NA,unknown
WS40C,Plethodon sp.,NA,NA,unknown
WS40C,Plethodon sp.,NA,NA,unknown
WS40C,Plethodon sp.,NA,NA,unknown
WS40C,Plethodon sp.,NA,NA,unknown
WS40C,Plethodon sp.,NA,NA,unknown
WS40C,Plethodon sp.,NA,NA,unknown
WS40C,Plethodon sp.,NA,NA,unknown
WS40C,Plethodon sp.,NA,NA,unknown
WS40C,Plethodon sp.,NA,73,female
WS40C,Plethodon sp.,NA,NA,unknown
WS40C,Plethodon sp.,NA,NA,unknown
WS40C,Plethodon sp.,NA,NA,unknown
WS40C,Plethodon sp.,NA,NA,unknown
WS40C,Plethodon sp.,NA,NA,unknown
WS10C,Plethodon sp.,NA,NA,unknown
WS10C,Plethodon sp.,NA,NA,unknown
WS40M,Plethodon sp.,NA,NA,unknown
WS40M,Plethodon sp.,NA,NA,unknown
WS40M,Plethodon sp.,NA,NA,unknown
WS40M,Plethodon sp.,NA,NA,unknown
WS40M,Plethodon sp.,NA,NA,unknown
WS40M,Plethodon sp.,NA,NA,unknown
WS40M,Plethodon sp.,NA,NA,unknown
WS40M,Plethodon sp.,NA,NA,unknown
WS7C,Plethodon sp.,NA,77,female
WS7C,Plethodon sp.,NA,NA,unknown
WS7C,Plethodon sp.,NA,NA,unknown
WS10C,Plethodon sp.,NA,NA,unknown
WS10C,Plethodon sp.,NA,NA,unknown
WS10C,Plethodon sp.,NA,NA,unknown
WS10C,Plethodon sp.,NA,NA,unknown
WS40M,Plethodon sp.,NA,NA,unknown
WS7C,Plethodon sp.,NA,NA,unknown
WS7C,Plethodon sp.,NA,NA,unknown
WS40M,Plethodon sp.,NA,NA,unknown
WS40M,Plethodon sp.,NA,NA,unknown
WS40M,Plethodon sp.,NA,NA,unknown
WS31,Plethodon sp.,NA,NA,unknown
WS32,Plethodon sp.,NA,65,female
WS32,Plethodon sp.,NA,NA,unknown
WS32,Plethodon sp.,NA,NA,unknown
WSXR,Plethodon sp.,NA,NA,unknown
WSXC,Plethodon sp.,NA,65,female
WSXC,Plethodon sp.,NA,67,female
WSXC,Plethodon sp.,NA,NA,unknown
WSXC,Plethodon sp.,NA,NA,unknown
WSXC,Plethodon sp.,NA,NA,unknown
WSXC,Plethodon sp.,NA,NA,unknown
WSXM,Plethodon sp.,NA,NA,male
WSXM,Plethodon sp.,NA,NA,unknown
WSXM,Plethodon sp.,NA,NA,unknown
WSXM,Plethodon sp.,NA,NA,unknown
WSXM,Plethodon sp.,NA,NA,male
WSXM,Plethodon sp.,NA,NA,male
WS27R,Plethodon sp.,NA,56,female
WS18R,Plethodon sp.,NA,NA,unknown
WS36M,Plethodon sp.,NA,NA,unknown
WS36M,Plethodon sp.,NA,NA,unknown
WS36M,Plethodon sp.,NA,NA,unknown
WS36M,Plethodon sp.,NA,NA,unknown
WS36M,Plethodon sp.,NA,NA,unknown
WS36M,Plethodon sp.,NA,NA,unknown
WS36M,Plethodon sp.,NA,NA,unknown
WS36M,Plethodon sp.,NA,NA,unknown
WS36M,Plethodon sp.,NA,NA,unknown
WS36M,Plethodon sp.,NA,NA,unknown
WS36M,Plethodon sp.,NA,NA,unknown
WS36M,Plethodon sp.,NA,NA,unknown
WS6R,Plethodon sp.,NA,NA,unknown
WS18C,Plethodon sp.,NA,NA,unknown
WS18C,Plethodon sp.,NA,NA,unknown
WS18R,Plethodon sp.,NA,NA,unknown
WS27C,Plethodon sp.,NA,NA,unknown
WS27C,Plethodon sp.,NA,NA,unknown
WS27C,Plethodon sp.,NA,NA,unknown
WS27C,Plethodon sp.,NA,NA,unknown
WS27C,Plethodon sp.,NA,NA,unknown
WS27C,Plethodon sp.,NA,NA,unknown
WS27R,Plethodon sp.,NA,NA,unknown
WS27R,Plethodon sp.,NA,NA,unknown
WS27R,Plethodon sp.,NA,NA,unknown
WS27R,Plethodon sp.,NA,NA,unknown
WS27R,Plethodon sp.,NA,NA,unknown
WS27R,Plethodon sp.,NA,NA,unknown
WS27R,Plethodon sp.,NA,NA,unknown
WS27R,Plethodon sp.,NA,NA,unknown
WS27R,Plethodon sp.,NA,NA,male
WS27R,Plethodon sp.,NA,NA,unknown
WS27R,Plethodon sp.,NA,NA,unknown
WS27R,Plethodon sp.,NA,NA,unknown
WS27R,Plethodon sp.,NA,NA,unknown
WS27R,Plethodon sp.,NA,NA,unknown
WS27R,Plethodon sp.,NA,NA,male
WS27R,Plethodon sp.,NA,NA,unknown
2950,Plethodon sp.,NA,67,female
WS31,Plethodon sp.,NA,NA,unknown
WS31,Plethodon sp.,NA,NA,unknown
WS31,Plethodon sp.,NA,NA,unknown
WS31,Plethodon sp.,NA,NA,unknown
WS31,Plethodon sp.,NA,NA,male
WS31,Plethodon sp.,NA,NA,male
WS31,Plethodon sp.,NA,NA,unknown
WS31,Plethodon sp.,NA,NA,unknown
WS31,Plethodon sp.,NA,NA,male
WS31,Plethodon sp.,NA,NA,unknown
WS31,Plethodon sp.,NA,NA,unknown
WS31,Plethodon sp.,NA,NA,unknown
WS31,Plethodon sp.,NA,NA,unknown
WS31,Plethodon sp.,NA,NA,unknown
WS31,Plethodon sp.,NA,NA,unknown
WS31,Plethodon sp.,NA,NA,unknown
WS31,Plethodon sp.,NA,NA,male
WS31,Plethodon sp.,NA,NA,unknown
WS31,Plethodon sp.,NA,NA,unknown
WS32,Plethodon sp.,NA,NA,unknown
WS32,Plethodon sp.,NA,NA,unknown
WS32,Plethodon sp.,NA,NA,unknown
WS32,Plethodon sp.,NA,NA,unknown
WS32,Plethodon sp.,NA,NA,unknown
WS32,Plethodon sp.,NA,45,male
WS32,Plethodon sp.,NA,46,male
WS32,Plethodon sp.,NA,47,male
WS32,Plethodon sp.,NA,NA,unknown
WS32,Plethodon sp.,NA,NA,unknown
WS32,Plethodon sp.,NA,NA,male
WS32,Plethodon sp.,NA,75,female
WS32,Plethodon sp.,NA,NA,unknown
WS32,Plethodon sp.,NA,NA,male
WS32,Plethodon sp.,NA,NA,male
WS32,Plethodon sp.,NA,NA,unknown
WS32,Plethodon sp.,NA,NA,male
WS32,Plethodon sp.,NA,NA,male
WS32,Plethodon sp.,NA,NA,unknown
WS32,Plethodon sp.,NA,NA,unknown
WS32,Plethodon sp.,NA,NA,unknown
WS32,Plethodon sp.,NA,NA,unknown
WS32,Plethodon sp.,NA,NA,unknown
WS32,Plethodon sp.,NA,NA,unknown
WSXR,Plethodon sp.,NA,NA,unknown
WSXR,Plethodon sp.,NA,NA,unknown
WSXR,Plethodon sp.,NA,NA,male
WSXR,Plethodon sp.,NA,NA,male
WSXR,Plethodon sp.,NA,73,female
WSXR,Plethodon sp.,NA,NA,unknown
WSXR,Plethodon sp.,NA,NA,male
WSXR,Plethodon sp.,NA,NA,male
WSXR,Plethodon sp.,NA,NA,unknown
WSXR,Plethodon sp.,NA,NA,male
WSXR,Plethodon sp.,NA,NA,unknown
WSXR,Plethodon sp.,NA,NA,unknown
WSXR,Plethodon sp.,NA,NA,male
WSXR,Plethodon sp.,NA,NA,unknown
WSXR,Plethodon sp.,NA,NA,unknown
WSXR,Plethodon sp.,NA,NA,unknown
WSXR,Plethodon sp.,NA,NA,male
WSXR,Plethodon sp.,NA,NA,unknown
WSXR,Plethodon sp.,NA,NA,unknown
WSXR,Plethodon sp.,NA,NA,unknown
WSXR,Plethodon sp.,NA,NA,male
WSXR,Plethodon sp.,NA,56,female
WSXR,Plethodon sp.,NA,NA,unknown
WSXR,Plethodon sp.,NA,NA,unknown
WSXR,Plethodon sp.,NA,NA,unknown
WSXR,Plethodon sp.,NA,NA,unknown
WSXR,Plethodon sp.,NA,NA,unknown
WSXR,Plethodon sp.,NA,NA,male
WSXR,Plethodon sp.,NA,NA,unknown
WSXR,Plethodon sp.,NA,NA,male
WSXR,Plethodon sp.,NA,NA,male
WSXR,Plethodon sp.,NA,NA,unknown
WSXC,Plethodon sp.,NA,NA,unknown
WSXC,Plethodon sp.,NA,NA,unknown
WSXC,Plethodon sp.,NA,NA,unknown
WSXC,Plethodon sp.,NA,NA,unknown
WSXC,Plethodon sp.,NA,NA,unknown
WSXC,Plethodon sp.,NA,NA,unknown
WSXC,Plethodon sp.,NA,NA,unknown
WSXM,Plethodon sp.,NA,NA,unknown
WSXM,Plethodon sp.,NA,NA,unknown
WSXM,Plethodon sp.,NA,NA,unknown
WSXM,Plethodon sp.,NA,NA,unknown
WSXM,Plethodon sp.,NA,NA,unknown
WSXM,Plethodon sp.,NA,NA,unknown
WSXC,Plethodon sp.,NA,NA,unknown
WS36R,Plethodon sp.,NA,51,male
WS36R,Plethodon sp.,NA,52,male
WS36R,Plethodon sp.,NA,NA,unknown
WS36R,Plethodon sp.,NA,NA,unknown
WS36R,Plethodon sp.,NA,NA,unknown
WS36R,Plethodon sp.,NA,NA,unknown
WS36R,Plethodon sp.,NA,NA,unknown
WS36R,Plethodon sp.,NA,52,male
WSXC,Plethodon sp.,NA,NA,unknown
WSXC,Plethodon sp.,NA,NA,unknown
WSXC,Plethodon sp.,NA,NA,unknown
WSXC,Plethodon sp.,NA,NA,unknown
WSXC,Plethodon sp.,NA,NA,unknown
WSXC,Plethodon sp.,NA,NA,unknown
WSXC,Plethodon sp.,NA,NA,unknown
WSXC,Plethodon sp.,NA,NA,male
WSXC,Plethodon sp.,NA,NA,male
WSXC,Plethodon sp.,NA,NA,unknown
WSXC,Plethodon sp.,NA,NA,unknown
WSXC,Plethodon sp.,NA,NA,unknown
WSXC,Plethodon sp.,NA,NA,unknown
WSXC,Plethodon sp.,NA,NA,unknown
WSXC,Plethodon sp.,NA,67,female
WSXC,Plethodon sp.,NA,NA,unknown
WSXC,Plethodon sp.,NA,NA,unknown
WSXC,Plethodon sp.,NA,NA,unknown
WSXC,Plethodon sp.,NA,NA,unknown
WSXM,Plethodon sp.,NA,NA,unknown
WSXM,Plethodon sp.,NA,NA,unknown
WSXM,Plethodon sp.,NA,NA,male
WSXM,Plethodon sp.,NA,NA,male
WSXM,Plethodon sp.,NA,NA,unknown
WSXM,Plethodon sp.,NA,NA,unknown
WSXM,Plethodon sp.,NA,NA,unknown
WSXM,Plethodon sp.,NA,NA,unknown
WSXM,Plethodon sp.,NA,NA,male
WSXM,Plethodon sp.,NA,NA,male
WS36R,Plethodon sp.,NA,53,male
WS36R,Plethodon sp.,NA,53,male
WS36R,Plethodon sp.,NA,56,male
WS36R,Plethodon sp.,NA,NA,unknown
WS36R,Plethodon sp.,NA,NA,unknown
WS36R,Plethodon sp.,NA,NA,unknown
WS36R,Plethodon sp.,NA,NA,unknown
WS36R,Plethodon sp.,NA,NA,unknown
WS36R,Plethodon sp.,NA,NA,unknown
WS36R,Plethodon sp.,NA,NA,unknown
WS36R,Plethodon sp.,NA,NA,unknown
WSXC,Plethodon sp.,NA,NA,unknown
WSXC,Plethodon sp.,NA,NA,unknown
WSXC,Plethodon sp.,NA,NA,unknown
WSXC,Plethodon sp.,NA,NA,unknown
WSXC,Plethodon sp.,NA,NA,unknown
WSXC,Plethodon sp.,NA,NA,male
WS36M,Plethodon sp.,NA,52,male
WS36M,Plethodon sp.,NA,55,male
WS36M,Plethodon sp.,NA,55,female
WS36M,Plethodon sp.,NA,56,male
WS36M,Plethodon sp.,NA,56,female
WS27C,Plethodon sp.,NA,57,female
WS36M,Plethodon sp.,NA,59,female
WS36M,Plethodon sp.,NA,63,male
WS27R,Plethodon sp.,NA,64,female
WS36M,Plethodon sp.,NA,64,female
WS36M,Plethodon sp.,NA,66,female
WSXC,Plethodon sp.,NA,NA,male
WS36M,Plethodon sp.,NA,NA,unknown
WS36M,Plethodon sp.,NA,NA,unknown
WS36M,Plethodon sp.,NA,NA,unknown
WS36M,Plethodon sp.,NA,NA,unknown
WS36M,Plethodon sp.,NA,NA,unknown
WS36M,Plethodon sp.,NA,NA,unknown
WS36M,Plethodon sp.,NA,NA,unknown
WS36M,Plethodon sp.,NA,NA,unknown
WS36M,Plethodon sp.,NA,NA,unknown
WS36M,Plethodon sp.,NA,NA,unknown
WS36M,Plethodon sp.,NA,NA,unknown
WS36M,Plethodon sp.,NA,NA,unknown
WS36M,Plethodon sp.,NA,NA,unknown
WS36M,Plethodon sp.,NA,NA,unknown
WS36M,Plethodon sp.,NA,NA,unknown
WS36M,Plethodon sp.,NA,NA,unknown
WS36M,Plethodon sp.,NA,NA,unknown
WS36M,Plethodon sp.,NA,NA,unknown
WS36M,Plethodon sp.,NA,NA,unknown
WS36M,Plethodon sp.,NA,NA,unknown
WS36M,Plethodon sp.,NA,NA,unknown
WS36M,Plethodon sp.,NA,NA,unknown
WS36M,Plethodon sp.,NA,NA,unknown
WS36M,Plethodon sp.,NA,NA,unknown
WS36M,Plethodon sp.,NA,NA,unknown
WS36M,Plethodon sp.,NA,NA,unknown
WS36M,Plethodon sp.,NA,NA,unknown
WS36M,Plethodon sp.,NA,NA,unknown
WS36M,Plethodon sp.,NA,NA,unknown
WS36M,Plethodon sp.,NA,NA,unknown
WS36M,Plethodon sp.,NA,NA,unknown
WS36M,Plethodon sp.,NA,NA,unknown
WS36M,Plethodon sp.,NA,NA,unknown
WS36M,Plethodon sp.,NA,NA,unknown
WS36M,Plethodon sp.,NA,NA,unknown
WS36M,Plethodon sp.,NA,NA,unknown
WS36M,Plethodon sp.,NA,NA,unknown
WS36M,Plethodon sp.,NA,NA,unknown
WS36M,Plethodon sp.,NA,NA,unknown
WS36M,Plethodon sp.,NA,NA,unknown
WS6R,Plethodon sp.,NA,NA,unknown
WS6R,Plethodon sp.,NA,NA,unknown
WS6R,Plethodon sp.,NA,NA,unknown
WS18C,Plethodon sp.,NA,NA,unknown
WS18R,Plethodon sp.,NA,NA,unknown
WS27C,Plethodon sp.,NA,NA,unknown
WS27C,Plethodon sp.,NA,NA,unknown
WS27C,Plethodon sp.,NA,NA,unknown
WS27C,Plethodon sp.,NA,NA,unknown
WS27C,Plethodon sp.,NA,NA,male
WS27C,Plethodon sp.,NA,NA,unknown
WS27C,Plethodon sp.,NA,NA,unknown
WS27C,Plethodon sp.,NA,NA,unknown
WS27C,Plethodon sp.,NA,NA,unknown
WS27C,Plethodon sp.,NA,NA,unknown
WS27C,Plethodon sp.,NA,NA,male
WS27C,Plethodon sp.,NA,NA,unknown
WS27C,Plethodon sp.,NA,NA,male
WS27C,Plethodon sp.,NA,NA,unknown
WS27C,Plethodon sp.,NA,NA,unknown
WS27C,Plethodon sp.,NA,NA,unknown
WS27C,Plethodon sp.,NA,NA,unknown
WS27C,Plethodon sp.,NA,NA,unknown
WS27C,Plethodon sp.,NA,NA,unknown
WS27C,Plethodon sp.,NA,NA,unknown
WS27C,Plethodon sp.,NA,NA,male
WS27C,Plethodon sp.,NA,NA,male
WS27C,Plethodon sp.,NA,NA,unknown
WS27C,Plethodon sp.,NA,NA,unknown
WS27C,Plethodon sp.,NA,NA,unknown
WS27C,Plethodon sp.,NA,NA,unknown
WS27C,Plethodon sp.,NA,NA,unknown
WS27C,Plethodon sp.,NA,NA,unknown
WS27C,Plethodon sp.,NA,NA,unknown
WS27C,Plethodon sp.,NA,NA,unknown
WS27C,Plethodon sp.,NA,NA,male
WS27C,Plethodon sp.,NA,NA,male
WS27C,Plethodon sp.,NA,NA,unknown
WS27C,Plethodon sp.,NA,NA,unknown
WS27C,Plethodon sp.,NA,NA,male
WS27C,Plethodon sp.,NA,NA,unknown
WS27C,Plethodon sp.,NA,NA,male
WS27C,Plethodon sp.,NA,NA,male
WS27C,Plethodon sp.,NA,NA,unknown
WS27C,Plethodon sp.,NA,NA,unknown
WS27R,Plethodon sp.,NA,NA,unknown
WS27R,Plethodon sp.,NA,NA,unknown
WS27R,Plethodon sp.,NA,NA,unknown
WS27R,Plethodon sp.,NA,NA,unknown
WS27R,Plethodon sp.,NA,NA,male
WS27R,Plethodon sp.,NA,NA,unknown
WS27R,Plethodon sp.,NA,NA,unknown
WS27R,Plethodon sp.,NA,NA,unknown
WS27R,Plethodon sp.,NA,NA,unknown
WS27R,Plethodon sp.,NA,NA,unknown
WS27R,Plethodon sp.,NA,NA,unknown
WS27R,Plethodon sp.,NA,NA,unknown
WSXC,Plethodon sp.,NA,NA,unknown
WSXC,Plethodon sp.,NA,NA,unknown
WS31,Plethodon sp.,NA,NA,unknown
WS31,Plethodon sp.,NA,NA,unknown
WS31,Plethodon sp.,NA,NA,unknown
WS31,Plethodon sp.,NA,68,female
WS31,Plethodon sp.,NA,NA,unknown
WS31,Plethodon sp.,NA,NA,unknown
WS31,Plethodon sp.,NA,NA,unknown
WS31,Plethodon sp.,NA,62,male
WS31,Plethodon sp.,NA,NA,unknown
WS31,Plethodon sp.,NA,NA,unknown
WS31,Plethodon sp.,NA,NA,male
WS31,Plethodon sp.,NA,NA,unknown
WS31,Plethodon sp.,NA,NA,unknown
WS31,Plethodon sp.,NA,NA,unknown
WS31,Plethodon sp.,NA,NA,unknown
WS31,Plethodon sp.,NA,NA,unknown
WS31,Plethodon sp.,NA,NA,unknown
WS31,Plethodon sp.,NA,NA,unknown
WS31,Plethodon sp.,NA,NA,unknown
WS32,Plethodon sp.,NA,63,male
WS32,Plethodon sp.,NA,67,female
WS32,Plethodon sp.,NA,NA,unknown
WS32,Plethodon sp.,NA,NA,unknown
WS32,Plethodon sp.,NA,NA,unknown
WS32,Plethodon sp.,NA,NA,unknown
WS32,Plethodon sp.,NA,NA,unknown
WS32,Plethodon sp.,NA,53,male
WS32,Plethodon sp.,NA,80,male
WS32,Plethodon sp.,NA,NA,unknown
WS32,Plethodon sp.,NA,NA,unknown
WS32,Plethodon sp.,NA,NA,unknown
WS32,Plethodon sp.,NA,NA,unknown
WS32,Plethodon sp.,NA,NA,unknown
WS32,Plethodon sp.,NA,64,female
WS32,Plethodon sp.,NA,NA,unknown
WSXR,Plethodon sp.,NA,NA,unknown
WSXR,Plethodon sp.,NA,NA,unknown
WSXR,Plethodon sp.,NA,NA,unknown
WSXR,Plethodon sp.,NA,NA,unknown
WSXR,Plethodon sp.,NA,NA,unknown
WSXR,Plethodon sp.,NA,NA,unknown
WSXR,Plethodon sp.,NA,NA,unknown
WSXR,Plethodon sp.,NA,NA,unknown
WSXR,Plethodon sp.,NA,NA,unknown
WSXR,Plethodon sp.,NA,NA,unknown
WSXR,Plethodon sp.,NA,NA,unknown
WSXR,Plethodon sp.,NA,NA,unknown
WSXR,Plethodon sp.,NA,NA,unknown
WSXR,Plethodon sp.,NA,NA,unknown
WSXR,Plethodon sp.,NA,NA,unknown
WSXR,Plethodon sp.,NA,NA,male
WSXR,Plethodon sp.,NA,NA,unknown
WSXR,Plethodon sp.,NA,NA,unknown
WSXR,Plethodon sp.,NA,NA,unknown
WSXR,Plethodon sp.,NA,NA,unknown
WS40R,Plethodon sp.,NA,NA,unknown
WS40R,Plethodon sp.,NA,NA,unknown
WS40R,Plethodon sp.,NA,NA,unknown
WSXM,Plethodon sp.,NA,NA,unknown
WSXM,Plethodon sp.,NA,NA,unknown
WSXM,Plethodon sp.,NA,NA,unknown
WSXM,Plethodon sp.,NA,NA,unknown
WSXM,Plethodon sp.,NA,NA,unknown
WSXM,Plethodon sp.,NA,NA,unknown
WS36R,Plethodon sp.,NA,NA,unknown
WS36R,Plethodon sp.,NA,NA,unknown
WS36R,Plethodon sp.,NA,NA,unknown
WS36R,Plethodon sp.,NA,NA,unknown
WS36R,Plethodon sp.,NA,NA,unknown
WS36R,Plethodon sp.,NA,NA,unknown
WS36R,Plethodon sp.,NA,NA,unknown
WS40R,Plethodon sp.,NA,NA,unknown
WS40R,Plethodon sp.,NA,NA,unknown
WS40R,Plethodon sp.,NA,NA,unknown
WS40R,Plethodon sp.,NA,NA,male
WS40R,Plethodon sp.,NA,63,male
WSXM,Plethodon sp.,NA,NA,unknown
WSXM,Plethodon sp.,NA,NA,unknown
WSXM,Plethodon sp.,NA,NA,unknown
WSXM,Plethodon sp.,NA,NA,unknown
WSXM,Plethodon sp.,NA,NA,unknown
WSXM,Plethodon sp.,NA,NA,unknown
WSXC,Plethodon sp.,NA,55,male
WSXC,Plethodon sp.,NA,NA,unknown
WSXC,Plethodon sp.,NA,NA,unknown
WSXC,Plethodon sp.,NA,NA,unknown
WSXC,Plethodon sp.,NA,NA,unknown
WSXC,Plethodon sp.,NA,NA,unknown
WSXC,Plethodon sp.,NA,NA,unknown
WSXC,Plethodon sp.,NA,NA,female
WSXC,Plethodon sp.,NA,NA,unknown
WSXC,Plethodon sp.,NA,NA,unknown
WSXC,Plethodon sp.,NA,67,female
WSXC,Plethodon sp.,NA,NA,unknown
WSXC,Plethodon sp.,NA,NA,unknown
WSXC,Plethodon sp.,NA,NA,unknown
WSXC,Plethodon sp.,NA,NA,unknown
WSXC,Plethodon sp.,NA,NA,unknown
WSXC,Plethodon sp.,NA,NA,male
WSXC,Plethodon sp.,NA,NA,unknown
WSXM,Plethodon sp.,NA,67,female
WSXM,Plethodon sp.,NA,NA,unknown
WSXM,Plethodon sp.,NA,NA,unknown
WSXM,Plethodon sp.,NA,NA,unknown
WS27R,Plethodon sp.,NA,49,male
WS40R,Plethodon sp.,NA,NA,unknown
WS27R,Plethodon sp.,NA,54,male
WS27C,Plethodon sp.,NA,55,male
WS27C,Plethodon sp.,NA,57,female
WS27C,Plethodon sp.,NA,60,male
WS36M,Plethodon sp.,NA,62,female
WS27C,Plethodon sp.,NA,63,female
WS40R,Plethodon sp.,NA,NA,unknown
WS40R,Plethodon sp.,NA,50,male
WS27C,Plethodon sp.,NA,67,female
WS27C,Plethodon sp.,NA,68,female
WS36M,Plethodon sp.,NA,68,female
WS40R,Plethodon sp.,NA,74,female
WS1,Plethodon sp.,NA,71,female
WS40R,Plethodon sp.,NA,NA,unknown
WS36M,Plethodon sp.,NA,NA,unknown
WS36M,Plethodon sp.,NA,NA,unknown
WS36M,Plethodon sp.,NA,NA,unknown
WS36M,Plethodon sp.,NA,NA,unknown
WS36M,Plethodon sp.,NA,NA,unknown
WS36M,Plethodon sp.,NA,NA,unknown
WS36M,Plethodon sp.,NA,NA,unknown
WS36M,Plethodon sp.,NA,NA,unknown
WS36M,Plethodon sp.,NA,NA,unknown
WS36M,Plethodon sp.,NA,NA,unknown
WS36M,Plethodon sp.,NA,NA,unknown
WS36M,Plethodon sp.,NA,NA,unknown
WS36M,Plethodon sp.,NA,NA,unknown
WS36M,Plethodon sp.,NA,NA,unknown
WS36M,Plethodon sp.,NA,NA,unknown
WS36M,Plethodon sp.,NA,NA,unknown
WS36M,Plethodon sp.,NA,NA,unknown
WS1,Plethodon sp.,NA,NA,unknown
WS18C,Plethodon sp.,NA,NA,male
WS18R,Plethodon sp.,NA,NA,unknown
WS27C,Plethodon sp.,NA,NA,unknown
WS27C,Plethodon sp.,NA,NA,unknown
WS27C,Plethodon sp.,NA,NA,unknown
WS27C,Plethodon sp.,NA,NA,unknown
WS27C,Plethodon sp.,NA,NA,unknown
WS27C,Plethodon sp.,NA,NA,male
WS27C,Plethodon sp.,NA,NA,unknown
WS27C,Plethodon sp.,NA,NA,unknown
WS27C,Plethodon sp.,NA,NA,male
WS27C,Plethodon sp.,NA,NA,unknown
WS27C,Plethodon sp.,NA,NA,unknown
WS27C,Plethodon sp.,NA,NA,unknown
WS27C,Plethodon sp.,NA,NA,unknown
WS27C,Plethodon sp.,NA,NA,unknown
WS27C,Plethodon sp.,NA,NA,unknown
WS27C,Plethodon sp.,NA,NA,unknown
WS27C,Plethodon sp.,NA,NA,unknown
WS27C,Plethodon sp.,NA,NA,unknown
WS27C,Plethodon sp.,NA,NA,unknown
WS27C,Plethodon sp.,NA,NA,unknown
WS27C,Plethodon sp.,NA,NA,unknown
WS27C,Plethodon sp.,NA,NA,unknown
WS27C,Plethodon sp.,NA,NA,unknown
WS27C,Plethodon sp.,NA,NA,unknown
WS27R,Plethodon sp.,NA,NA,unknown
WS27R,Plethodon sp.,NA,NA,unknown
WS27R,Plethodon sp.,NA,NA,unknown
WS27R,Plethodon sp.,NA,NA,unknown
WS27R,Plethodon sp.,NA,NA,unknown
WS36M,Plethodon sp.,NA,NA,unknown
WS36M,Plethodon sp.,NA,NA,unknown
WS36M,Plethodon sp.,NA,NA,unknown
WS36M,Plethodon sp.,NA,NA,unknown
WS36M,Plethodon sp.,NA,NA,unknown
WS36M,Plethodon sp.,NA,NA,unknown
WS40R,Plethodon sp.,NA,NA,unknown
WS40R,Plethodon sp.,NA,NA,unknown
WS40R,Plethodon sp.,NA,NA,unknown
WS36M,Plethodon sp.,NA,NA,unknown
WS36M,Plethodon sp.,NA,NA,unknown
WS36M,Plethodon sp.,NA,NA,unknown
WS36M,Plethodon sp.,NA,NA,unknown
WS40C,Plethodon sp.,NA,NA,male
WS40C,Plethodon sp.,NA,NA,unknown
WS40M,Plethodon sp.,NA,NA,unknown
WS40M,Plethodon sp.,NA,NA,unknown
2750,Plethodon sp.,NA,34,unknown
2750,Plethodon sp.,NA,37,unknown
2750,Plethodon sp.,NA,35,unknown
2750,Plethodon sp.,NA,36,unknown
2850,Plethodon sp.,NA,55,unknown
2850,Plethodon sp.,NA,34,unknown
2850,Plethodon sp.,NA,30,unknown
2850,Plethodon sp.,NA,34,unknown
2850,Plethodon sp.,NA,54,unknown
2850,Plethodon sp.,NA,36,unknown
2850,Plethodon sp.,NA,29,unknown
2850,Plethodon sp.,NA,33,unknown
2950,Plethodon sp.,NA,47,unknown
2950,Plethodon sp.,NA,28,unknown
2950,Plethodon sp.,NA,28,unknown
2950,Plethodon sp.,NA,45,unknown
2950,Plethodon sp.,NA,27,unknown
2950,Plethodon sp.,NA,31,unknown
2950,Plethodon sp.,NA,30,unknown
2950,Plethodon sp.,NA,40,unknown
2750,Plethodon sp.,NA,58,female
2750,Plethodon sp.,NA,69,male
2750,Plethodon sp.,NA,58,male
2850,Plethodon sp.,NA,68,male
2950,Plethodon sp.,NA,60,male
WS40M,Plethodon sp.,NA,NA,unknown
WS10M,Plethodon sp.,NA,65,female
WS40C,Plethodon sp.,NA,78,female
WS7R,Plethodon sp.,NA,NA,unknown
WS7R,Plethodon sp.,NA,NA,unknown
WS10M,Plethodon sp.,NA,NA,unknown
WS10M,Plethodon sp.,NA,NA,unknown
WS40M,Plethodon sp.,NA,56,male
WS40M,Plethodon sp.,NA,NA,unknown
WS40M,Plethodon sp.,NA,NA,unknown
WS40M,Plethodon sp.,NA,NA,unknown
WS40M,Plethodon sp.,NA,NA,unknown
WS40M,Plethodon sp.,NA,NA,unknown
2750,Plethodon sp.,NA,38,unknown
2850,Plethodon sp.,NA,30,unknown
2850,Plethodon sp.,NA,32,unknown
2850,Plethodon sp.,NA,37,unknown
2850,Plethodon sp.,NA,29,unknown
2850,Plethodon sp.,NA,47,unknown
2850,Plethodon sp.,NA,32,unknown
2850,Plethodon sp.,NA,30,unknown
2850,Plethodon sp.,NA,36,unknown
2950,Plethodon sp.,NA,54,unknown
2950,Plethodon sp.,NA,22,unknown
2950,Plethodon sp.,NA,54,unknown
2950,Plethodon sp.,NA,45,unknown
2950,Plethodon sp.,NA,30,unknown
2950,Plethodon sp.,NA,21,unknown
2950,Plethodon sp.,NA,29,unknown
2950,Plethodon sp.,NA,51,unknown
2850,Plethodon sp.,NA,77,female
2850,Plethodon sp.,NA,65,female
2850,Plethodon sp.,NA,55,male
2950,Plethodon sp.,NA,65,female
WS40M,Plethodon sp.,NA,NA,unknown
WS40M,Plethodon sp.,NA,NA,unknown
WS40M,Plethodon sp.,NA,NA,unknown
WS40M,Plethodon sp.,NA,NA,unknown
WS10M,Plethodon sp.,NA,75,female
WS7R,Plethodon sp.,NA,83,female
WS7R,Plethodon sp.,NA,NA,male
WS10M,Plethodon sp.,NA,NA,unknown
WS10M,Plethodon sp.,NA,NA,unknown
WS10M,Plethodon sp.,NA,NA,unknown
WS10M,Plethodon sp.,NA,NA,unknown
WS10M,Plethodon sp.,NA,NA,male
WS10M,Plethodon sp.,NA,NA,unknown
WS10R,Plethodon sp.,NA,NA,male
WS10R,Plethodon sp.,NA,NA,unknown
WS10R,Plethodon sp.,NA,NA,unknown
WS10R,Plethodon sp.,NA,NA,unknown
WS36M,Plethodon sp.,NA,NA,unknown
WS40C,Plethodon sp.,NA,NA,unknown
WS40C,Plethodon sp.,NA,NA,unknown
WS40M,Plethodon sp.,NA,66,female
WS40M,Plethodon sp.,NA,NA,unknown
WS40M,Plethodon sp.,NA,NA,unknown
WS40M,Plethodon sp.,NA,NA,unknown
WS40M,Plethodon sp.,NA,NA,unknown
WS40M,Plethodon sp.,NA,NA,unknown
WS40M,Plethodon sp.,NA,NA,unknown
WS40M,Plethodon sp.,NA,61,female
WS40M,Plethodon sp.,NA,NA,unknown
WS40M,Plethodon sp.,NA,NA,unknown
WS40M,Plethodon sp.,NA,NA,unknown
WS40M,Plethodon sp.,NA,NA,unknown
WS40M,Plethodon sp.,NA,NA,unknown
2750,Plethodon sp.,NA,52,unknown
2750,Plethodon sp.,NA,39,unknown
2750,Plethodon sp.,NA,39,unknown
2750,Plethodon sp.,NA,30,unknown
2750,Plethodon sp.,NA,37,unknown
2750,Plethodon sp.,NA,56,unknown
2750,Plethodon sp.,NA,40,unknown
2750,Plethodon sp.,NA,35,unknown
2850,Plethodon sp.,NA,32,unknown
2850,Plethodon sp.,NA,37,unknown
2850,Plethodon sp.,NA,57,unknown
2850,Plethodon sp.,NA,39,unknown
2850,Plethodon sp.,NA,47,unknown
2850,Plethodon sp.,NA,32,unknown
2850,Plethodon sp.,NA,52,unknown
2850,Plethodon sp.,NA,34,unknown
2850,Plethodon sp.,NA,34,unknown
2850,Plethodon sp.,NA,32,unknown
2850,Plethodon sp.,NA,33,unknown
2850,Plethodon sp.,NA,32,unknown
2850,Plethodon sp.,NA,31,unknown
2850,Plethodon sp.,NA,36,unknown
2850,Plethodon sp.,NA,32,unknown
2850,Plethodon sp.,NA,34,unknown
2850,Plethodon sp.,NA,34,unknown
2850,Plethodon sp.,NA,54,unknown
2850,Plethodon sp.,NA,37,unknown
2850,Plethodon sp.,NA,53,unknown
2950,Plethodon sp.,NA,31,unknown
2950,Plethodon sp.,NA,29,unknown
2950,Plethodon sp.,NA,47,unknown
2950,Plethodon sp.,NA,43,unknown
2950,Plethodon sp.,NA,29,unknown
2950,Plethodon sp.,NA,27,unknown
2950,Plethodon sp.,NA,33,unknown
2950,Plethodon sp.,NA,38,unknown
2950,Plethodon sp.,NA,43,unknown
2950,Plethodon sp.,NA,31,unknown
2950,Plethodon sp.,NA,29,unknown
2950,Plethodon sp.,NA,49,unknown
2950,Plethodon sp.,NA,35,unknown
2750,Plethodon sp.,NA,60,unknown
2750,Plethodon sp.,NA,64,male
2750,Plethodon sp.,NA,72,male
2750,Plethodon sp.,NA,68,male
2850,Plethodon sp.,NA,61,female
2850,Plethodon sp.,NA,77,female
2850,Plethodon sp.,NA,64,female
2950,Plethodon sp.,NA,66,male
2950,Plethodon sp.,NA,69,female
2950,Plethodon sp.,NA,58,unknown
2950,Plethodon sp.,NA,63,female
WS40C,Plethodon sp.,NA,NA,male
WS36M,Plethodon sp.,NA,NA,unknown
WS36M,Plethodon sp.,NA,NA,unknown
2750,Plethodon sp.,NA,58,unknown
WS10C,Plethodon sp.,NA,57,female
WS7C,Plethodon sp.,NA,NA,unknown
WS7C,Plethodon sp.,NA,NA,unknown
WS7C,Plethodon sp.,NA,NA,unknown
WS7C,Plethodon sp.,NA,NA,unknown
WS7C,Plethodon sp.,NA,NA,unknown
WS10C,Plethodon sp.,NA,NA,unknown
WS36M,Plethodon sp.,NA,NA,unknown
WS7C,Plethodon sp.,NA,NA,unknown
WS7C,Plethodon sp.,NA,NA,unknown
WS7C,Plethodon sp.,NA,NA,unknown
WS7C,Plethodon sp.,NA,NA,unknown
WS7C,Plethodon sp.,NA,NA,unknown
WS10C,Plethodon sp.,NA,NA,male
WS10C,Plethodon sp.,NA,NA,unknown
WS10C,Plethodon sp.,NA,70,female
WS10C,Plethodon sp.,NA,73,female
WS10C,Plethodon sp.,NA,78,male
WS7C,Plethodon sp.,NA,83,female
WS7C,Plethodon sp.,NA,NA,unknown
WS7C,Plethodon sp.,NA,NA,unknown
WS7C,Plethodon sp.,NA,NA,unknown
WS7C,Plethodon sp.,NA,NA,male
WS10C,Plethodon sp.,NA,NA,unknown
WS10C,Plethodon sp.,NA,NA,unknown
WS10C,Plethodon sp.,NA,NA,unknown
WS10C,Plethodon sp.,NA,NA,male
WS10C,Plethodon sp.,NA,NA,unknown
WS10C,Plethodon sp.,NA,NA,unknown
WS31,Plethodon sp.,NA,NA,unknown
WS31,Plethodon sp.,NA,NA,unknown
WS32,Plethodon sp.,NA,NA,female
WS32,Plethodon sp.,NA,NA,unknown
WS32,Plethodon sp.,NA,NA,unknown
WS32,Plethodon sp.,NA,NA,unknown
WS32,Plethodon sp.,NA,NA,unknown
WS31,Plethodon sp.,NA,NA,unknown
WS31,Plethodon sp.,NA,NA,unknown
WS31,Plethodon sp.,NA,NA,unknown
WS31,Plethodon sp.,NA,NA,unknown
WS31,Plethodon sp.,NA,NA,unknown
WS31,Plethodon sp.,NA,NA,unknown
WS32,Plethodon sp.,NA,60,female
WS32,Plethodon sp.,NA,NA,unknown
WS32,Plethodon sp.,NA,NA,unknown
WS32,Plethodon sp.,NA,NA,unknown
WS32,Plethodon sp.,NA,NA,unknown
WS32,Plethodon sp.,NA,NA,unknown
WS32,Plethodon sp.,NA,NA,male
WS32,Plethodon sp.,NA,NA,unknown
WS32,Plethodon sp.,NA,NA,unknown
WS32,Plethodon sp.,NA,NA,unknown
WS32,Plethodon sp.,NA,NA,male
2750,Plethodon sp.,NA,27,unknown
2750,Plethodon sp.,NA,60,unknown
2750,Plethodon sp.,NA,27,unknown
2750,Plethodon sp.,NA,27,unknown
2750,Plethodon sp.,NA,29,unknown
2850,Plethodon sp.,NA,62,unknown
2850,Plethodon sp.,NA,40,unknown
2850,Plethodon sp.,NA,27,unknown
2850,Plethodon sp.,NA,23,unknown
2850,Plethodon sp.,NA,20,unknown
2850,Plethodon sp.,NA,29,unknown
2850,Plethodon sp.,NA,25,unknown
2850,Plethodon sp.,NA,38,unknown
2850,Plethodon sp.,NA,43,unknown
2850,Plethodon sp.,NA,64,unknown
2850,Plethodon sp.,NA,60,unknown
2850,Plethodon sp.,NA,21,unknown
2850,Plethodon sp.,NA,20,unknown
2850,Plethodon sp.,NA,21,unknown
2850,Plethodon sp.,NA,23,unknown
2850,Plethodon sp.,NA,26,unknown
2850,Plethodon sp.,NA,65,unknown
2850,Plethodon sp.,NA,45,unknown
2950,Plethodon sp.,NA,46,unknown
2950,Plethodon sp.,NA,22,unknown
2950,Plethodon sp.,NA,26,unknown
2950,Plethodon sp.,NA,39,unknown
2950,Plethodon sp.,NA,35,unknown
2950,Plethodon sp.,NA,73,female
2950,Plethodon sp.,NA,70,unknown
2950,Plethodon sp.,NA,66,unknown
2950,Plethodon sp.,NA,47,unknown
2950,Plethodon sp.,NA,22,unknown
2950,Plethodon sp.,NA,26,unknown
2950,Plethodon sp.,NA,26,unknown
2950,Plethodon sp.,NA,23,unknown
2950,Plethodon sp.,NA,22,unknown
2950,Plethodon sp.,NA,29,unknown
2950,Plethodon sp.,NA,21,unknown
2950,Plethodon sp.,NA,54,unknown
2950,Plethodon sp.,NA,33,unknown
2950,Plethodon sp.,NA,22,unknown
2750,Plethodon sp.,NA,61,male
2850,Plethodon sp.,NA,63,male
2850,Plethodon sp.,NA,70,male
2850,Plethodon sp.,NA,64,male
2950,Plethodon sp.,NA,55,male
2750,Plethodon sp.,NA,22,Unknown
2750,Plethodon sp.,NA,29,Unknown
2750,Plethodon sp.,NA,26,Unknown
2850,Plethodon sp.,NA,47,unknown
2850,Plethodon sp.,NA,45,unknown
2850,Plethodon sp.,NA,51,unknown
2850,Plethodon sp.,NA,62,unknown
2850,Plethodon sp.,NA,54,unknown
2850,Plethodon sp.,NA,51,unknown
2850,Plethodon sp.,NA,51,unknown
2850,Plethodon sp.,NA,26,unknown
2850,Plethodon sp.,NA,56,unknown
2850,Plethodon sp.,NA,43,unknown
2850,Plethodon sp.,NA,66,unknown
2850,Plethodon sp.,NA,38,unknown
2850,Plethodon sp.,NA,25,unknown
2850,Plethodon sp.,NA,47,unknown
2850,Plethodon sp.,NA,27,unknown
2950,Plethodon sp.,NA,35,unknown
2950,Plethodon sp.,NA,43,unknown
2950,Plethodon sp.,NA,50,unknown
2950,Plethodon sp.,NA,56,unknown
2950,Plethodon sp.,NA,40,unknown
2950,Plethodon sp.,NA,34,unknown
2950,Plethodon sp.,NA,24,unknown
2950,Plethodon sp.,NA,37,unknown
2950,Plethodon sp.,NA,55,unknown
2950,Plethodon sp.,NA,43,unknown
2950,Plethodon sp.,NA,40,unknown
2950,Plethodon sp.,NA,44,unknown
2950,Plethodon sp.,NA,25,unknown
2850,Plethodon sp.,NA,60,Male
2950,Plethodon sp.,NA,71,male
2950,Plethodon sp.,NA,64,male
2750,Plethodon sp.,NA,25,Unknown
2850,Plethodon sp.,NA,27,Unknown
2850,Plethodon sp.,NA,25,Unknown
2850,Plethodon sp.,NA,29,Unknown
2850,Plethodon sp.,NA,44,Unknown
2850,Plethodon sp.,NA,69,Unknown
2850,Plethodon sp.,NA,57,Unknown
2850,Plethodon sp.,NA,28,Unknown
2850,Plethodon sp.,NA,24,Unknown
2850,Plethodon sp.,NA,23,Unknown
2950,Plethodon sp.,NA,37,Unknown
2950,Plethodon sp.,NA,62,Unknown
2950,Plethodon sp.,NA,21,Unknown
2950,Plethodon sp.,NA,48,Unknown
2950,Plethodon sp.,NA,35,Unknown
2950,Plethodon sp.,NA,56,Unknown
2950,Plethodon sp.,NA,37,Unknown
2950,Plethodon sp.,NA,25,Unknown
2950,Plethodon sp.,NA,26,Unknown
2950,Plethodon sp.,NA,35,Unknown
2950,Plethodon sp.,NA,22,Unknown
2950,Plethodon sp.,NA,25,Unknown
2950,Plethodon sp.,NA,28,Unknown
2950,Plethodon sp.,NA,53,Unknown
2750,Plethodon sp.,NA,70,Male
2750,Plethodon sp.,NA,66,Female
2750,Plethodon sp.,NA,28,Unknown
2850,Plethodon sp.,NA,72,Female
2850,Plethodon sp.,NA,71,Male
2850,Plethodon sp.,NA,57,Male
2950,Plethodon sp.,NA,73,Male
2950,Plethodon sp.,NA,63,Female
2950,Plethodon sp.,NA,65,Male
WS32,Plethodon sp.,NA,NA,unknown
WS32,Plethodon sp.,NA,NA,unknown
WS32,Plethodon sp.,NA,NA,unknown
WS32,Plethodon sp.,NA,NA,unknown
WS32,Plethodon sp.,NA,NA,unknown
WS32,Plethodon sp.,NA,NA,unknown
WS32,Plethodon sp.,NA,NA,unknown
WS32,Plethodon sp.,NA,NA,unknown
WS32,Plethodon sp.,NA,NA,unknown
WS32,Plethodon sp.,NA,NA,male
WS31,Plethodon sp.,NA,NA,unknown
WS31,Plethodon sp.,NA,NA,unknown
WS31,Plethodon sp.,NA,65,female
WS31,Plethodon sp.,NA,NA,unknown
WS31,Plethodon sp.,NA,NA,unknown
WS31,Plethodon sp.,NA,NA,male
WS31,Plethodon sp.,NA,NA,unknown
WS31,Plethodon sp.,NA,NA,unknown
WS31,Plethodon sp.,NA,NA,unknown
WS31,Plethodon sp.,NA,NA,unknown
WS31,Plethodon sp.,NA,NA,unknown
WS31,Plethodon sp.,NA,61,female
WS31,Plethodon sp.,NA,68,female
WS31,Plethodon sp.,NA,NA,unknown
WS31,Plethodon sp.,NA,NA,unknown
WS31,Plethodon sp.,NA,NA,unknown
WS31,Plethodon sp.,NA,63,female
WS31,Plethodon sp.,NA,NA,unknown
WS31,Plethodon sp.,NA,NA,unknown
WS31,Plethodon sp.,NA,68,female
WS31,Plethodon sp.,NA,70,female
WS31,Plethodon sp.,NA,NA,unknown
WS31,Plethodon sp.,NA,NA,unknown
WS31,Plethodon sp.,NA,NA,unknown
WS31,Plethodon sp.,NA,NA,unknown
WS31,Plethodon sp.,NA,NA,male
WS31,Plethodon sp.,NA,NA,unknown
WS32,Plethodon sp.,NA,NA,unknown
WS32,Plethodon sp.,NA,NA,unknown
WS32,Plethodon sp.,NA,NA,unknown
WS32,Plethodon sp.,NA,NA,unknown
WS32,Plethodon sp.,NA,NA,unknown
WS32,Plethodon sp.,NA,NA,unknown
WS32,Plethodon sp.,NA,NA,male
WS32,Plethodon sp.,NA,NA,unknown
WS32,Plethodon sp.,NA,NA,unknown
WS32,Plethodon sp.,NA,NA,unknown
WS32,Plethodon sp.,NA,NA,unknown
WS32,Plethodon sp.,NA,65,female
WS32,Plethodon sp.,NA,NA,unknown
WS32,Plethodon sp.,NA,NA,unknown
WS32,Plethodon sp.,NA,NA,male
WS31,Plethodon sp.,NA,NA,unknown
WS31,Plethodon sp.,NA,NA,male
WS31,Plethodon sp.,NA,NA,unknown
WS31,Plethodon sp.,NA,NA,unknown
WS31,Plethodon sp.,NA,NA,unknown
WS31,Plethodon sp.,NA,NA,unknown
WS31,Plethodon sp.,NA,NA,unknown
WS31,Plethodon sp.,NA,NA,male
WS31,Plethodon sp.,NA,NA,unknown
WS31,Plethodon sp.,NA,NA,unknown
WS31,Plethodon sp.,NA,NA,unknown
WS31,Plethodon sp.,NA,NA,male
WS31,Plethodon sp.,NA,67,female
WS31,Plethodon sp.,NA,NA,unknown
WS32,Plethodon sp.,NA,NA,male
WS32,Plethodon sp.,NA,NA,unknown
WS32,Plethodon sp.,NA,NA,unknown
WS32,Plethodon sp.,NA,NA,unknown
WS32,Plethodon sp.,NA,NA,unknown
WS32,Plethodon sp.,NA,NA,unknown
WS32,Plethodon sp.,NA,NA,unknown
WS32,Plethodon sp.,NA,NA,unknown
WS32,Plethodon sp.,NA,69,female
WS32,Plethodon sp.,NA,NA,unknown
WS32,Plethodon sp.,NA,NA,unknown
WS31,Plethodon sp.,NA,NA,male
WS31,Plethodon sp.,NA,NA,unknown
WS31,Plethodon sp.,NA,54,unknown
WS31,Plethodon sp.,NA,NA,male
WS32,Plethodon sp.,NA,NA,unknown
WS32,Plethodon sp.,NA,54,unknown
WS32,Plethodon sp.,NA,NA,male
WS32,Plethodon sp.,NA,NA,unknown
WS31,Plethodon sp.,NA,NA,unknown
WS31,Plethodon sp.,NA,NA,unknown
WS31,Plethodon sp.,NA,NA,unknown
WS31,Plethodon sp.,NA,NA,unknown
WS31,Plethodon sp.,NA,NA,unknown
WS31,Plethodon sp.,NA,NA,male
WS31,Plethodon sp.,NA,NA,unknown
WS31,Plethodon sp.,NA,NA,unknown
WS31,Plethodon sp.,NA,NA,unknown
WS31,Plethodon sp.,NA,NA,unknown
WS31,Plethodon sp.,NA,NA,unknown
WS31,Plethodon sp.,NA,NA,unknown
WS31,Plethodon sp.,NA,NA,unknown
WS31,Plethodon sp.,NA,NA,unknown
WS31,Plethodon sp.,NA,NA,male
WS31,Plethodon sp.,NA,NA,unknown
WS31,Plethodon sp.,NA,NA,unknown
WS32,Plethodon sp.,NA,NA,male
WS32,Plethodon sp.,NA,NA,unknown
WS32,Plethodon sp.,NA,NA,unknown
WS32,Plethodon sp.,NA,NA,male
WS32,Plethodon sp.,NA,NA,unknown
WS32,Plethodon sp.,NA,NA,unknown
WS32,Plethodon sp.,NA,NA,unknown
WS32,Plethodon sp.,NA,NA,unknown
WS32,Plethodon sp.,NA,69,female
WS32,Plethodon sp.,NA,NA,unknown
WS32,Plethodon sp.,NA,NA,unknown
WS31,Plethodon sp.,NA,NA,unknown
WS31,Plethodon sp.,NA,NA,male
WS31,Plethodon sp.,NA,NA,unknown
WS31,Plethodon sp.,NA,NA,male
WS31,Plethodon sp.,NA,NA,male
WS31,Plethodon sp.,NA,NA,unknown
WS31,Plethodon sp.,NA,NA,male
WS31,Plethodon sp.,NA,NA,unknown
WS31,Plethodon sp.,NA,NA,male
WS31,Plethodon sp.,NA,69,female
WS31,Plethodon sp.,NA,NA,unknown
WS31,Plethodon sp.,NA,NA,unknown
WS31,Plethodon sp.,NA,NA,unknown
WS31,Plethodon sp.,NA,NA,male
WS31,Plethodon sp.,NA,NA,unknown
WS31,Plethodon sp.,NA,NA,male
WS31,Plethodon sp.,NA,NA,unknown
WS31,Plethodon sp.,NA,NA,male
WS31,Plethodon sp.,NA,NA,unknown
WS31,Plethodon sp.,NA,NA,unknown
WS31,Plethodon sp.,NA,NA,unknown
WS31,Plethodon sp.,NA,NA,male
WS32,Plethodon sp.,NA,NA,unknown
WS32,Plethodon sp.,NA,NA,unknown
WS32,Plethodon sp.,NA,NA,unknown
WS32,Plethodon sp.,NA,NA,male
WS32,Plethodon sp.,NA,NA,unknown
WS32,Plethodon sp.,NA,NA,male
WS32,Plethodon sp.,NA,NA,unknown
WS32,Plethodon sp.,NA,NA,unknown
WS32,Plethodon sp.,NA,NA,unknown
WS32,Plethodon sp.,NA,NA,unknown
WS32,Plethodon sp.,NA,NA,male
WS32,Plethodon sp.,NA,NA,male
WS32,Plethodon sp.,NA,NA,male
WS32,Plethodon sp.,NA,NA,unknown
WS32,Plethodon sp.,NA,NA,unknown
WS32,Plethodon sp.,NA,NA,unknown
WS32,Plethodon sp.,NA,NA,unknown
2750,Plethodon sp.,NA,71,Female
2750,Plethodon sp.,NA,34,unknown
2750,Plethodon sp.,NA,38,unknown
2750,Plethodon sp.,NA,37,unknown
2750,Plethodon sp.,NA,56,male
2750,Plethodon sp.,NA,55,unknown
2750,Plethodon sp.,NA,51,male
2750,Plethodon sp.,NA,58,Male
2750,Plethodon sp.,NA,47,Male
2750,Plethodon sp.,NA,60,unknown
2750,Plethodon sp.,NA,68,Female
2750,Plethodon sp.,NA,36,unknown
2750,Plethodon sp.,NA,67,Male
2750,Plethodon sp.,NA,74,Male
2750,Plethodon sp.,NA,40,Unknown
2750,Plethodon sp.,NA,37,unknown
2750,Plethodon sp.,NA,32,Unknown
2750,Plethodon sp.,NA,38,Unknown
2750,Plethodon sp.,NA,57,Unknown
2750,Plethodon sp.,NA,54,Male
2750,Plethodon sp.,NA,30,unknown
2850,Plethodon sp.,NA,69,Male
2850,Plethodon sp.,NA,57,Female
2850,Plethodon sp.,NA,56,Female
2850,Plethodon sp.,NA,35,Unknown
2850,Plethodon sp.,NA,26,Unknown
2850,Plethodon sp.,NA,71,Female
2850,Plethodon sp.,NA,53,Male
2850,Plethodon sp.,NA,53,Unknown
2850,Plethodon sp.,NA,66,Male
2850,Plethodon sp.,NA,53,Unknown
2850,Plethodon sp.,NA,31,Unknown
2850,Plethodon sp.,NA,32,Unknown
2850,Plethodon sp.,NA,52,Male
2850,Plethodon sp.,NA,65,Female
2850,Plethodon sp.,NA,42,Unknown
2850,Plethodon sp.,NA,42,Unknown
2850,Plethodon sp.,NA,43,unknown
2850,Plethodon sp.,NA,71,Male
2850,Plethodon sp.,NA,63,Female
2850,Plethodon sp.,NA,63,male
2850,Plethodon sp.,NA,61,male
2850,Plethodon sp.,NA,61,male
2850,Plethodon sp.,NA,59,Female
2850,Plethodon sp.,NA,52,Unknown
2850,Plethodon sp.,NA,64,male
2850,Plethodon sp.,NA,32,Unknown
2850,Plethodon sp.,NA,65,Female
2850,Plethodon sp.,NA,54,Unknown
2850,Plethodon sp.,NA,69,male
2850,Plethodon sp.,NA,60,Unknown
2850,Plethodon sp.,NA,26,unknown
2850,Plethodon sp.,NA,44,Unknown
2950,Plethodon sp.,NA,42,unknown
2950,Plethodon sp.,NA,38,unknown
2950,Plethodon sp.,NA,63,Female
2950,Plethodon sp.,NA,46,unknown
2950,Plethodon sp.,NA,30,unknown
2950,Plethodon sp.,NA,71,Female
2950,Plethodon sp.,NA,34,unknown
2950,Plethodon sp.,NA,64,Male
2950,Plethodon sp.,NA,69,Male
2950,Plethodon sp.,NA,56,Female
2950,Plethodon sp.,NA,77,Female
2950,Plethodon sp.,NA,64,Female
2950,Plethodon sp.,NA,63,Female
2950,Plethodon sp.,NA,57,Male
2950,Plethodon sp.,NA,69,Male
2950,Plethodon sp.,NA,64,male
2950,Plethodon sp.,NA,54,Male
2950,Plethodon sp.,NA,22,Unknown
2950,Plethodon sp.,NA,65,Female
2950,Plethodon sp.,NA,42,Unknown
2950,Plethodon sp.,NA,25,Unknown
2950,Plethodon sp.,NA,50,Unknown
2950,Plethodon sp.,NA,66,Unknown
2950,Plethodon sp.,NA,62,Male
2950,Plethodon sp.,NA,32,Unknown
2950,Plethodon sp.,NA,26,Unknown
2950,Plethodon sp.,NA,21,Unknown
2950,Plethodon sp.,NA,43,Unknown
2950,Plethodon sp.,NA,22,Unknown
2950,Plethodon sp.,NA,47,Male
2950,Plethodon sp.,NA,59,Female
2950,Plethodon sp.,NA,68,Female
2950,Plethodon sp.,NA,42,Unknown
2950,Plethodon sp.,NA,53,Unknown
2950,Plethodon sp.,NA,29,Unknown
2950,Plethodon sp.,NA,25,Unknown
2750,Plethodon sp.,NA,41,Unknown
2750,Plethodon sp.,NA,39,Unknown
2750,Plethodon sp.,NA,74,male
2750,Plethodon sp.,NA,77,Female
2750,Plethodon sp.,NA,74,male
2750,Plethodon sp.,NA,63,Unknown
2750,Plethodon sp.,NA,72,male
2750,Plethodon sp.,NA,75,male
2750,Plethodon sp.,NA,66,male
2850,Plethodon sp.,NA,66,Female
2850,Plethodon sp.,NA,46,unknown
2850,Plethodon sp.,NA,67,unknown
2850,Plethodon sp.,NA,66,Female
2850,Plethodon sp.,NA,34,unknown
2850,Plethodon sp.,NA,60,male
2850,Plethodon sp.,NA,34,unknown
2850,Plethodon sp.,NA,76,Male
2850,Plethodon sp.,NA,47,unknown
2850,Plethodon sp.,NA,58,Male
2850,Plethodon sp.,NA,36,unknown
2850,Plethodon sp.,NA,54,unknown
2950,Plethodon sp.,NA,66,Female
2950,Plethodon sp.,NA,64,Female
2950,Plethodon sp.,NA,64,Male
2950,Plethodon sp.,NA,48,Unknown
2950,Plethodon sp.,NA,54,Unknown
2950,Plethodon sp.,NA,66,Female
2950,Plethodon sp.,NA,66,Male
2950,Plethodon sp.,NA,56,Male
2950,Plethodon sp.,NA,59,Male
2950,Plethodon sp.,NA,69,Male
2950,Plethodon sp.,NA,42,Unknown
2950,Plethodon sp.,NA,46,Unknown
2950,Plethodon sp.,NA,52,Unknown
2950,Plethodon sp.,NA,37,Unknown
WS31,Plethodon sp.,NA,NA,unknown
WS31,Plethodon sp.,NA,NA,male
WS31,Plethodon sp.,NA,NA,unknown
WS31,Plethodon sp.,NA,41,unknown
WS31,Plethodon sp.,NA,41,unknown
WS31,Plethodon hybrid,NA,50,unknown
WS31,Plethodon sp.,NA,41,female
WS31,Plethodon sp.,NA,43,female
WS31,Plethodon sp.,NA,64,female
WS31,Plethodon sp.,NA,39,unknown
WS31,Plethodon hybrid,NA,46,unknown
WS31,Plethodon hybrid,NA,45,unknown
WS31,Plethodon sp.,NA,21,unknown
WS32,Plethodon sp.,NA,44,unknown
WS32,Plethodon sp.,NA,45,unknown
WS32,Plethodon sp.,NA,41,unknown
WS32,Plethodon sp.,NA,57,female
WS32,Plethodon sp.,NA,45,unknown
WS32,Plethodon sp.,NA,39,unknown
Curtis Creek,Plethodon shermani,NA,NA,unknown
Curtis Creek,Plethodon shermani,NA,45,unknown
Curtis Creek,Plethodon shermani,NA,38,unknown
Curtis Creek,Plethodon shermani,NA,52,female
Curtis Creek,Plethodon shermani,NA,36,unknown
Curtis Creek,Plethodon shermani,NA,42,unknown
Curtis Creek,Plethodon shermani,NA,46,unknown
Curtis Creek,Plethodon shermani,NA,50,unknown
Curtis Creek,Plethodon shermani,NA,50,unknown
Curtis Creek,Plethodon shermani,NA,46,unknown
Curtis Creek,Plethodon shermani,NA,40,unknown
Curtis Creek,Plethodon shermani,NA,44,unknown
Curtis Creek,Plethodon hybrid,NA,61,female
Curtis Creek,Plethodon hybrid,NA,36,unknown
Curtis Creek,Plethodon hybrid,NA,45,unknown
Curtis Creek,Plethodon hybrid,NA,57,female
Curtis Creek,Plethodon hybrid,NA,19,unknown
Curtis Creek,Plethodon shermani,NA,36,unknown
Curtis Creek,Plethodon shermani,NA,41,unknown
Curtis Creek,Plethodon shermani,NA,42,unknown
Curtis Creek,Plethodon shermani,NA,50,unknown
Curtis Creek,Plethodon shermani,NA,32,unknown
Curtis Creek,Plethodon shermani,NA,40,unknown
Curtis Creek,Plethodon hybrid,NA,52,unknown
Curtis Creek,Plethodon hybrid,NA,37,unknown
Curtis Creek,Plethodon hybrid,NA,31,unknown
Curtis Creek,Plethodon hybrid,NA,30,unknown
Curtis Creek,Plethodon hybrid,NA,36,unknown
Curtis Creek,Plethodon hybrid,NA,53,unknown
Curtis Creek,Plethodon hybrid,NA,49,unknown
Curtis Creek,Plethodon shermani,NA,40,unknown
Curtis Creek,Plethodon shermani,NA,NA,unknown
Curtis Creek,Plethodon shermani,NA,NA,unknown
Curtis Creek,Plethodon shermani,NA,33,unknown
Curtis Creek,Plethodon shermani,NA,32,unknown
Curtis Creek,Plethodon shermani,NA,33,unknown
Curtis Creek,Plethodon shermani,NA,42,unknown
Curtis Creek,Plethodon hybrid,NA,40,unknown
Curtis Creek,Plethodon hybrid,NA,47,unknown
Curtis Creek,Plethodon hybrid,NA,NA,unknown
Curtis Creek,Plethodon hybrid,NA,48,unknown
Curtis Creek,Plethodon shermani,NA,66,unknown
Curtis Creek,Plethodon shermani,NA,50,unknown
Curtis Creek,Plethodon shermani,NA,NA,unknown
Curtis Creek,Plethodon shermani,NA,NA,unknown
Curtis Creek,Plethodon shermani,NA,NA,unknown
Curtis Creek,Plethodon shermani,NA,53,unknown
Curtis Creek,Plethodon shermani,NA,57,female
Curtis Creek,Plethodon shermani,NA,52,unknown
Curtis Creek,Plethodon shermani,NA,40,unknown
Curtis Creek,Plethodon hybrid,NA,69,male
Curtis Creek,Plethodon hybrid,NA,44,unknown
Curtis Creek,Plethodon hybrid,NA,39,unknown
Curtis Creek,Plethodon hybrid,NA,39,unknown
Curtis Creek,Plethodon hybrid,NA,NA,unknown
Curtis Creek,Plethodon hybrid,NA,39,unknown
Curtis Creek,Plethodon hybrid,NA,63,female
Curtis Creek,Plethodon hybrid,NA,31,unknown
WS32,Plethodon hybrid,NA,54,unknown
WS32,Plethodon sp.,NA,52,unknown
WS32,Plethodon hybrid,NA,65,female
WS32,Plethodon hybrid,NA,62,female
WS32,Plethodon hybrid,NA,48,unknown
WS32,Plethodon hybrid,NA,43,unknown
WS32,Plethodon hybrid,NA,65,female
WS32,Plethodon hybrid,NA,56,unknown
WS32,Plethodon hybrid,NA,43,unknown
WS32,Plethodon hybrid,NA,42,unknown
WS32,Plethodon hybrid,NA,41,unknown
WS32,Plethodon sp.,NA,NA,male
WS32,Plethodon sp.,NA,61,female
WS32,Plethodon sp.,NA,53,unknown
WS32,Plethodon sp.,NA,45,unknown
WS32,Plethodon sp.,NA,22,unknown
WS32,Plethodon sp.,NA,41,unknown
WS32,Plethodon hybrid,NA,51,unknown
WS32,Plethodon hybrid,NA,17,unknown
WS32,Plethodon hybrid,NA,43,unknown
WS32,Plethodon hybrid,NA,51,unknown
2750,Plethodon sp.,NA,70,Unknown
2750,Plethodon sp.,NA,68,Unknown
2750,Plethodon sp.,NA,20,Unknown
2750,Plethodon sp.,NA,68,Unknown
2750,Plethodon sp.,NA,69,Unknown
2750,Plethodon sp.,NA,42,Unknown
2750,Plethodon sp.,NA,44,Unknown
2750,Plethodon sp.,NA,39,Unknown
2750,Plethodon sp.,NA,54,Unknown
2750,Plethodon sp.,NA,39,Unknown
2750,Plethodon sp.,NA,40,Unknown
2750,Plethodon sp.,NA,39,Unknown
2750,Plethodon sp.,NA,51,Unknown
2750,Plethodon sp.,NA,58,Unknown
2850,Plethodon sp.,NA,18,unknown
2850,Plethodon sp.,NA,39,unknown
2850,Plethodon sp.,NA,47,unknown
2850,Plethodon sp.,NA,68,unknown
2850,Plethodon sp.,NA,61,unknown
2850,Plethodon sp.,NA,40,unknown
2850,Plethodon sp.,NA,35,unknown
2850,Plethodon sp.,NA,59,unknown
2850,Plethodon sp.,NA,55,unknown
2850,Plethodon sp.,NA,34,unknown
2850,Plethodon sp.,NA,41,unknown
2850,Plethodon sp.,NA,47,Unknown
2850,Plethodon sp.,NA,52,Unknown
2850,Plethodon sp.,NA,35,Unknown
2850,Plethodon sp.,NA,43,Unknown
2850,Plethodon sp.,NA,54,Unknown
2850,Plethodon sp.,NA,61,Unknown
2850,Plethodon sp.,NA,34,Unknown
2850,Plethodon sp.,NA,60,Unknown
2850,Plethodon sp.,NA,55,Unknown
2850,Plethodon sp.,NA,57,unknown
2950,Plethodon sp.,NA,46,Unknown
2950,Plethodon sp.,NA,24,Unknown
2950,Plethodon sp.,NA,17,Unknown
2950,Plethodon sp.,NA,42,Unknown
2950,Plethodon sp.,NA,25,Unknown
2950,Plethodon sp.,NA,20,Unknown
2950,Plethodon sp.,NA,27,Unknown
2950,Plethodon sp.,NA,63,male
2950,Plethodon sp.,NA,42,Unknown
2950,Plethodon sp.,NA,19,Unknown
2950,Plethodon sp.,NA,35,Unknown
2950,Plethodon sp.,NA,36,Unknown
2950,Plethodon sp.,NA,37,Unknown
2950,Plethodon sp.,NA,30,Unknown
2950,Plethodon sp.,NA,60,Unknown
2950,Plethodon sp.,NA,52,Unknown
2950,Plethodon sp.,NA,66,Unknown
2950,Plethodon sp.,NA,16,Unknown
2950,Plethodon sp.,NA,44,Unknown
2950,Plethodon sp.,NA,45,unknown
2950,Plethodon sp.,NA,50,unknown
2950,Plethodon sp.,NA,44,Unknown
2950,Plethodon sp.,NA,55,Unknown
2950,Plethodon sp.,NA,25,Unknown
2950,Plethodon sp.,NA,30,Unknown
2950,Plethodon sp.,NA,48,unknown
2950,Plethodon sp.,NA,50,unknown
2950,Plethodon sp.,NA,57,Unknown
2950,Plethodon sp.,NA,67,male
2950,Plethodon sp.,NA,50,unknown
2950,Plethodon sp.,NA,52,unknown
2950,Plethodon sp.,NA,41,unknown
2950,Plethodon sp.,NA,31,unknown
2950,Plethodon sp.,NA,28,unknown
2950,Plethodon sp.,NA,51,unknown
2950,Plethodon sp.,NA,35,unknown
2950,Plethodon sp.,NA,32,Unknown
2950,Plethodon sp.,NA,40,unknown
2950,Plethodon sp.,NA,21,unknown
2950,Plethodon sp.,NA,32,Unknown
2950,Plethodon sp.,NA,16,Unknown
Curtis Creek,Plethodon shermani,NA,52,unknown
Curtis Creek,Plethodon shermani,NA,62,female
Curtis Creek,Plethodon shermani,NA,62,female
Curtis Creek,Plethodon shermani,NA,51,unknown
Curtis Creek,Plethodon shermani,NA,30,unknown
Curtis Creek,Plethodon shermani,NA,48,unknown
Curtis Creek,Plethodon shermani,NA,32,unknown
Curtis Creek,Plethodon shermani,NA,32,unknown
Curtis Creek,Plethodon shermani,NA,57,unknown
Curtis Creek,Plethodon shermani,NA,52,male
Curtis Creek,Plethodon shermani,NA,35,unknown
Curtis Creek,Plethodon shermani,NA,53,female
Curtis Creek,Plethodon hybrid,NA,11,unknown
Curtis Creek,Plethodon hybrid,NA,32,unknown
Curtis Creek,Plethodon hybrid,NA,30,unknown
Curtis Creek,Plethodon hybrid,NA,59,male
Curtis Creek,Plethodon hybrid,NA,36,unknown
2750,Plethodon sp.,NA,46,Female
2750,Plethodon sp.,NA,76,Female
2750,Plethodon sp.,NA,37,Unknown
2750,Plethodon sp.,NA,40,Unknown
2750,Plethodon sp.,NA,47,Female
2850,Plethodon sp.,NA,64,Unknown
2850,Plethodon sp.,NA,56,Female
2850,Plethodon sp.,NA,54,Unknown
2850,Plethodon sp.,NA,58,Unknown
2850,Plethodon sp.,NA,51,Female
2850,Plethodon sp.,NA,64,Female
2950,Plethodon sp.,NA,32,Unknown
2950,Plethodon sp.,NA,59,Female
2950,Plethodon sp.,NA,55,Unknown
2950,Plethodon sp.,NA,55,Unknown
2950,Plethodon sp.,NA,59,Unknown
2950,Plethodon sp.,NA,65,Female
2950,Plethodon sp.,NA,47,Unknown
2950,Plethodon sp.,NA,51,Unknown
Cole Creek,Plethodon teyahalee,NA,43,unknown
Cole Creek,Plethodon teyahalee,NA,71,female
Cole Creek,Plethodon teyahalee,NA,74,male
Cole Creek,Plethodon teyahalee,NA,42,female
Cole Creek,Plethodon teyahalee,NA,68,female
Cole Creek,Plethodon teyahalee,NA,NA,unknown
Cole Creek,Plethodon teyahalee,NA,63,female
Cole Creek,Plethodon teyahalee,NA,67,female
Cole Creek,Plethodon teyahalee,NA,76,female
Cole Creek,Plethodon teyahalee,NA,76,male
Cole Creek,Plethodon teyahalee,NA,NA,unknown
Bearneck Cove,Plethodon teyahalee,NA,45,unknown
Bearneck Cove,Plethodon teyahalee,NA,NA,unknown
Bearneck Cove,Plethodon teyahalee,NA,74,male
Bearneck Cove,Plethodon teyahalee,NA,61,female
Bearneck Cove,Plethodon serratus,NA,33,unknown
Bearneck Cove,Plethodon teyahalee,NA,69,male
Bearneck Cove,Plethodon serratus,NA,35,female
Chimney Tops,Plethodon jordani,NA,55,female
Chimney Tops,Plethodon jordani,NA,70,male
Chimney Tops,Plethodon jordani,NA,33,unknown
Chimney Tops,Plethodon jordani,NA,30,unknown
Chimney Tops,Plethodon jordani,NA,33,unknown
Chimney Tops,Plethodon jordani,NA,49,unknown
Chimney Tops,Plethodon jordani,NA,64,female
Chimney Tops,Plethodon jordani,NA,50,unknown
Chimney Tops,Plethodon jordani,NA,61,female
Chimney Tops,Plethodon jordani,NA,36,unknown
Chimney Tops,Plethodon jordani,NA,52,unknown
Chimney Tops,Plethodon jordani,NA,53,female
Chimney Tops,Plethodon jordani,NA,54,female
Chimney Tops,Plethodon jordani,NA,NA,unknown
Chimney Tops,Plethodon jordani,NA,57,female
Chimney Tops,Plethodon jordani,NA,60,female
Chimney Tops,Plethodon jordani,NA,28,unknown
Chimney Tops,Plethodon jordani,NA,32,unknown
Chimney Tops,Plethodon jordani,NA,59,male
Chimney Tops,Plethodon jordani,NA,35,unknown
Chimney Tops,Plethodon jordani,NA,63,female
Chimney Tops,Plethodon jordani,NA,32,unknown
Chimney Tops,Plethodon jordani,NA,49,unknown
Chimney Tops,Plethodon jordani,NA,56,female
Chimney Tops,Plethodon jordani,NA,74,female
Chimney Tops,Plethodon jordani,NA,48,unknown
Chimney Tops,Plethodon jordani,NA,61,female
Chimney Tops,Plethodon jordani,NA,38,unknown
Chimney Tops,Plethodon jordani,NA,30,unknown
Chimney Tops,Plethodon jordani,NA,45,unknown
Chimney Tops,Plethodon jordani,NA,NA,unknown
Chimney Tops,Plethodon jordani,NA,45,unknown
Chimney Tops,Plethodon jordani,NA,54,male
Chimney Tops,Plethodon jordani,NA,17,unknown
Chimney Tops,Plethodon jordani,NA,43,unknown
Chimney Tops,Plethodon jordani,NA,35,unknown
Chimney Tops,Plethodon jordani,NA,34,unknown
Chimney Tops,Plethodon jordani,NA,49,unknown
Chimney Tops,Plethodon jordani,NA,58,female
Chimney Tops,Plethodon jordani,NA,48,unknown
Chimney Tops,Plethodon jordani,NA,51,unknown
Chimney Tops,Plethodon jordani,NA,33,unknown
Chimney Tops,Plethodon jordani,NA,65,female
Chimney Tops,Plethodon jordani,NA,72,female
Chimney Tops,Plethodon jordani,NA,52,unknown
Chimney Tops,Plethodon jordani,NA,43,unknown
Chimney Tops,Plethodon jordani,NA,47,unknown
Chimney Tops,Plethodon jordani,NA,55,male
Chimney Tops,Plethodon jordani,NA,33,unknown
Chimney Tops,Plethodon jordani,NA,36,unknown
Chimney Tops,Plethodon jordani,NA,51,female
Chimney Tops,Plethodon jordani,NA,34,unknown
Chimney Tops,Plethodon jordani,NA,55,female
Chimney Tops,Plethodon jordani,NA,36,unknown
Chimney Tops,Plethodon jordani,NA,38,unknown
Chimney Tops,Plethodon jordani,NA,48,unknown
Chimney Tops,Plethodon jordani,NA,63,female
Chimney Tops,Plethodon jordani,NA,56,female
Chimney Tops,Plethodon jordani,NA,57,male
Chimney Tops,Plethodon jordani,NA,48,unknown
Chimney Tops,Plethodon jordani,NA,48,unknown
Chimney Tops,Plethodon jordani,NA,54,female
Chimney Tops,Plethodon jordani,NA,55,female
Chimney Tops,Plethodon jordani,NA,35,unknown
Chimney Tops,Plethodon jordani,NA,63,female
Chimney Tops,Plethodon jordani,NA,54,female
Chimney Tops,Plethodon jordani,NA,56,female
Chimney Tops,Plethodon jordani,NA,64,male
Chimney Tops,Plethodon jordani,NA,65,female
Chimney Tops,Plethodon jordani,NA,57,female
Chimney Tops,Plethodon jordani,NA,43,unknown
Chimney Tops,Plethodon jordani,NA,34,unknown
Chimney Tops,Plethodon jordani,NA,35,unknown
Chimney Tops,Plethodon jordani,NA,36,unknown
Chimney Tops,Plethodon jordani,NA,39,unknown
Chimney Tops,Plethodon jordani,NA,20,unknown
Chimney Tops,Plethodon jordani,NA,38,unknown
Chimney Tops,Plethodon jordani,NA,54,female
Chimney Tops,Plethodon jordani,NA,57,female
Chimney Tops,Plethodon jordani,NA,47,unknown
Chimney Tops,Plethodon jordani,NA,35,unknown
Chimney Tops,Plethodon jordani,NA,37,unknown
Chimney Tops,Plethodon jordani,NA,65,female
Chimney Tops,Plethodon jordani,NA,39,unknown
Chimney Tops,Plethodon jordani,NA,36,unknown
Chimney Tops,Plethodon jordani,NA,61,female
Chimney Tops,Plethodon jordani,NA,32,unknown
Chimney Tops,Plethodon jordani,NA,38,unknown
Chimney Tops,Plethodon jordani,NA,44,unknown
Chimney Tops,Plethodon jordani,NA,35,unknown
Chimney Tops,Plethodon jordani,NA,32,unknown
Chimney Tops,Plethodon jordani,NA,31,unknown
Sugar Cove,Plethodon jordani,NA,61,male
Sugar Cove,Plethodon jordani,NA,71,male
Sugar Cove,Plethodon jordani,NA,NA,unknown
Sugar Cove,Plethodon jordani,NA,NA,unknown
Sugar Cove,Plethodon jordani,NA,63,male
Sugar Cove,Plethodon jordani,NA,42,unknown
Sugar Cove,Plethodon jordani,NA,42,unknown
Sugar Cove,Plethodon jordani,NA,70,male
Sugar Cove,Plethodon jordani,NA,69,female
Sugar Cove,Plethodon jordani,NA,42,unknown
Sugar Cove,Plethodon jordani,NA,NA,unknown
Sugar Cove,Plethodon jordani,NA,NA,unknown
Sugar Cove,Plethodon jordani,NA,66,male
Sugar Cove,Plethodon jordani,NA,20,unknown
Sugar Cove,Plethodon jordani,NA,35,unknown
Sugar Cove,Plethodon jordani,NA,67,female
Sugar Cove,Plethodon jordani,NA,37,unknown
Sugar Cove,Plethodon jordani,NA,56,male
Sugar Cove,Plethodon jordani,NA,66,male
Sugar Cove,Plethodon jordani,NA,68,female
Sugar Cove,Plethodon jordani,NA,40,unknown
Sugar Cove,Plethodon jordani,NA,53,unknown
Sugar Cove,Plethodon jordani,NA,70,female
Sugar Cove,Plethodon jordani,NA,NA,unknown
Sugar Cove,Plethodon jordani,NA,41,unknown
Sugar Cove,Plethodon jordani,NA,71,female
Sugar Cove,Plethodon jordani,NA,51,unknown
Sugar Cove,Plethodon jordani,NA,NA,unknown
Sugar Cove,Plethodon jordani,NA,49,unknown
Sugar Cove,Plethodon jordani,NA,37,unknown
Sugar Cove,Plethodon jordani,NA,68,female
Sugar Cove,Plethodon jordani,NA,48,unknown
Sugar Cove,Plethodon jordani,NA,58,unknown
Sugar Cove,Plethodon jordani,NA,66,male
Sugar Cove,Plethodon jordani,NA,NA,unknown
Sugar Cove,Plethodon jordani,NA,55,female
Sugar Cove,Plethodon jordani,NA,47,female
Sugar Cove,Plethodon jordani,NA,55,female
Sugar Cove,Plethodon jordani,NA,57,male
Sugar Cove,Plethodon jordani,NA,61,male
Sugar Cove,Plethodon jordani,NA,73,female
Sugar Cove,Plethodon jordani,NA,55,male
Sugar Cove,Plethodon jordani,NA,56,female
Sugar Cove,Plethodon jordani,NA,39,unknown
Sugar Cove,Plethodon jordani,NA,49,unknown
Sugar Cove,Plethodon jordani,NA,62,male
Sugar Cove,Plethodon jordani,NA,NA,unknown
Sugar Cove,Plethodon jordani,NA,42,female
Sugar Cove,Plethodon jordani,NA,NA,unknown
Sugar Cove,Plethodon jordani,NA,51,female
Sugar Cove,Plethodon jordani,NA,63,female
Sugar Cove,Plethodon jordani,NA,62,female
Sugar Cove,Plethodon jordani,NA,61,female
Sugar Cove,Plethodon jordani,NA,63,female
Sugar Cove,Plethodon jordani,NA,60,female
Sugar Cove,Plethodon jordani,NA,66,male
Sugar Cove,Plethodon jordani,NA,47,female
Sugar Cove,Plethodon jordani,NA,41,unknown
Sugar Cove,Plethodon jordani,NA,40,unknown
Sugar Cove,Plethodon jordani,NA,64,male
Sugar Cove,Plethodon jordani,NA,53,unknown
Sugar Cove,Plethodon jordani,NA,66,female
Sugar Cove,Plethodon jordani,NA,74,female
Sugar Cove,Plethodon jordani,NA,33,unknown
Sugar Cove,Plethodon jordani,NA,63,male
Sugar Cove,Plethodon jordani,NA,34,unknown
Sugar Cove,Plethodon jordani,NA,19,unknown
Sugar Cove,Plethodon serratus,NA,32,female
Sugar Cove,Plethodon jordani,NA,21,unknown
Sugar Cove,Plethodon jordani,NA,20,unknown
Maddron,Plethodon teyahalee,NA,28,unknown
Maddron,Plethodon teyahalee,NA,66,female
Maddron,Plethodon teyahalee,NA,51,unknown
Maddron,Plethodon teyahalee,NA,41,unknown
Maddron,Plethodon teyahalee,NA,NA,male
Maddron,Plethodon teyahalee,NA,45,unknown
Maddron,Plethodon teyahalee,NA,44,unknown
Maddron,Plethodon teyahalee,NA,48,unknown
Maddron,Plethodon teyahalee,NA,37,unknown
Maddron,Plethodon teyahalee,NA,47,unknown
Maddron,Plethodon teyahalee,NA,45,unknown
Maddron,Plethodon teyahalee,NA,67,male
Maddron,Plethodon teyahalee,NA,47,unknown
Maddron,Plethodon serratus,NA,35,unknown
Maddron,Plethodon teyahalee,NA,76,female
Maddron,Plethodon teyahalee,NA,72,female
Maddron,Plethodon teyahalee,NA,67,female
Maddron,Plethodon teyahalee,NA,47,unknown
Maddron,Plethodon teyahalee,NA,53,unknown
Maddron,Plethodon teyahalee,NA,NA,unknown
Maddron,Plethodon teyahalee,NA,62,unknown
Maddron,Plethodon teyahalee,NA,64,unknown
Maddron,Plethodon teyahalee,NA,72,female
Maddron,Plethodon teyahalee,NA,54,unknown
Maddron,Plethodon teyahalee,NA,76,female
Maddron,Plethodon teyahalee,NA,72,male
Maddron,Plethodon teyahalee,NA,44,unknown
Deep Creek,Plethodon teyahalee,NA,23,unknown
Snowbird Trail,Plethodon shermani,NA,70,female
Snowbird Trail,Plethodon shermani,NA,54,unknown
Snowbird Trail,Plethodon shermani,NA,42,unknown
Snowbird Trail,Plethodon sp.,NA,67,male
Snowbird Trail,Plethodon sp.,NA,60,female
Snowbird Trail,Plethodon sp.,NA,62,female
Snowbird Trail,Plethodon sp.,NA,50,unknown
Snowbird Trail,Plethodon sp.,NA,56,male
Snowbird Trail,Plethodon sp.,NA,44,unknown
Snowbird Trail,Plethodon sp.,NA,46,unknown
Snowbird Trail,Plethodon shermani,NA,58,unknown
Snowbird Trail,Plethodon shermani,NA,46,unknown
Snowbird Trail,Plethodon shermani,NA,44,unknown
Snowbird Trail,Plethodon shermani,NA,48,unknown
Snowbird Trail,Plethodon sp.,NA,54,unknown
Snowbird Trail,Plethodon sp.,NA,47,unknown
Snowbird Trail,Plethodon hybrid,NA,NA,unknown
Snowbird Trail,Plethodon hybrid,NA,56,female
Snowbird Trail,Plethodon hybrid,NA,44,unknown
Snowbird Trail,Plethodon hybrid,NA,43,unknown
Snowbird Trail,Plethodon shermani,NA,NA,male
Snowbird Trail,Plethodon shermani,NA,62,female
Snowbird Trail,Plethodon shermani,NA,42,unknown
Snowbird Trail,Plethodon shermani,NA,55,female
Snowbird Trail,Plethodon shermani,NA,NA,unknown
Snowbird Trail,Plethodon shermani,NA,61,unknown
Snowbird Trail,Plethodon shermani,NA,55,unknown
Snowbird Trail,Plethodon hybrid,NA,55,male
Snowbird Trail,Plethodon hybrid,NA,41,unknown
Snowbird Trail,Plethodon hybrid,NA,76,female
Snowbird Trail,Plethodon hybrid,NA,62,female
Snowbird Trail,Plethodon hybrid,NA,54,female
Snowbird Trail,Plethodon hybrid,NA,25,unknown
Snowbird Trail,Plethodon hybrid,NA,57,female
Snowbird Trail,Plethodon shermani,NA,57,unknown
Snowbird Trail,Plethodon shermani,NA,37,unknown
Snowbird Trail,Plethodon shermani,NA,54,female
Snowbird Trail,Plethodon shermani,NA,NA,unknown
Snowbird Trail,Plethodon shermani,NA,22,unknown
Snowbird Trail,Plethodon shermani,NA,43,unknown
Snowbird Trail,Plethodon shermani,NA,40,unknown
Snowbird Trail,Plethodon hybrid,NA,54,female
Snowbird Trail,Plethodon hybrid,NA,47,female
Snowbird Trail,Plethodon shermani,NA,42,female
Snowbird Trail,Plethodon shermani,NA,37,unknown
Snowbird Trail,Plethodon shermani,NA,42,unknown
Snowbird Trail,Plethodon shermani,NA,46,unknown
Snowbird Trail,Plethodon shermani,NA,52,unknown
Snowbird Trail,Plethodon shermani,NA,53,unknown
Snowbird Trail,Plethodon shermani,NA,47,unknown
Snowbird Trail,Plethodon shermani,NA,43,unknown
Snowbird Trail,Plethodon shermani,NA,44,unknown
Snowbird Trail,Plethodon shermani,NA,52,unknown
Snowbird Trail,Plethodon shermani,NA,11,unknown
Snowbird Trail,Plethodon shermani,NA,19,unknown
Blackwell,Plethodon chattahoochee,NA,21,unknown
Blackwell,Plethodon chattahoochee,NA,23,unknown
Blackwell,Plethodon chattahoochee,NA,43,unknown
Blackwell,Plethodon chattahoochee,NA,46,unknown
Blackwell,Plethodon chattahoochee,NA,22,unknown
Blackwell,Plethodon chattahoochee,NA,50,unknown
Blackwell,Plethodon chattahoochee,NA,60,female
Blackwell,Plethodon chattahoochee,NA,61,female
Blackwell,Plethodon chattahoochee,NA,22,unknown
Blackwell,Plethodon chattahoochee,NA,52,unknown
Blackwell,Plethodon chattahoochee,NA,21,unknown
Blackwell,Plethodon chattahoochee,NA,58,female
Blackwell,Plethodon chattahoochee,NA,25,unknown
Blackwell,Plethodon chattahoochee,NA,46,unknown
Blackwell,Plethodon chattahoochee,NA,47,unknown
Blackwell,Plethodon chattahoochee,NA,21,unknown
Blackwell,Plethodon chattahoochee,NA,NA,unknown
Blackwell,Plethodon chattahoochee,NA,19,unknown
Blackwell,Plethodon chattahoochee,NA,21,unknown
Blackwell,Plethodon chattahoochee,NA,NA,unknown
Blackwell,Plethodon chattahoochee,NA,23,unknown
Blackwell,Plethodon chattahoochee,NA,20,unknown
Blackwell,Plethodon chattahoochee,NA,NA,unknown
Blackwell,Plethodon chattahoochee,NA,NA,unknown
Blackwell,Plethodon chattahoochee,NA,57,female
Wolf Creek,Plethodon chattahoochee,NA,NA,unknown
Wolf Creek,Plethodon chattahoochee,NA,26,unknown
Wolf Creek,Plethodon chattahoochee,NA,NA,unknown
Wolf Creek,Plethodon chattahoochee,NA,26,unknown
Wolf Creek,Plethodon chattahoochee,NA,53,unknown
Mart Helton,Plethodon chattahoochee,NA,27,unknown
Mart Helton,Plethodon chattahoochee,NA,23,unknown
Mart Helton,Plethodon chattahoochee,NA,26,unknown
Mart Helton,Plethodon chattahoochee,NA,46,unknown
Mart Helton,Plethodon chattahoochee,NA,NA,unknown
Mart Helton,Plethodon chattahoochee,NA,82,female
Mart Helton,Plethodon chattahoochee,NA,24,unknown
Cole Creek,Plethodon teyahalee,NA,NA,unknown
Cole Creek,Plethodon teyahalee,NA,65,unknown
Cole Creek,Plethodon teyahalee,NA,53,unknown
Cole Creek,Plethodon teyahalee,NA,68,female
Cole Creek,Plethodon teyahalee,NA,64,male
Cole Creek,Plethodon teyahalee,NA,26,unknown
Cole Creek,Plethodon teyahalee,NA,NA,unknown
Chimney Tops,Plethodon jordani,NA,40,unknown
Chimney Tops,Plethodon jordani,NA,49,unknown
Chimney Tops,Plethodon jordani,NA,22,unknown
Chimney Tops,Plethodon jordani,NA,53,male
Chimney Tops,Plethodon jordani,NA,57,female
Chimney Tops,Plethodon jordani,NA,NA,unknown
Chimney Tops,Plethodon jordani,NA,56,male
Chimney Tops,Plethodon jordani,NA,38,unknown
Chimney Tops,Plethodon jordani,NA,35,unknown
Chimney Tops,Plethodon jordani,NA,63,female
Chimney Tops,Plethodon jordani,NA,53,female
Chimney Tops,Plethodon jordani,NA,56,female
Chimney Tops,Plethodon jordani,NA,66,female
Chimney Tops,Plethodon jordani,NA,58,female
Chimney Tops,Plethodon jordani,NA,NA,unknown
Chimney Tops,Plethodon jordani,NA,54,male
Chimney Tops,Plethodon jordani,NA,NA,unknown
Chimney Tops,Plethodon jordani,NA,41,unknown
Chimney Tops,Plethodon jordani,NA,NA,unknown
Chimney Tops,Plethodon jordani,NA,57,female
Chimney Tops,Plethodon jordani,NA,40,unknown
Chimney Tops,Plethodon jordani,NA,40,unknown
Chimney Tops,Plethodon jordani,NA,40,unknown
Chimney Tops,Plethodon jordani,NA,NA,unknown
Chimney Tops,Plethodon jordani,NA,57,female
Chimney Tops,Plethodon jordani,NA,20,unknown
Chimney Tops,Plethodon jordani,NA,34,unknown
Chimney Tops,Plethodon jordani,NA,55,male
Chimney Tops,Plethodon jordani,NA,NA,unknown
Chimney Tops,Plethodon jordani,NA,54,female
Chimney Tops,Plethodon jordani,NA,60,male
Chimney Tops,Plethodon jordani,NA,51,male
Chimney Tops,Plethodon jordani,NA,NA,unknown
Chimney Tops,Plethodon jordani,NA,32,unknown
Chimney Tops,Plethodon jordani,NA,51,male
Chimney Tops,Plethodon jordani,NA,50,female
Chimney Tops,Plethodon jordani,NA,52,female
Chimney Tops,Plethodon jordani,NA,36,unknown
Chimney Tops,Plethodon jordani,NA,35,unknown
Chimney Tops,Plethodon jordani,NA,52,female
Chimney Tops,Plethodon jordani,NA,54,male
Cole Creek,Plethodon teyahalee,NA,47,unknown
Chimney Tops,Plethodon jordani,NA,55,female
Chimney Tops,Plethodon jordani,NA,NA,unknown
Chimney Tops,Plethodon jordani,NA,63,female
Chimney Tops,Plethodon jordani,NA,58,female
Chimney Tops,Plethodon jordani,NA,NA,unknown
Chimney Tops,Plethodon jordani,NA,24,unknown
Chimney Tops,Plethodon jordani,NA,43,unknown
Chimney Tops,Plethodon jordani,NA,38,unknown
Chimney Tops,Plethodon jordani,NA,53,female
Chimney Tops,Plethodon jordani,NA,57,female
Chimney Tops,Plethodon jordani,NA,49,unknown
Chimney Tops,Plethodon jordani,NA,37,unknown
Chimney Tops,Plethodon jordani,NA,64,female
Chimney Tops,Plethodon jordani,NA,44,male
Chimney Tops,Plethodon jordani,NA,60,female
Chimney Tops,Plethodon jordani,NA,58,female
Chimney Tops,Plethodon jordani,NA,21,unknown
Chimney Tops,Plethodon jordani,NA,37,unknown
Chimney Tops,Plethodon jordani,NA,24,unknown
Chimney Tops,Plethodon jordani,NA,50,male
Chimney Tops,Plethodon jordani,NA,36,unknown
Chimney Tops,Plethodon jordani,NA,50,female
Chimney Tops,Plethodon jordani,NA,55,male
Chimney Tops,Plethodon jordani,NA,21,unknown
Chimney Tops,Plethodon jordani,NA,22,unknown
Chimney Tops,Plethodon jordani,NA,22,unknown
Chimney Tops,Plethodon jordani,NA,21,unknown
Chimney Tops,Plethodon jordani,NA,36,unknown
Chimney Tops,Plethodon jordani,NA,44,unknown
Chimney Tops,Plethodon jordani,NA,19,unknown
Chimney Tops,Plethodon jordani,NA,56,female
Chimney Tops,Plethodon jordani,NA,63,female
Chimney Tops,Plethodon jordani,NA,44,unknown
Chimney Tops,Plethodon jordani,NA,33,unknown
Chimney Tops,Plethodon jordani,NA,41,unknown
Chimney Tops,Plethodon jordani,NA,51,female
Chimney Tops,Plethodon jordani,NA,44,unknown
Chimney Tops,Plethodon jordani,NA,64,male
Chimney Tops,Plethodon jordani,NA,NA,unknown
Chimney Tops,Plethodon jordani,NA,48,unknown
Chimney Tops,Plethodon jordani,NA,48,male
Chimney Tops,Plethodon jordani,NA,37,unknown
Chimney Tops,Plethodon jordani,NA,34,unknown
Chimney Tops,Plethodon jordani,NA,52,unknown
Chimney Tops,Plethodon jordani,NA,34,unknown
Chimney Tops,Plethodon jordani,NA,38,unknown
Chimney Tops,Plethodon jordani,NA,52,unknown
Chimney Tops,Plethodon jordani,NA,39,unknown
Sugar Cove,Plethodon jordani,NA,NA,unknown
Sugar Cove,Plethodon jordani,NA,29,unknown
Sugar Cove,Plethodon jordani,NA,74,female
Sugar Cove,Plethodon jordani,NA,49,unknown
Sugar Cove,Plethodon jordani,NA,35,unknown
Sugar Cove,Plethodon jordani,NA,35,unknown
Sugar Cove,Plethodon jordani,NA,26,unknown
Sugar Cove,Plethodon jordani,NA,51,female
Sugar Cove,Plethodon jordani,NA,70,female
Sugar Cove,Plethodon jordani,NA,26,unknown
Sugar Cove,Plethodon jordani,NA,37,unknown
Sugar Cove,Plethodon jordani,NA,74,male
Sugar Cove,Plethodon jordani,NA,71,female
Sugar Cove,Plethodon jordani,NA,NA,unknown
Sugar Cove,Plethodon jordani,NA,54,male
Sugar Cove,Plethodon jordani,NA,75,female
Sugar Cove,Plethodon jordani,NA,61,male
Sugar Cove,Plethodon jordani,NA,40,unknown
Sugar Cove,Plethodon jordani,NA,49,male
Sugar Cove,Plethodon jordani,NA,56,female
Sugar Cove,Plethodon jordani,NA,154,male
Sugar Cove,Plethodon jordani,NA,66,female
Sugar Cove,Plethodon jordani,NA,67,male
Sugar Cove,Plethodon jordani,NA,68,female
Sugar Cove,Plethodon jordani,NA,NA,unknown
Sugar Cove,Plethodon jordani,NA,54,male
Sugar Cove,Plethodon jordani,NA,65,female
Sugar Cove,Plethodon jordani,NA,42,unknown
Sugar Cove,Plethodon jordani,NA,55,male
Sugar Cove,Plethodon jordani,NA,NA,unknown
Sugar Cove,Plethodon jordani,NA,59,male
Sugar Cove,Plethodon jordani,NA,53,female
Sugar Cove,Plethodon jordani,NA,42,unknown
Sugar Cove,Plethodon jordani,NA,42,unknown
Sugar Cove,Plethodon jordani,NA,69,female
Sugar Cove,Plethodon jordani,NA,44,unknown
Sugar Cove,Plethodon jordani,NA,62,female
Sugar Cove,Plethodon jordani,NA,47,female
Sugar Cove,Plethodon jordani,NA,NA,unknown
Sugar Cove,Plethodon jordani,NA,60,unknown
Sugar Cove,Plethodon jordani,NA,27,unknown
Sugar Cove,Plethodon jordani,NA,25,unknown
Sugar Cove,Plethodon jordani,NA,42,unknown
Sugar Cove,Plethodon jordani,NA,39,unknown
Sugar Cove,Plethodon jordani,NA,NA,female
Sugar Cove,Plethodon jordani,NA,57,female
Sugar Cove,Plethodon jordani,NA,51,female
Sugar Cove,Plethodon jordani,NA,NA,unknown
Sugar Cove,Plethodon jordani,NA,68,female
Sugar Cove,Plethodon jordani,NA,NA,unknown
Sugar Cove,Plethodon jordani,NA,21,unknown
Sugar Cove,Plethodon jordani,NA,22,unknown
Sugar Cove,Plethodon jordani,NA,39,unknown
Sugar Cove,Plethodon jordani,NA,26,unknown
Sugar Cove,Plethodon jordani,NA,53,female
Bearneck Cove,Plethodon teyahalee,NA,26,unknown
Bearneck Cove,Plethodon teyahalee,NA,76,male
Bearneck Cove,Plethodon teyahalee,NA,60,female
Bearneck Cove,Plethodon teyahalee,NA,29,unknown
Maddron,Plethodon teyahalee,NA,NA,unknown
Maddron,Plethodon teyahalee,NA,52,unknown
Maddron,Plethodon teyahalee,NA,26,unknown
Maddron,Plethodon teyahalee,NA,55,female
Maddron,Plethodon teyahalee,NA,55,female
Maddron,Plethodon teyahalee,NA,47,unknown
Maddron,Plethodon teyahalee,NA,45,unknown
Maddron,Plethodon teyahalee,NA,75,male
Maddron,Plethodon teyahalee,NA,70,female
Maddron,Plethodon teyahalee,NA,40,unknown
Maddron,Plethodon teyahalee,NA,26,unknown
Maddron,Plethodon teyahalee,NA,60,female
Maddron,Plethodon teyahalee,NA,30,unknown
Maddron,Plethodon teyahalee,NA,48,unknown
Maddron,Plethodon teyahalee,NA,42,unknown
Maddron,Plethodon teyahalee,NA,74,female
Maddron,Plethodon teyahalee,NA,22,unknown
Maddron,Plethodon teyahalee,NA,76,male
Maddron,Plethodon teyahalee,NA,66,female
Maddron,Plethodon teyahalee,NA,54,female
Maddron,Plethodon teyahalee,NA,46,unknown
Maddron,Plethodon teyahalee,NA,42,unknown
Snowbird Trail,Plethodon shermani,NA,39,unknown
Snowbird Trail,Plethodon shermani,NA,50,male
Snowbird Trail,Plethodon shermani,NA,61,female
Snowbird Trail,Plethodon shermani,NA,24,unknown
Snowbird Trail,Plethodon serratus,NA,NA,unknown
Snowbird Trail,Plethodon shermani,NA,25,unknown
Snowbird Trail,Plethodon shermani,NA,51,male
Snowbird Trail,Plethodon shermani,NA,27,unknown
Snowbird Trail,Plethodon shermani,NA,54,female
Snowbird Trail,Plethodon shermani,NA,49,unknown
Snowbird Trail,Plethodon shermani,NA,58,female
Snowbird Trail,Plethodon shermani,NA,42,unknown
Snowbird Trail,Plethodon shermani,NA,55,male
Snowbird Trail,Plethodon shermani,NA,60,female
Snowbird Trail,Plethodon shermani,NA,NA,unknown
Snowbird Trail,Plethodon shermani,NA,NA,unknown
Snowbird Trail,Plethodon shermani,NA,26,unknown
Snowbird Trail,Plethodon shermani,NA,61,female
Snowbird Trail,Plethodon shermani,NA,NA,unknown
Snowbird Trail,Plethodon shermani,NA,43,unknown
Snowbird Trail,Plethodon shermani,NA,49,unknown
Snowbird Trail,Plethodon shermani,NA,46,unknown
Snowbird Trail,Plethodon shermani,NA,24,unknown
Snowbird Trail,Plethodon shermani,NA,28,unknown
Snowbird Trail,Plethodon shermani,NA,64,male
Snowbird Trail,Plethodon shermani,NA,54,unknown
Snowbird Trail,Plethodon shermani,NA,20,unknown
Snowbird Trail,Plethodon shermani,NA,31,male
Snowbird Trail,Plethodon shermani,NA,50,female
Snowbird Trail,Plethodon shermani,NA,62,male
Snowbird Trail,Plethodon shermani,NA,57,female
Snowbird Trail,Plethodon shermani,NA,39,unknown
Snowbird Trail,Plethodon shermani,NA,40,unknown
Snowbird Trail,Plethodon shermani,NA,55,unknown
Snowbird Trail,Plethodon shermani,NA,50,female
Snowbird Trail,Plethodon shermani,NA,27,unknown
Snowbird Trail,Plethodon shermani,NA,45,female
Snowbird Trail,Plethodon shermani,NA,46,unknown
Snowbird Trail,Plethodon shermani,NA,28,unknown
Snowbird Trail,Plethodon shermani,NA,26,unknown
Snowbird Trail,Plethodon shermani,NA,27,unknown
Snowbird Trail,Plethodon shermani,NA,NA,male
Snowbird Trail,Plethodon shermani,NA,55,unknown
Snowbird Trail,Plethodon shermani,NA,52,unknown
Snowbird Trail,Plethodon shermani,NA,52,female
Snowbird Trail,Plethodon shermani,NA,48,unknown
Snowbird Trail,Plethodon shermani,NA,31,unknown
Snowbird Trail,Plethodon shermani,NA,51,male
Snowbird Trail,Plethodon shermani,NA,40,unknown
Snowbird Trail,Plethodon shermani,NA,47,female
Snowbird Trail,Plethodon shermani,NA,26,unknown
Snowbird Trail,Plethodon shermani,NA,45,female
Snowbird Trail,Plethodon shermani,NA,26,unknown
Snowbird Trail,Plethodon shermani,NA,50,female
Snowbird Trail,Plethodon shermani,NA,NA,unknown
Snowbird Trail,Plethodon shermani,NA,29,unknown
Snowbird Trail,Plethodon shermani,NA,24,unknown
Snowbird Trail,Plethodon shermani,NA,NA,unknown
Snowbird Trail,Plethodon shermani,NA,NA,unknown
Snowbird Trail,Plethodon shermani,NA,22,unknown
Snowbird Trail,Plethodon shermani,NA,24,unknown
Snowbird Trail,Plethodon shermani,NA,57,unknown
Snowbird Trail,Plethodon shermani,NA,24,unknown
Snowbird Trail,Plethodon shermani,NA,27,unknown
Snowbird Trail,Plethodon shermani,NA,43,unknown
Snowbird Trail,Plethodon shermani,NA,52,unknown
Snowbird Trail,Plethodon shermani,NA,17,unknown
Snowbird Trail,Plethodon shermani,NA,47,unknown
Snowbird Trail,Plethodon shermani,NA,45,unknown
Snowbird Trail,Plethodon shermani,NA,48,unknown
Snowbird Trail,Plethodon shermani,NA,54,female
Snowbird Trail,Plethodon shermani,NA,46,unknown
Snowbird Trail,Plethodon shermani,NA,59,female
Snowbird Trail,Plethodon shermani,NA,47,unknown
Snowbird Trail,Plethodon shermani,NA,46,unknown
Snowbird Trail,Plethodon shermani,NA,41,unknown
Snowbird Trail,Plethodon shermani,NA,25,unknown
Snowbird Trail,Plethodon shermani,NA,26,unknown
Curtis Creek,Plethodon shermani,NA,24,unknown
Curtis Creek,Plethodon shermani,NA,NA,unknown
Curtis Creek,Plethodon shermani,NA,41,unknown
Curtis Creek,Plethodon shermani,NA,60,female
Curtis Creek,Plethodon shermani,NA,43,unknown
Curtis Creek,Plethodon shermani,NA,NA,unknown
Curtis Creek,Plethodon shermani,NA,40,unknown
Curtis Creek,Plethodon shermani,NA,24,unknown
Curtis Creek,Plethodon shermani,NA,25,unknown
Curtis Creek,Plethodon shermani,NA,NA,unknown
Curtis Creek,Plethodon shermani,NA,62,female
Curtis Creek,Plethodon shermani,NA,NA,unknown
Curtis Creek,Plethodon shermani,NA,53,male
Curtis Creek,Plethodon shermani,NA,24,unknown
Curtis Creek,Plethodon shermani,NA,36,unknown
Curtis Creek,Plethodon shermani,NA,28,unknown
Curtis Creek,Plethodon shermani,NA,27,unknown
Curtis Creek,Plethodon shermani,NA,22,unknown
Curtis Creek,Plethodon shermani,NA,38,unknown
Curtis Creek,Plethodon shermani,NA,39,unknown
Curtis Creek,Plethodon shermani,NA,35,unknown
Curtis Creek,Plethodon shermani,NA,40,unknown
Curtis Creek,Plethodon shermani,NA,39,unknown
Curtis Creek,Plethodon shermani,NA,40,unknown
Curtis Creek,Plethodon shermani,NA,38,unknown
Curtis Creek,Plethodon shermani,NA,57,unknown
Curtis Creek,Plethodon shermani,NA,50,unknown
Curtis Creek,Plethodon shermani,NA,39,unknown
Curtis Creek,Plethodon shermani,NA,50,unknown
Curtis Creek,Plethodon shermani,NA,46,unknown
Curtis Creek,Plethodon shermani,NA,38,unknown
Curtis Creek,Plethodon shermani,NA,NA,unknown
Curtis Creek,Plethodon shermani,NA,NA,unknown
Curtis Creek,Plethodon shermani,NA,45,unknown
Curtis Creek,Plethodon shermani,NA,56,male
Curtis Creek,Plethodon shermani,NA,39,unknown
Curtis Creek,Plethodon shermani,NA,56,male
Curtis Creek,Plethodon shermani,NA,40,unknown
Curtis Creek,Plethodon shermani,NA,51,male
Curtis Creek,Plethodon shermani,NA,43,unknown
Curtis Creek,Plethodon shermani,NA,37,unknown
Curtis Creek,Plethodon shermani,NA,59,female
Curtis Creek,Plethodon shermani,NA,50,unknown
Curtis Creek,Plethodon shermani,NA,45,unknown
Curtis Creek,Plethodon shermani,NA,46,unknown
Curtis Creek,Plethodon shermani,NA,60,female
Curtis Creek,Plethodon shermani,NA,53,unknown
Curtis Creek,Plethodon shermani,NA,54,female
Curtis Creek,Plethodon shermani,NA,51,female
Curtis Creek,Plethodon shermani,NA,50,unknown
Curtis Creek,Plethodon shermani,NA,38,unknown
Curtis Creek,Plethodon shermani,NA,48,unknown
Curtis Creek,Plethodon shermani,NA,62,female
Curtis Creek,Plethodon shermani,NA,40,unknown
Curtis Creek,Plethodon shermani,NA,38,unknown
Curtis Creek,Plethodon shermani,NA,52,unknown
Curtis Creek,Plethodon shermani,NA,59,female
Curtis Creek,Plethodon shermani,NA,42,unknown
Curtis Creek,Plethodon shermani,NA,NA,unknown
Curtis Creek,Plethodon shermani,NA,41,unknown
Curtis Creek,Plethodon shermani,NA,27,unknown
Curtis Creek,Plethodon shermani,NA,60,female
Curtis Creek,Plethodon shermani,NA,55,male
Curtis Creek,Plethodon shermani,NA,22,unknown
Curtis Creek,Plethodon shermani,NA,NA,unknown
Curtis Creek,Plethodon shermani,NA,35,unknown
Curtis Creek,Plethodon shermani,NA,NA,unknown
Curtis Creek,Plethodon shermani,NA,NA,unknown
Curtis Creek,Plethodon shermani,NA,37,unknown
Curtis Creek,Plethodon shermani,NA,47,unknown
Curtis Creek,Plethodon shermani,NA,NA,unknown
Curtis Creek,Plethodon shermani,NA,NA,unknown
Curtis Creek,Plethodon shermani,NA,36,unknown
Curtis Creek,Plethodon shermani,NA,50,unknown
Curtis Creek,Plethodon shermani,NA,50,unknown
Curtis Creek,Plethodon shermani,NA,45,unknown
Curtis Creek,Plethodon shermani,NA,42,unknown
Curtis Creek,Plethodon shermani,NA,56,male
Curtis Creek,Plethodon shermani,NA,35,unknown
Curtis Creek,Plethodon shermani,NA,50,unknown
Curtis Creek,Plethodon shermani,NA,58,male
Curtis Creek,Plethodon shermani,NA,60,unknown
Curtis Creek,Plethodon shermani,NA,39,unknown
Curtis Creek,Plethodon shermani,NA,42,unknown
Curtis Creek,Plethodon shermani,NA,55,male
Curtis Creek,Plethodon shermani,NA,35,unknown
Curtis Creek,Plethodon shermani,NA,54,unknown
Curtis Creek,Plethodon shermani,NA,42,unknown
Curtis Creek,Plethodon shermani,NA,41,unknown
Curtis Creek,Plethodon shermani,NA,39,unknown
Curtis Creek,Plethodon shermani,NA,71,female
Curtis Creek,Plethodon shermani,NA,36,unknown
Curtis Creek,Plethodon shermani,NA,40,unknown
Curtis Creek,Plethodon shermani,NA,45,unknown
Curtis Creek,Plethodon shermani,NA,41,unknown
Curtis Creek,Plethodon shermani,NA,43,male
Curtis Creek,Plethodon shermani,NA,23,unknown
Curtis Creek,Plethodon shermani,NA,43,unknown
Curtis Creek,Plethodon shermani,NA,38,unknown
Curtis Creek,Plethodon shermani,NA,NA,unknown
Curtis Creek,Plethodon shermani,NA,24,unknown
Curtis Creek,Plethodon shermani,NA,41,unknown
Curtis Creek,Plethodon shermani,NA,59,female
Curtis Creek,Plethodon shermani,NA,51,female
Curtis Creek,Plethodon shermani,NA,52,unknown
Curtis Creek,Plethodon shermani,NA,43,unknown
Curtis Creek,Plethodon shermani,NA,37,unknown
Curtis Creek,Plethodon shermani,NA,35,unknown
Curtis Creek,Plethodon shermani,NA,60,male
Curtis Creek,Plethodon shermani,NA,45,unknown
Curtis Creek,Plethodon shermani,NA,24,unknown
Curtis Creek,Plethodon shermani,NA,49,unknown
Curtis Creek,Plethodon shermani,NA,45,unknown
Curtis Creek,Plethodon shermani,NA,32,unknown
Curtis Creek,Plethodon shermani,NA,40,unknown
Curtis Creek,Plethodon shermani,NA,49,unknown
Curtis Creek,Plethodon shermani,NA,37,unknown
Curtis Creek,Plethodon shermani,NA,52,unknown
Curtis Creek,Plethodon shermani,NA,64,female
Curtis Creek,Plethodon shermani,NA,NA,unknown
Curtis Creek,Plethodon shermani,NA,64,female
Curtis Creek,Plethodon shermani,NA,44,unknown
Curtis Creek,Plethodon shermani,NA,35,unknown
Curtis Creek,Plethodon shermani,NA,27,unknown
Curtis Creek,Plethodon shermani,NA,39,unknown
Curtis Creek,Plethodon shermani,NA,39,unknown
Curtis Creek,Plethodon shermani,NA,43,unknown
Curtis Creek,Plethodon shermani,NA,51,female
Curtis Creek,Plethodon shermani,NA,41,unknown
Curtis Creek,Plethodon shermani,NA,46,unknown
Curtis Creek,Plethodon shermani,NA,45,unknown
Curtis Creek,Plethodon shermani,NA,38,unknown
Curtis Creek,Plethodon shermani,NA,44,unknown
Curtis Creek,Plethodon shermani,NA,36,unknown
Curtis Creek,Plethodon shermani,NA,33,unknown
Curtis Creek,Plethodon shermani,NA,40,unknown
Curtis Creek,Plethodon shermani,NA,31,unknown
Curtis Creek,Plethodon shermani,NA,40,unknown
Curtis Creek,Plethodon shermani,NA,38,unknown
Curtis Creek,Plethodon shermani,NA,43,male
Curtis Creek,Plethodon shermani,NA,37,unknown
Curtis Creek,Plethodon shermani,NA,47,unknown
Curtis Creek,Plethodon shermani,NA,41,unknown
Curtis Creek,Plethodon shermani,NA,32,unknown
Curtis Creek,Plethodon shermani,NA,50,female
Curtis Creek,Plethodon shermani,NA,40,unknown
Curtis Creek,Plethodon shermani,NA,24,unknown
Curtis Creek,Plethodon shermani,NA,24,unknown
Curtis Creek,Plethodon shermani,NA,44,unknown
Curtis Creek,Plethodon shermani,NA,40,unknown
Curtis Creek,Plethodon shermani,NA,33,unknown
Curtis Creek,Plethodon shermani,NA,35,unknown
Curtis Creek,Plethodon shermani,NA,54,unknown
Curtis Creek,Plethodon shermani,NA,37,unknown
Curtis Creek,Plethodon shermani,NA,34,unknown
Curtis Creek,Plethodon shermani,NA,22,unknown
Curtis Creek,Plethodon shermani,NA,44,unknown
Curtis Creek,Plethodon shermani,NA,32,unknown
Curtis Creek,Plethodon shermani,NA,45,unknown
Curtis Creek,Plethodon shermani,NA,55,male
Curtis Creek,Plethodon shermani,NA,61,male
Curtis Creek,Plethodon shermani,NA,47,male
Curtis Creek,Plethodon shermani,NA,49,unknown
Curtis Creek,Plethodon shermani,NA,58,female
Curtis Creek,Plethodon shermani,NA,50,unknown
Curtis Creek,Plethodon shermani,NA,40,unknown
Curtis Creek,Plethodon shermani,NA,35,unknown
Curtis Creek,Plethodon shermani,NA,35,unknown
Curtis Creek,Plethodon shermani,NA,54,male
Curtis Creek,Plethodon shermani,NA,62,female
Curtis Creek,Plethodon shermani,NA,35,unknown
Curtis Creek,Plethodon shermani,NA,51,unknown
Curtis Creek,Plethodon shermani,NA,52,male
Curtis Creek,Plethodon shermani,NA,42,unknown
Curtis Creek,Plethodon shermani,NA,NA,unknown
Curtis Creek,Plethodon shermani,NA,49,unknown
Curtis Creek,Plethodon shermani,NA,39,unknown
Curtis Creek,Plethodon shermani,NA,36,unknown
Curtis Creek,Plethodon shermani,NA,35,unknown
Curtis Creek,Plethodon shermani,NA,26,unknown
Curtis Creek,Plethodon shermani,NA,25,unknown
Curtis Creek,Plethodon shermani,NA,41,unknown
Curtis Creek,Plethodon shermani,NA,50,unknown
Curtis Creek,Plethodon shermani,NA,NA,unknown
Curtis Creek,Plethodon shermani,NA,37,unknown
Curtis Creek,Plethodon shermani,NA,51,unknown
Curtis Creek,Plethodon shermani,NA,64,female
Curtis Creek,Plethodon shermani,NA,66,female
Curtis Creek,Plethodon shermani,NA,34,unknown
Curtis Creek,Plethodon shermani,NA,37,unknown
Curtis Creek,Plethodon shermani,NA,37,unknown
Curtis Creek,Plethodon shermani,NA,56,male
Curtis Creek,Plethodon shermani,NA,NA,unknown
Curtis Creek,Plethodon shermani,NA,22,unknown
Curtis Creek,Plethodon shermani,NA,36,unknown
Curtis Creek,Plethodon shermani,NA,24,unknown
Curtis Creek,Plethodon shermani,NA,21,unknown
Curtis Creek,Plethodon shermani,NA,46,unknown
Curtis Creek,Plethodon shermani,NA,40,unknown
Curtis Creek,Plethodon shermani,NA,NA,unknown
Curtis Creek,Plethodon shermani,NA,NA,unknown
Curtis Creek,Plethodon shermani,NA,42,unknown
Curtis Creek,Plethodon shermani,NA,47,unknown
Curtis Creek,Plethodon shermani,NA,62,female
Curtis Creek,Plethodon shermani,NA,54,unknown
Curtis Creek,Plethodon shermani,NA,33,unknown
Curtis Creek,Plethodon shermani,NA,41,unknown
Curtis Creek,Plethodon shermani,NA,NA,unknown
Curtis Creek,Plethodon shermani,NA,60,female
Curtis Creek,Plethodon shermani,NA,50,unknown
Curtis Creek,Plethodon shermani,NA,38,unknown
Curtis Creek,Plethodon shermani,NA,40,unknown
Curtis Creek,Plethodon shermani,NA,30,unknown
Curtis Creek,Plethodon shermani,NA,37,unknown
Curtis Creek,Plethodon shermani,NA,47,unknown
Curtis Creek,Plethodon shermani,NA,35,unknown
Curtis Creek,Plethodon shermani,NA,43,unknown
Curtis Creek,Plethodon shermani,NA,50,unknown
Curtis Creek,Plethodon shermani,NA,52,unknown
Curtis Creek,Plethodon shermani,NA,NA,unknown
Curtis Creek,Plethodon shermani,NA,25,unknown
Curtis Creek,Plethodon shermani,NA,51,female
Curtis Creek,Plethodon shermani,NA,22,unknown
Curtis Creek,Plethodon shermani,NA,64,female
Curtis Creek,Plethodon shermani,NA,41,unknown
Curtis Creek,Plethodon shermani,NA,21,unknown
Curtis Creek,Plethodon shermani,NA,35,unknown
Curtis Creek,Plethodon shermani,NA,64,female
Curtis Creek,Plethodon shermani,NA,24,unknown
Curtis Creek,Plethodon shermani,NA,62,female
Curtis Creek,Plethodon shermani,NA,33,unknown
Curtis Creek,Plethodon shermani,NA,37,unknown
Curtis Creek,Plethodon shermani,NA,22,unknown
Curtis Creek,Plethodon shermani,NA,23,unknown
Curtis Creek,Plethodon shermani,NA,30,unknown
Curtis Creek,Plethodon shermani,NA,47,unknown
Curtis Creek,Plethodon shermani,NA,45,unknown
Curtis Creek,Plethodon shermani,NA,35,unknown
Curtis Creek,Plethodon shermani,NA,45,unknown
Curtis Creek,Plethodon shermani,NA,37,unknown
Curtis Creek,Plethodon shermani,NA,54,female
Curtis Creek,Plethodon shermani,NA,55,female
Curtis Creek,Plethodon shermani,NA,40,unknown
Curtis Creek,Plethodon shermani,NA,41,unknown
Curtis Creek,Plethodon shermani,NA,32,unknown
Curtis Creek,Plethodon shermani,NA,46,unknown
Curtis Creek,Plethodon shermani,NA,48,unknown
Curtis Creek,Plethodon shermani,NA,31,unknown
Curtis Creek,Plethodon shermani,NA,40,unknown
Curtis Creek,Plethodon shermani,NA,54,unknown
Curtis Creek,Plethodon shermani,NA,53,female
Curtis Creek,Plethodon shermani,NA,32,unknown
Curtis Creek,Plethodon shermani,NA,NA,unknown
Curtis Creek,Plethodon shermani,NA,44,female
Curtis Creek,Plethodon shermani,NA,NA,unknown
Curtis Creek,Plethodon shermani,NA,44,unknown
Curtis Creek,Plethodon shermani,NA,39,unknown
Curtis Creek,Plethodon shermani,NA,40,unknown
Curtis Creek,Plethodon shermani,NA,40,unknown
Curtis Creek,Plethodon shermani,NA,38,unknown
Curtis Creek,Plethodon shermani,NA,42,unknown
Curtis Creek,Plethodon shermani,NA,54,male
Curtis Creek,Plethodon shermani,NA,NA,unknown
Curtis Creek,Plethodon shermani,NA,NA,unknown
Curtis Creek,Plethodon shermani,NA,42,unknown
Curtis Creek,Plethodon shermani,NA,22,unknown
Curtis Creek,Plethodon shermani,NA,43,unknown
Curtis Creek,Plethodon shermani,NA,37,unknown
Curtis Creek,Plethodon shermani,NA,33,unknown
Curtis Creek,Plethodon shermani,NA,44,unknown
Curtis Creek,Plethodon shermani,NA,45,unknown
Curtis Creek,Plethodon shermani,NA,53,female
Curtis Creek,Plethodon shermani,NA,68,female
Curtis Creek,Plethodon shermani,NA,NA,unknown
WS31,Plethodon shermani,NA,28,unknown
WS31,Plethodon shermani,NA,48,unknown
WS31,Plethodon shermani,NA,62,female
WS31,Plethodon shermani,NA,51,unknown
WS31,Plethodon shermani,NA,30,unknown
WS31,Plethodon shermani,NA,29,unknown
WS31,Plethodon shermani,NA,32,unknown
WS31,Plethodon shermani,NA,48,unknown
WS31,Plethodon shermani,NA,NA,unknown
WS31,Plethodon shermani,NA,67,male
WS31,Plethodon shermani,NA,52,unknown
WS31,Plethodon shermani,NA,24,unknown
WS31,Plethodon shermani,NA,43,unknown
WS31,Plethodon shermani,NA,46,unknown
WS31,Plethodon shermani,NA,32,unknown
WS32,Plethodon shermani,NA,28,unknown
WS32,Plethodon shermani,NA,46,unknown
WS32,Plethodon shermani,NA,26,unknown
WS32,Plethodon shermani,NA,28,unknown
WS32,Plethodon shermani,NA,47,unknown
WS32,Plethodon shermani,NA,22,unknown
WS32,Plethodon shermani,NA,NA,unknown
WS32,Plethodon shermani,NA,64,male
WS32,Plethodon shermani,NA,51,unknown
WS32,Plethodon shermani,NA,58,female
WS32,Plethodon shermani,NA,50,unknown
WS32,Plethodon shermani,NA,60,female
WS32,Plethodon shermani,NA,45,unknown
WS32,Plethodon shermani,NA,60,female
WS32,Plethodon shermani,NA,26,unknown
WS32,Plethodon shermani,NA,25,unknown
WS32,Plethodon shermani,NA,58,female
WS32,Plethodon shermani,NA,66,female
WS32,Plethodon shermani,NA,59,female
WS32,Plethodon shermani,NA,72,female
WS32,Plethodon shermani,NA,65,male
WS32,Plethodon shermani,NA,46,unknown
WS32,Plethodon shermani,NA,66,unknown
WS32,Plethodon shermani,NA,24,unknown
WS32,Plethodon shermani,NA,26,unknown
WS32,Plethodon shermani,NA,40,unknown
WS32,Plethodon shermani,NA,62,female
WS32,Plethodon shermani,NA,48,unknown
WS32,Plethodon shermani,NA,43,unknown
WS32,Plethodon shermani,NA,57,male
WS32,Plethodon shermani,NA,NA,unknown
WS32,Plethodon shermani,NA,30,unknown
WS32,Plethodon shermani,NA,44,unknown
WS32,Plethodon shermani,NA,50,unknown
WS32,Plethodon shermani,NA,61,male
WS32,Plethodon shermani,NA,47,unknown
WS32,Plethodon shermani,NA,52,male
WS32,Plethodon shermani,NA,46,unknown
WS32,Plethodon shermani,NA,47,unknown
Mart Helton,Plethodon chattahoochee,NA,30,unknown
Mart Helton,Plethodon chattahoochee,NA,52,male
Mart Helton,Plethodon chattahoochee,NA,28,unknown
Mart Helton,Plethodon chattahoochee,NA,28,unknown
Mart Helton,Plethodon chattahoochee,NA,NA,unknown
Mart Helton,Plethodon chattahoochee,NA,34,unknown
Mart Helton,Plethodon chattahoochee,NA,28,unknown
Mart Helton,Plethodon chattahoochee,NA,28,unknown
Mart Helton,Plethodon chattahoochee,NA,32,unknown
Mart Helton,Plethodon chattahoochee,NA,33,unknown
Mart Helton,Plethodon chattahoochee,NA,NA,male
Mart Helton,Plethodon chattahoochee,NA,31,unknown
Mart Helton,Plethodon chattahoochee,NA,31,unknown
Mart Helton,Plethodon chattahoochee,NA,NA,unknown
Mart Helton,Plethodon chattahoochee,NA,34,unknown
Mart Helton,Plethodon chattahoochee,NA,26,unknown
Mart Helton,Plethodon chattahoochee,NA,26,unknown
Mart Helton,Plethodon chattahoochee,NA,59,unknown
Mart Helton,Plethodon chattahoochee,NA,NA,unknown
Mart Helton,Plethodon chattahoochee,NA,28,unknown
Mart Helton,Plethodon chattahoochee,NA,23,unknown
Mart Helton,Plethodon chattahoochee,NA,29,unknown
Mart Helton,Plethodon chattahoochee,NA,28,unknown
Mart Helton,Plethodon chattahoochee,NA,30,unknown
Mart Helton,Plethodon chattahoochee,NA,31,unknown
Mart Helton,Plethodon chattahoochee,NA,27,unknown
Mart Helton,Plethodon chattahoochee,NA,67,female
Mart Helton,Plethodon chattahoochee,NA,24,unknown
Mart Helton,Plethodon chattahoochee,NA,54,male
Mart Helton,Plethodon chattahoochee,NA,54,male
Mart Helton,Plethodon chattahoochee,NA,27,unknown
Mart Helton,Plethodon chattahoochee,NA,30,unknown
Mart Helton,Plethodon chattahoochee,NA,35,unknown
Mart Helton,Plethodon chattahoochee,NA,60,female
Mart Helton,Plethodon chattahoochee,NA,58,female
Mart Helton,Plethodon chattahoochee,NA,55,male
Mart Helton,Plethodon chattahoochee,NA,28,unknown
Mart Helton,Plethodon chattahoochee,NA,68,female
Mart Helton,Plethodon chattahoochee,NA,28,unknown
Mart Helton,Plethodon chattahoochee,NA,54,female
Mart Helton,Plethodon chattahoochee,NA,32,unknown
Mart Helton,Plethodon chattahoochee,NA,70,female
Mart Helton,Plethodon chattahoochee,NA,24,unknown
Mart Helton,Plethodon chattahoochee,NA,50,male
Mart Helton,Plethodon chattahoochee,NA,24,unknown
Mart Helton,Plethodon chattahoochee,NA,28,unknown
2750,Plethodon sp.,NA,32,Unknown
2750,Plethodon sp.,NA,29,Unknown
2750,Plethodon sp.,NA,31,Unknown
2750,Plethodon sp.,NA,30,Unknown
2750,Plethodon sp.,NA,47,Unknown
2750,Plethodon sp.,NA,44,Unknown
2750,Plethodon sp.,NA,58,Unknown
2750,Plethodon sp.,NA,46,Unknown
2850,Plethodon sp.,NA,49,Unknown
2850,Plethodon sp.,NA,40,Unknown
2850,Plethodon sp.,NA,25,Unknown
2850,Plethodon sp.,NA,23,Unknown
2850,Plethodon sp.,NA,57,Female
2850,Plethodon sp.,NA,45,Unknown
2850,Plethodon sp.,NA,63,Female
2850,Plethodon sp.,NA,64,Male
2850,Plethodon sp.,NA,42,Unknown
2850,Plethodon sp.,NA,45,Unknown
2850,Plethodon sp.,NA,42,Unknown
2850,Plethodon sp.,NA,53,Unknown
2850,Plethodon sp.,NA,43,Unknown
2850,Plethodon sp.,NA,44,Unknown
2850,Plethodon sp.,NA,71,Female
2850,Plethodon sp.,NA,25,Unknown
2850,Plethodon sp.,NA,44,Unknown
2850,Plethodon sp.,NA,42,Unknown
2950,Plethodon sp.,NA,26,Unknown
2950,Plethodon sp.,NA,28,Unknown
2950,Plethodon sp.,NA,44,Unknown
2950,Plethodon sp.,NA,66,Unknown
2950,Plethodon sp.,NA,38,Unknown
2950,Plethodon sp.,NA,65,Male
2950,Plethodon sp.,NA,60,Male
2950,Plethodon sp.,NA,41,Unknown
2950,Plethodon sp.,NA,26,Male
2950,Plethodon sp.,NA,37,Unknown
2950,Plethodon sp.,NA,46,Unknown
2950,Plethodon sp.,NA,53,Unknown
2950,Plethodon sp.,NA,37,Unknown
2950,Plethodon sp.,NA,34,Unknown
2950,Plethodon sp.,NA,67,Male
2950,Plethodon sp.,NA,44,Unknown
2950,Plethodon sp.,NA,24,Unknown
2950,Plethodon sp.,NA,52,Male
2950,Plethodon sp.,NA,40,Unknown
2950,Plethodon sp.,NA,37,Unknown
2950,Plethodon sp.,NA,61,Female
2950,Plethodon sp.,NA,36,Unknown
2950,Plethodon sp.,NA,41,Male
2950,Plethodon sp.,NA,38,Unknown
2950,Plethodon sp.,NA,53,Male
2950,Plethodon sp.,NA,25,Unknown
2950,Plethodon sp.,NA,64,Male
2950,Plethodon sp.,NA,34,Unknown
2950,Plethodon sp.,NA,39,Unknown
Mart Helton,Plethodon chattahoochee,NA,48,unknown
Mart Helton,Plethodon chattahoochee,NA,30,unknown
Mart Helton,Plethodon chattahoochee,NA,25,unknown
Mart Helton,Plethodon chattahoochee,NA,44,unknown
Mart Helton,Plethodon chattahoochee,NA,NA,unknown
Mart Helton,Plethodon chattahoochee,NA,29,unknown
Mart Helton,Plethodon chattahoochee,NA,78,female
Mart Helton,Plethodon chattahoochee,NA,32,unknown
Mart Helton,Plethodon chattahoochee,NA,NA,unknown
Mart Helton,Plethodon chattahoochee,NA,28,unknown
Wolf Creek,Plethodon chattahoochee,NA,25,unknown
Wolf Creek,Plethodon chattahoochee,NA,50,female
Wolf Creek,Plethodon chattahoochee,NA,45,unknown
Wolf Creek,Plethodon chattahoochee,NA,50,unknown
Wolf Creek,Plethodon chattahoochee,NA,46,unknown
Wolf Creek,Plethodon chattahoochee,NA,30,unknown
Wolf Creek,Plethodon chattahoochee,NA,53,unknown
Wolf Creek,Plethodon chattahoochee,NA,30,unknown
Wolf Creek,Plethodon chattahoochee,NA,NA,unknown
Wolf Creek,Plethodon chattahoochee,NA,31,unknown
Wolf Creek,Plethodon chattahoochee,NA,55,female
Wolf Creek,Plethodon chattahoochee,NA,28,unknown
Wolf Creek,Plethodon chattahoochee,NA,46,unknown
Wolf Creek,Plethodon chattahoochee,NA,NA,unknown
Wolf Creek,Plethodon chattahoochee,NA,46,unknown
Wolf Creek,Plethodon chattahoochee,NA,27,unknown
Wolf Creek,Plethodon chattahoochee,NA,67,male
Wolf Creek,Plethodon chattahoochee,NA,NA,unknown
Wolf Creek,Plethodon chattahoochee,NA,NA,unknown
Wolf Creek,Plethodon chattahoochee,NA,NA,unknown
Wolf Creek,Plethodon chattahoochee,NA,26,unknown
Wolf Creek,Plethodon chattahoochee,NA,27,unknown
Wolf Creek,Plethodon chattahoochee,NA,40,unknown
Wolf Creek,Plethodon chattahoochee,NA,NA,unknown
Wolf Creek,Plethodon chattahoochee,NA,NA,unknown
Wolf Creek,Plethodon chattahoochee,NA,NA,unknown
Wolf Creek,Plethodon chattahoochee,NA,53,male
Wolf Creek,Plethodon chattahoochee,NA,30,unknown
Wolf Creek,Plethodon chattahoochee,NA,55,female
Wolf Creek,Plethodon chattahoochee,NA,58,male
Wolf Creek,Plethodon chattahoochee,NA,57,unknown
Wolf Creek,Plethodon chattahoochee,NA,57,unknown
Wolf Creek,Plethodon chattahoochee,NA,45,unknown
Wolf Creek,Plethodon chattahoochee,NA,28,unknown
Wolf Creek,Plethodon chattahoochee,NA,50,unknown
Wolf Creek,Plethodon chattahoochee,NA,45,unknown
Wolf Creek,Plethodon chattahoochee,NA,55,female
Wolf Creek,Plethodon chattahoochee,NA,50,unknown
Wolf Creek,Plethodon chattahoochee,NA,42,unknown
Wolf Creek,Plethodon chattahoochee,NA,50,male
Wolf Creek,Plethodon chattahoochee,NA,38,unknown
Wolf Creek,Plethodon chattahoochee,NA,55,female
2750,Plethodon sp.,NA,26,Unknown
2750,Plethodon sp.,NA,49,Unknown
2750,Plethodon sp.,NA,76,Male
2750,Plethodon sp.,NA,46,Unknown
2750,Plethodon sp.,NA,27,Unknown
2750,Plethodon sp.,NA,41,Unknown
2750,Plethodon sp.,NA,50,Unknown
2750,Plethodon sp.,NA,27,Unknown
2750,Plethodon sp.,NA,32,Unknown
2750,Plethodon sp.,NA,30,Unknown
2750,Plethodon sp.,NA,64,Female
2750,Plethodon sp.,NA,46,Unknown
2850,Plethodon sp.,NA,49,Unknown
2850,Plethodon sp.,NA,49,Unknown
2850,Plethodon sp.,NA,57,Unknown
2850,Plethodon sp.,NA,58,Male
2850,Plethodon sp.,NA,22,Unknown
2850,Plethodon sp.,NA,24,Unknown
2950,Plethodon sp.,NA,26,Unknown
2950,Plethodon sp.,NA,53,Unknown
2950,Plethodon sp.,NA,41,Unknown
2950,Plethodon sp.,NA,24,Unknown
2950,Plethodon sp.,NA,37,Unknown
2950,Plethodon sp.,NA,50,Unknown
2950,Plethodon sp.,NA,40,Unknown
2950,Plethodon sp.,NA,57,Unknown
2950,Plethodon sp.,NA,37,Unknown
2950,Plethodon sp.,NA,46,Unknown
2950,Plethodon sp.,NA,64,Unknown
2950,Plethodon sp.,NA,38,Unknown
2950,Plethodon sp.,NA,49,Unknown
2950,Plethodon sp.,NA,54,Unknown
2950,Plethodon sp.,NA,38,Unknown
2950,Plethodon sp.,NA,55,Unknown
2950,Plethodon sp.,NA,44,Unknown
2950,Plethodon sp.,NA,45,Unknown
2950,Plethodon sp.,NA,15,Unknown
2950,Plethodon sp.,NA,35,Unknown
2950,Plethodon sp.,NA,45,Unknown
2950,Plethodon sp.,NA,40,Unknown
2950,Plethodon sp.,NA,56,Male
2950,Plethodon sp.,NA,77,Female
2950,Plethodon sp.,NA,67,Female
2950,Plethodon sp.,NA,55,Unknown
2950,Plethodon sp.,NA,56,Female
2950,Plethodon sp.,NA,43,Unknown
2950,Plethodon sp.,NA,53,Unknown
Blackwell,Plethodon chattahoochee,NA,31,unknown
Blackwell,Plethodon chattahoochee,NA,NA,unknown
Blackwell,Plethodon chattahoochee,NA,31,unknown
Blackwell,Plethodon chattahoochee,NA,57,female
Blackwell,Plethodon chattahoochee,NA,31,unknown
Blackwell,Plethodon chattahoochee,NA,NA,unknown
Blackwell,Plethodon chattahoochee,NA,47,unknown
Blackwell,Plethodon chattahoochee,NA,48,male
Blackwell,Plethodon chattahoochee,NA,29,unknown
Blackwell,Plethodon chattahoochee,NA,43,unknown
Blackwell,Plethodon chattahoochee,NA,45,unknown
Blackwell,Plethodon chattahoochee,NA,34,unknown
Blackwell,Plethodon chattahoochee,NA,NA,unknown
Blackwell,Plethodon chattahoochee,NA,34,unknown
Blackwell,Plethodon chattahoochee,NA,23,unknown
Blackwell,Plethodon chattahoochee,NA,27,unknown
Blackwell,Plethodon chattahoochee,NA,29,unknown
Blackwell,Plethodon chattahoochee,NA,30,unknown
Blackwell,Plethodon chattahoochee,NA,24,unknown
Blackwell,Plethodon chattahoochee,NA,27,unknown
Blackwell,Plethodon chattahoochee,NA,28,unknown
Blackwell,Plethodon chattahoochee,NA,45,unknown
Blackwell,Plethodon chattahoochee,NA,52,unknown
Blackwell,Plethodon chattahoochee,NA,NA,unknown
Blackwell,Plethodon chattahoochee,NA,NA,unknown
Blackwell,Plethodon chattahoochee,NA,48,male
Blackwell,Plethodon chattahoochee,NA,28,unknown
Blackwell,Plethodon chattahoochee,NA,29,unknown
Blackwell,Plethodon chattahoochee,NA,34,unknown
Blackwell,Plethodon chattahoochee,NA,25,unknown
Blackwell,Plethodon chattahoochee,NA,28,unknown
Blackwell,Plethodon chattahoochee,NA,54,female
Blackwell,Plethodon chattahoochee,NA,30,unknown
Blackwell,Plethodon chattahoochee,NA,35,unknown
Blackwell,Plethodon chattahoochee,NA,30,unknown
Blackwell,Plethodon chattahoochee,NA,43,unknown
Blackwell,Plethodon chattahoochee,NA,NA,unknown
Blackwell,Plethodon chattahoochee,NA,70,female
Blackwell,Plethodon chattahoochee,NA,62,male
Blackwell,Plethodon chattahoochee,NA,49,unknown
Blackwell,Plethodon chattahoochee,NA,NA,unknown
Blackwell,Plethodon chattahoochee,NA,52,unknown
Blackwell,Plethodon chattahoochee,NA,27,unknown
Blackwell,Plethodon chattahoochee,NA,27,unknown
Blackwell,Plethodon chattahoochee,NA,33,unknown
Blackwell,Plethodon chattahoochee,NA,43,unknown
Blackwell,Plethodon chattahoochee,NA,46,unknown
Blackwell,Plethodon chattahoochee,NA,29,unknown
Blackwell,Plethodon chattahoochee,NA,27,unknown
Blackwell,Plethodon chattahoochee,NA,30,unknown
Blackwell,Plethodon chattahoochee,NA,45,unknown
Blackwell,Plethodon chattahoochee,NA,30,unknown
Blackwell,Plethodon chattahoochee,NA,60,male
Blackwell,Plethodon chattahoochee,NA,42,unknown
Blackwell,Plethodon chattahoochee,NA,28,unknown
Blackwell,Plethodon chattahoochee,NA,25,unknown
Blackwell,Plethodon chattahoochee,NA,48,unknown
Blackwell,Plethodon chattahoochee,NA,48,unknown
Blackwell,Plethodon chattahoochee,NA,42,unknown
Blackwell,Plethodon chattahoochee,NA,28,unknown
Blackwell,Plethodon chattahoochee,NA,28,unknown
Blackwell,Plethodon chattahoochee,NA,25,unknown
Blackwell,Plethodon chattahoochee,NA,18,unknown
Blackwell,Plethodon chattahoochee,NA,60,female
Blackwell,Plethodon chattahoochee,NA,58,unknown
Blackwell,Plethodon chattahoochee,NA,NA,unknown
Blackwell,Plethodon chattahoochee,NA,55,unknown
Blackwell,Plethodon chattahoochee,NA,50,unknown
Blackwell,Plethodon chattahoochee,NA,60,female
Blackwell,Plethodon chattahoochee,NA,26,unknown
Blackwell,Plethodon chattahoochee,NA,52,male
Blackwell,Plethodon chattahoochee,NA,63,male
Blackwell,Plethodon chattahoochee,NA,43,unknown
Blackwell,Plethodon chattahoochee,NA,30,unknown
Blackwell,Plethodon chattahoochee,NA,70,male
Blackwell,Plethodon chattahoochee,NA,52,unknown
Blackwell,Plethodon chattahoochee,NA,31,unknown
Blackwell,Plethodon chattahoochee,NA,52,unknown
Blackwell,Plethodon chattahoochee,NA,57,unknown
Blackwell,Plethodon chattahoochee,NA,68,female
Blackwell,Plethodon chattahoochee,NA,62,unknown
Blackwell,Plethodon chattahoochee,NA,52,unknown
Blackwell,Plethodon chattahoochee,NA,53,unknown
Blackwell,Plethodon chattahoochee,NA,40,unknown
Blackwell,Plethodon chattahoochee,NA,30,unknown
Blackwell,Plethodon chattahoochee,NA,28,unknown
Blackwell,Plethodon chattahoochee,NA,42,unknown
Wolf Creek,Plethodon chattahoochee,NA,40,unknown
Wolf Creek,Plethodon chattahoochee,NA,NA,unknown
Wolf Creek,Plethodon chattahoochee,NA,55,unknown
Wolf Creek,Plethodon chattahoochee,NA,25,unknown
Wolf Creek,Plethodon chattahoochee,NA,45,unknown
Wolf Creek,Plethodon chattahoochee,NA,40,unknown
Wolf Creek,Plethodon chattahoochee,NA,50,male
Wolf Creek,Plethodon chattahoochee,NA,20,unknown
Wolf Creek,Plethodon chattahoochee,NA,NA,unknown
Wolf Creek,Plethodon chattahoochee,NA,NA,unknown
Wolf Creek,Plethodon chattahoochee,NA,22,unknown
Wolf Creek,Plethodon chattahoochee,NA,56,female
Wolf Creek,Plethodon chattahoochee,NA,68,female
Wolf Creek,Plethodon chattahoochee,NA,62,male
Wolf Creek,Plethodon chattahoochee,NA,28,unknown
Wolf Creek,Plethodon chattahoochee,NA,60,female
Wolf Creek,Plethodon chattahoochee,NA,52,male
Wolf Creek,Plethodon chattahoochee,NA,NA,unknown
Wolf Creek,Plethodon chattahoochee,NA,49,unknown
Wolf Creek,Plethodon chattahoochee,NA,62,male
Wolf Creek,Plethodon chattahoochee,NA,50,unknown
Wolf Creek,Plethodon chattahoochee,NA,29,unknown
Wolf Creek,Plethodon chattahoochee,NA,51,female
Wolf Creek,Plethodon chattahoochee,NA,40,unknown
Wolf Creek,Plethodon chattahoochee,NA,26,unknown
Wolf Creek,Plethodon chattahoochee,NA,71,female
Wolf Creek,Plethodon chattahoochee,NA,27,unknown
Wolf Creek,Plethodon chattahoochee,NA,51,male
Wolf Creek,Plethodon chattahoochee,NA,56,female
Wolf Creek,Plethodon chattahoochee,NA,67,female
Wolf Creek,Plethodon chattahoochee,NA,21,unknown
Wolf Creek,Plethodon chattahoochee,NA,40,female
Wolf Creek,Plethodon chattahoochee,NA,60,female
Wolf Creek,Plethodon chattahoochee,NA,45,male
Wolf Creek,Plethodon chattahoochee,NA,40,male
Wolf Creek,Plethodon chattahoochee,NA,40,male
Wolf Creek,Plethodon chattahoochee,NA,NA,unknown
Wolf Creek,Plethodon chattahoochee,NA,40,male
Wolf Creek,Plethodon chattahoochee,NA,25,unknown
Wolf Creek,Plethodon chattahoochee,NA,25,unknown
Wolf Creek,Plethodon chattahoochee,NA,22,unknown
Wolf Creek,Plethodon chattahoochee,NA,50,female
Wolf Creek,Plethodon chattahoochee,NA,55,female
Wolf Creek,Plethodon chattahoochee,NA,68,female
Wolf Creek,Plethodon chattahoochee,NA,40,unknown
2750,Plethodon sp.,NA,80,Female
2750,Plethodon sp.,NA,25,Unknown
2750,Plethodon sp.,NA,28,Unknown
2750,Plethodon sp.,NA,23,Unknown
2750,Plethodon sp.,NA,25,Unknown
2850,Plethodon sp.,NA,25,Unknown
2850,Plethodon sp.,NA,44,Unknown
2850,Plethodon sp.,NA,55,Male
2850,Plethodon sp.,NA,46,Unknown
2850,Plethodon sp.,NA,41,Unknown
2850,Plethodon sp.,NA,59,Female
2850,Plethodon sp.,NA,53,Unknown
2850,Plethodon sp.,NA,44,Unknown
2850,Plethodon sp.,NA,20,Unknown
2850,Plethodon sp.,NA,20,Unknown
2850,Plethodon sp.,NA,47,Unknown
2850,Plethodon sp.,NA,20,Unknown
2950,Plethodon sp.,NA,25,Unknown
2950,Plethodon sp.,NA,26,Unknown
2950,Plethodon sp.,NA,20,Unknown
2950,Plethodon sp.,NA,54,Unknown
2950,Plethodon sp.,NA,45,Unknown
2950,Plethodon sp.,NA,38,Unknown
2950,Plethodon sp.,NA,52,Unknown
2950,Plethodon sp.,NA,40,Unknown
2950,Plethodon sp.,NA,54,Unknown
2950,Plethodon sp.,NA,38,Unknown
2950,Plethodon sp.,NA,18,Unknown
2950,Plethodon sp.,NA,40,Unknown
2950,Plethodon sp.,NA,35,Unknown
2950,Plethodon sp.,NA,63,Unknown
2950,Plethodon sp.,NA,50,Unknown
2950,Plethodon sp.,NA,35,Unknown
2950,Plethodon sp.,NA,40,Unknown
2950,Plethodon sp.,NA,53,Unknown
2950,Plethodon sp.,NA,46,Unknown
Blackwell,Plethodon chattahoochee,NA,27,unknown
Blackwell,Plethodon chattahoochee,NA,28,unknown
Blackwell,Plethodon chattahoochee,NA,44,unknown
Blackwell,Plethodon chattahoochee,NA,42,unknown
Blackwell,Plethodon chattahoochee,NA,34,unknown
Blackwell,Plethodon chattahoochee,NA,32,unknown
Blackwell,Plethodon chattahoochee,NA,31,unknown
Blackwell,Plethodon chattahoochee,NA,54,female
Blackwell,Plethodon chattahoochee,NA,50,male
Blackwell,Plethodon chattahoochee,NA,28,unknown
Blackwell,Plethodon chattahoochee,NA,30,unknown
Blackwell,Plethodon chattahoochee,NA,31,unknown
Blackwell,Plethodon chattahoochee,NA,29,unknown
Blackwell,Plethodon chattahoochee,NA,27,unknown
Blackwell,Plethodon chattahoochee,NA,66,female
Blackwell,Plethodon chattahoochee,NA,27,unknown
Blackwell,Plethodon chattahoochee,NA,29,unknown
Blackwell,Plethodon chattahoochee,NA,NA,unknown
Blackwell,Plethodon chattahoochee,NA,40,unknown
Blackwell,Plethodon chattahoochee,NA,28,unknown
Blackwell,Plethodon chattahoochee,NA,48,unknown
Blackwell,Plethodon chattahoochee,NA,25,unknown
Blackwell,Plethodon chattahoochee,NA,30,unknown
Blackwell,Plethodon chattahoochee,NA,25,unknown
Blackwell,Plethodon chattahoochee,NA,32,unknown
Blackwell,Plethodon chattahoochee,NA,25,unknown
Blackwell,Plethodon chattahoochee,NA,30,unknown
Blackwell,Plethodon chattahoochee,NA,28,unknown
Blackwell,Plethodon chattahoochee,NA,28,unknown
Blackwell,Plethodon chattahoochee,NA,25,unknown
Blackwell,Plethodon chattahoochee,NA,30,unknown
Blackwell,Plethodon chattahoochee,NA,25,unknown
Blackwell,Plethodon chattahoochee,NA,48,male
Blackwell,Plethodon chattahoochee,NA,30,unknown
Blackwell,Plethodon chattahoochee,NA,50,female
Blackwell,Plethodon chattahoochee,NA,50,unknown
Blackwell,Plethodon chattahoochee,NA,NA,unknown
Blackwell,Plethodon chattahoochee,NA,NA,unknown
Blackwell,Plethodon chattahoochee,NA,58,unknown
Blackwell,Plethodon chattahoochee,NA,NA,unknown
Blackwell,Plethodon chattahoochee,NA,53,male
Blackwell,Plethodon chattahoochee,NA,41,unknown
Blackwell,Plethodon chattahoochee,NA,60,unknown
Blackwell,Plethodon chattahoochee,NA,28,unknown
Blackwell,Plethodon chattahoochee,NA,31,unknown
Blackwell,Plethodon chattahoochee,NA,47,unknown
Blackwell,Plethodon chattahoochee,NA,49,unknown
Blackwell,Plethodon chattahoochee,NA,68,female
Blackwell,Plethodon chattahoochee,NA,42,unknown
Blackwell,Plethodon chattahoochee,NA,58,unknown
Blackwell,Plethodon chattahoochee,NA,NA,unknown
Blackwell,Plethodon chattahoochee,NA,21,unknown
Blackwell,Plethodon chattahoochee,NA,30,unknown
Blackwell,Plethodon chattahoochee,NA,54,male
Blackwell,Plethodon chattahoochee,NA,31,unknown
Blackwell,Plethodon chattahoochee,NA,45,unknown
Blackwell,Plethodon chattahoochee,NA,50,unknown
Blackwell,Plethodon chattahoochee,NA,25,unknown
Blackwell,Plethodon chattahoochee,NA,25,unknown
Blackwell,Plethodon chattahoochee,NA,48,unknown
Blackwell,Plethodon chattahoochee,NA,NA,unknown
Blackwell,Plethodon chattahoochee,NA,30,unknown
Blackwell,Plethodon chattahoochee,NA,45,unknown
Blackwell,Plethodon chattahoochee,NA,30,unknown
Blackwell,Plethodon chattahoochee,NA,48,unknown
Blackwell,Plethodon chattahoochee,NA,28,unknown
Blackwell,Plethodon chattahoochee,NA,NA,unknown
Blackwell,Plethodon chattahoochee,NA,28,unknown
Blackwell,Plethodon chattahoochee,NA,25,unknown
Blackwell,Plethodon chattahoochee,NA,50,male
Blackwell,Plethodon chattahoochee,NA,32,unknown
Blackwell,Plethodon chattahoochee,NA,45,unknown
Blackwell,Plethodon chattahoochee,NA,NA,unknown
2750,Plethodon sp.,NA,74,Female
2750,Plethodon sp.,NA,38,Unknown
2750,Plethodon sp.,NA,34,Unknown
2750,Plethodon sp.,NA,34,Unknown
2750,Plethodon sp.,NA,34,Unknown
2750,Plethodon sp.,NA,66,Female
2750,Plethodon sp.,NA,51,Unknown
2750,Plethodon sp.,NA,54,Unknown
2750,Plethodon sp.,NA,37,Unknown
2750,Plethodon sp.,NA,67,Female
2850,Plethodon sp.,NA,39,Unknown
2850,Plethodon sp.,NA,41,Unknown
2850,Plethodon sp.,NA,28,Unknown
2850,Plethodon sp.,NA,32,Unknown
2850,Plethodon sp.,NA,37,Unknown
2850,Plethodon sp.,NA,31,Unknown
2850,Plethodon sp.,NA,26,Unknown
2850,Plethodon sp.,NA,34,Unknown
2850,Plethodon sp.,NA,39,Unknown
2850,Plethodon sp.,NA,48,Unknown
2950,Plethodon sp.,NA,31,Unknown
2950,Plethodon sp.,NA,49,Unknown
2950,Plethodon sp.,NA,34,Unknown
2950,Plethodon sp.,NA,32,Unknown
2950,Plethodon sp.,NA,41,Unknown
2950,Plethodon sp.,NA,33,Unknown
2950,Plethodon sp.,NA,33,Unknown
2950,Plethodon sp.,NA,22,Unknown
2950,Plethodon sp.,NA,22,Unknown
2950,Plethodon sp.,NA,47,Unknown
2950,Plethodon sp.,NA,34,Unknown
2950,Plethodon sp.,NA,52,Unknown
2950,Plethodon sp.,NA,41,Unknown
2950,Plethodon sp.,NA,45,Unknown
2950,Plethodon sp.,NA,32,Unknown
2950,Plethodon sp.,NA,32,Unknown
2950,Plethodon sp.,NA,37,Unknown
2950,Plethodon sp.,NA,45,Unknown
2950,Plethodon sp.,NA,44,Unknown
2950,Plethodon sp.,NA,57,Unknown
2950,Plethodon sp.,NA,55,Unknown
2950,Plethodon sp.,NA,47,Unknown
2950,Plethodon sp.,NA,54,Female
WS31,Plethodon sp.,NA,58,female
WS31,Plethodon hybrid,NA,39,unknown
WS31,Plethodon sp.,NA,NA,unknown
WS31,Plethodon sp.,NA,60,female
WS31,Plethodon sp.,NA,58,female
WS31,Plethodon sp.,NA,40,unknown
WS31,Plethodon sp.,NA,64,female
WS31,Plethodon sp.,NA,78,female
WS31,Plethodon sp.,NA,54,unknown
WS31,Plethodon sp.,NA,40,unknown
WS31,Plethodon sp.,NA,58,female
WS31,Plethodon teyahalee,NA,44,unknown
WS31,Plethodon hybrid,NA,NA,unknown
WS31,Plethodon hybrid,NA,NA,unknown
WS31,Plethodon hybrid,NA,72,female
WS31,Plethodon hybrid,NA,56,unknown
WS31,Plethodon hybrid,NA,NA,unknown
WS31,Plethodon sp.,NA,50,unknown
WS31,Plethodon sp.,NA,68,female
WS31,Plethodon sp.,NA,41,unknown
WS31,Plethodon sp.,NA,40,unknown
WS31,Plethodon sp.,NA,42,unknown
WS32,Plethodon hybrid,NA,64,female
WS32,Plethodon hybrid,NA,68,male
WS32,Plethodon hybrid,NA,36,unknown
WS32,Plethodon hybrid,NA,48,unknown
WS32,Plethodon hybrid,NA,38,unknown
WS32,Plethodon sp.,NA,54,unknown
WS32,Plethodon sp.,NA,61,female
WS32,Plethodon sp.,NA,30,unknown
WS32,Plethodon sp.,NA,58,female
WS32,Plethodon sp.,NA,41,unknown
WS32,Plethodon sp.,NA,39,unknown
WS32,Plethodon sp.,NA,33,unknown
WS32,Plethodon sp.,NA,59,female
WS32,Plethodon sp.,NA,40,unknown
WS32,Plethodon sp.,NA,40,unknown
WS32,Plethodon hybrid,NA,NA,unknown
2750,Plethodon sp.,NA,38,Unknown
2750,Plethodon sp.,NA,37,Unknown
2750,Plethodon sp.,NA,32,Unknown
2750,Plethodon sp.,NA,64,Female
2750,Plethodon sp.,NA,62,Unknown
2750,Plethodon sp.,NA,39,Unknown
2750,Plethodon sp.,NA,69,Female
2750,Plethodon sp.,NA,36,Unknown
2750,Plethodon sp.,NA,76,Female
2750,Plethodon sp.,NA,33,Unknown
2750,Plethodon sp.,NA,51,Unknown
2750,Plethodon sp.,NA,39,Unknown
2850,Plethodon sp.,NA,34,Unknown
2850,Plethodon sp.,NA,44,Unknown
2850,Plethodon sp.,NA,72,Female
2850,Plethodon sp.,NA,28,Unknown
2850,Plethodon sp.,NA,34,Unknown
2850,Plethodon sp.,NA,36,Unknown
2850,Plethodon sp.,NA,31,Unknown
2850,Plethodon sp.,NA,62,Male
2950,Plethodon sp.,NA,26,Unknown
2950,Plethodon sp.,NA,32,Unknown
2950,Plethodon sp.,NA,44,Unknown
2950,Plethodon sp.,NA,54,Female
2950,Plethodon sp.,NA,57,Female
2950,Plethodon sp.,NA,46,Unknown
2950,Plethodon sp.,NA,65,Female
2950,Plethodon sp.,NA,60,Female
2950,Plethodon sp.,NA,57,Unknown
2950,Plethodon sp.,NA,38,Unknown
2950,Plethodon sp.,NA,30,Unknown
2950,Plethodon sp.,NA,60,Unknown
2950,Plethodon sp.,NA,60,Unknown
2750,Plethodon sp.,NA,71,Male
2750,Plethodon sp.,NA,32,Unknown
2750,Plethodon sp.,NA,45,Unknown
2750,Plethodon sp.,NA,60,Female
2750,Plethodon sp.,NA,46,Unknown
2850,Plethodon sp.,NA,67,Female
2850,Plethodon sp.,NA,34,Unknown
2850,Plethodon sp.,NA,36,Unknown
2850,Plethodon sp.,NA,54,Unknown
2850,Plethodon sp.,NA,32,Unknown
2950,Plethodon sp.,NA,48,Unknown
2950,Plethodon sp.,NA,31,Unknown
2950,Plethodon sp.,NA,43,Unknown
2950,Plethodon sp.,NA,27,Unknown
2950,Plethodon sp.,NA,47,Unknown
2950,Plethodon sp.,NA,30,Unknown
2950,Plethodon sp.,NA,43,Unknown
2950,Plethodon sp.,NA,55,Female
2950,Plethodon sp.,NA,62,Male
WS31,Plethodon hybrid,NA,36,unknown
WS31,Plethodon sp.,NA,54,female
WS31,Plethodon sp.,NA,NA,unknown
WS31,Plethodon sp.,NA,NA,unknown
WS31,Plethodon sp.,NA,NA,unknown
WS31,Plethodon sp.,NA,57,female
WS31,Plethodon sp.,NA,NA,unknown
WS31,Plethodon sp.,NA,NA,unknown
WS31,Plethodon hybrid,NA,72,female
WS31,Plethodon sp.,NA,NA,unknown
WS31,Plethodon hybrid,NA,45,unknown
WS31,Plethodon hybrid,NA,59,unknown
WS31,Plethodon sp.,NA,NA,unknown
WS31,Plethodon sp.,NA,NA,unknown
WS27R,Plethodon hybrid,NA,45,female
WS27R,Plethodon hybrid,NA,49,unknown
WS27R,Plethodon hybrid,NA,32,unknown
WS27R,Plethodon hybrid,NA,43,female
WS27R,Plethodon hybrid,NA,NA,unknown
WS27R,Plethodon hybrid,NA,35,unknown
WS27R,Plethodon shermani,NA,NA,unknown
WS27R,Plethodon shermani,NA,36,unknown
WS27R,Plethodon shermani,NA,NA,unknown
WS27R,Plethodon shermani,NA,34,unknown
WS27R,Plethodon shermani,NA,36,unknown
WS27R,Plethodon hybrid,NA,36,unknown
WS27R,Plethodon hybrid,NA,28,unknown
WS27R,Plethodon hybrid,NA,27,unknown
WS27R,Plethodon hybrid,NA,31,unknown
WS27R,Plethodon hybrid,NA,NA,unknown
WS27R,Plethodon hybrid,NA,43,unknown
WSXF,Plethodon hybrid,NA,NA,unknown
WSXR,Plethodon hybrid,NA,51,male
WSXR,Plethodon hybrid,NA,57,female
WSXR,Plethodon hybrid,NA,45,unknown
WSXR,Plethodon hybrid,NA,38,unknown
WSXR,Plethodon hybrid,NA,35,unknown
WSXR,Plethodon hybrid,NA,36,unknown
WSXR,Plethodon hybrid,NA,19,unknown
WSXR,Plethodon hybrid,NA,NA,unknown
WSXR,Plethodon sp.,NA,NA,unknown
WSXR,Plethodon sp.,NA,47,unknown
WSXR,Plethodon sp.,NA,31,unknown
WSXR,Plethodon sp.,NA,52,female
WSXR,Plethodon hybrid,NA,30,unknown
WSXR,Plethodon hybrid,NA,33,unknown
WSXR,Plethodon hybrid,NA,31,unknown
WSXR,Plethodon hybrid,NA,45,unknown
WSXR,Plethodon hybrid,NA,33,unknown
WSXR,Plethodon hybrid,NA,NA,unknown
WSXR,Plethodon hybrid,NA,45,unknown
WSXR,Plethodon hybrid,NA,NA,unknown
WSXR,Plethodon hybrid,NA,56,female
WSXR,Plethodon hybrid,NA,46,female
WSXR,Plethodon hybrid,NA,52,female
WSXR,Plethodon hybrid,NA,58,female
WSXR,Plethodon hybrid,NA,52,female
WSXR,Plethodon hybrid,NA,42,unknown
WSXR,Plethodon hybrid,NA,36,unknown
WSXR,Plethodon hybrid,NA,45,female
WSXR,Plethodon hybrid,NA,33,unknown
WSXR,Plethodon hybrid,NA,54,female
WSXR,Plethodon hybrid,NA,53,male
WSXR,Plethodon hybrid,NA,34,unknown
WS32,Plethodon sp.,NA,17,unknown
WS32,Plethodon hybrid,NA,65,female
WS32,Plethodon hybrid,NA,19,unknown
WS32,Plethodon hybrid,NA,38,unknown
WS32,Plethodon sp.,NA,NA,unknown
WS32,Plethodon hybrid,NA,49,unknown
WS32,Plethodon sp.,NA,64,female
WS32,Plethodon sp.,NA,NA,unknown
WS32,Plethodon sp.,NA,NA,unknown
WS32,Plethodon hybrid,NA,NA,unknown
WS32,Plethodon hybrid,NA,62,male
WS32,Plethodon hybrid,NA,NA,unknown
WS32,Plethodon hybrid,NA,35,unknown
WS32,Plethodon hybrid,NA,17,unknown
WS32,Plethodon hybrid,NA,NA,unknown
WS32,Plethodon hybrid,NA,NA,unknown
WS32,Plethodon hybrid,NA,22,unknown
WS32,Plethodon hybrid,NA,19,unknown
WS32,Plethodon hybrid,NA,35,unknown
WS32,Plethodon hybrid,NA,54,female
WS32,Plethodon hybrid,NA,NA,male
WS32,Plethodon hybrid,NA,NA,female
WS32,Plethodon hybrid,NA,NA,unknown
WS32,Plethodon hybrid,NA,36,unknown
WS32,Plethodon hybrid,NA,53,male
WS27C,Plethodon sp.,NA,37,unknown
WS27C,Plethodon sp.,NA,35,unknown
WS27C,Plethodon sp.,NA,43,unknown
WS27C,Plethodon hybrid,NA,43,female
WS27C,Plethodon hybrid,NA,45,female
WS27C,Plethodon hybrid,NA,32,unknown
WS27C,Plethodon hybrid,NA,NA,unknown
WS27C,Plethodon hybrid,NA,NA,unknown
WS27C,Plethodon hybrid,NA,62,unknown
WS27C,Plethodon hybrid,NA,51,unknown
WS27C,Plethodon hybrid,NA,63,unknown
WS27C,Plethodon hybrid,NA,52,unknown
WS27C,Plethodon hybrid,NA,39,unknown
WS27C,Plethodon hybrid,NA,30,unknown
WS27C,Plethodon hybrid,NA,40,unknown
WS27C,Plethodon hybrid,NA,42,unknown
WS27C,Plethodon hybrid,NA,33,unknown
WSXC,Plethodon hybrid,NA,NA,unknown
WSXC,Plethodon hybrid,NA,42,unknown
WSXC,Plethodon hybrid,NA,36,unknown
WSXC,Plethodon hybrid,NA,43,unknown
WSXC,Plethodon hybrid,NA,19,unknown
WSXC,Plethodon hybrid,NA,56,female
WS40C,Plethodon hybrid,NA,67,male
WS40C,Plethodon hybrid,NA,23,unknown
WS40C,Plethodon hybrid,NA,59,female
WS40C,Plethodon hybrid,NA,46,unknown
WS40C,Plethodon hybrid,NA,59,female
WS40C,Plethodon sp.,NA,NA,male
WS40C,Plethodon hybrid,NA,NA,unknown
WS40C,Plethodon hybrid,NA,20,unknown
WS40C,Plethodon hybrid,NA,20,unknown
WS40C,Plethodon hybrid,NA,22,unknown
WS40C,Plethodon hybrid,NA,44,unknown
WS40C,Plethodon hybrid,NA,60,female
WS40C,Plethodon hybrid,NA,54,female
WS40C,Plethodon hybrid,NA,22,unknown
WS40C,Plethodon hybrid,NA,44,unknown
WS40C,Plethodon hybrid,NA,33,unknown
WS40C,Plethodon sp.,NA,NA,unknown
WS40C,Plethodon sp.,NA,46,unknown
WS40C,Plethodon sp.,NA,24,unknown
WS40C,Plethodon sp.,NA,67,female
WS40C,Plethodon hybrid,NA,NA,unknown
WS40C,Plethodon hybrid,NA,NA,unknown
WS40C,Plethodon hybrid,NA,42,male
WS40C,Plethodon hybrid,NA,72,female
WS40C,Plethodon hybrid,NA,47,male
WS40C,Plethodon hybrid,NA,23,unknown
WS40M,Plethodon sp.,NA,67,female
WS40M,Plethodon sp.,NA,22,unknown
WS40M,Plethodon sp.,NA,NA,unknown
WS40M,Plethodon sp.,NA,42,unknown
WS40M,Plethodon sp.,NA,21,unknown
WS40M,Plethodon sp.,NA,61,female
WS40M,Plethodon hybrid,NA,62,female
WS40M,Plethodon hybrid,NA,68,female
WS40M,Plethodon hybrid,NA,62,female
WS40M,Plethodon hybrid,NA,NA,unknown
WS40M,Plethodon hybrid,NA,55,unknown
WS40M,Plethodon hybrid,NA,43,unknown
WS40M,Plethodon hybrid,NA,46,unknown
WS40M,Plethodon hybrid,NA,52,unknown
WS40M,Plethodon hybrid,NA,41,unknown
WS40M,Plethodon hybrid,NA,NA,unknown
WS40M,Plethodon hybrid,NA,52,female
WS40M,Plethodon hybrid,NA,64,male
WS40M,Plethodon hybrid,NA,63,male
WS40M,Plethodon hybrid,NA,56,female
WS40M,Plethodon hybrid,NA,47,unknown
WS40M,Plethodon hybrid,NA,65,female
WS40M,Plethodon hybrid,NA,45,unknown
WS40M,Plethodon hybrid,NA,NA,unknown
WS40M,Plethodon hybrid,NA,63,male
WS40M,Plethodon hybrid,NA,46,male
WS40M,Plethodon hybrid,NA,44,female
WS10C,Plethodon hybrid,NA,49,female
WS10C,Plethodon hybrid,NA,59,female
WS10C,Plethodon hybrid,NA,58,female
WS10C,Plethodon hybrid,NA,60,male
WS10C,Plethodon hybrid,NA,25,unknown
WS10C,Plethodon hybrid,NA,78,female
WS10C,Plethodon hybrid,NA,51,unknown
WS10C,Plethodon hybrid,NA,79,female
WS40C,Plethodon sp.,NA,49,unknown
WS40C,Plethodon sp.,NA,45,unknown
WS40C,Plethodon sp.,NA,63,female
WS7C,Plethodon hybrid,NA,70,female
WS7C,Plethodon sp.,NA,NA,female
WS7C,Plethodon hybrid,NA,60,male
WS7C,Plethodon hybrid,NA,59,female
WS7C,Plethodon hybrid,NA,46,unknown
WS7C,Plethodon hybrid,NA,28,unknown
WS7C,Plethodon hybrid,NA,NA,unknown
WS10M,Plethodon sp.,NA,46,unknown
WS10M,Plethodon hybrid,NA,20,unknown
2750,Plethodon sp.,NA,45,unknown
2750,Plethodon sp.,NA,42,unknown
2750,Plethodon sp.,NA,49,unknown
2750,Plethodon sp.,NA,70,Female
2750,Plethodon sp.,NA,39,unknown
2750,Plethodon sp.,NA,54,unknown
2750,Plethodon sp.,NA,41,unknown
2750,Plethodon sp.,NA,41,unknown
2750,Plethodon sp.,NA,73,Female
2750,Plethodon sp.,NA,55,unknown
2750,Plethodon sp.,NA,62,Female
2750,Plethodon sp.,NA,34,unknown
2750,Plethodon sp.,NA,20,unknown
2750,Plethodon sp.,NA,19,unknown
2750,Plethodon sp.,NA,43,unknown
2750,Plethodon sp.,NA,57,unknown
2750,Plethodon sp.,NA,52,unknown
2750,Plethodon sp.,NA,50,unknown
2750,Plethodon sp.,NA,17,unknown
2750,Plethodon sp.,NA,57,unknown
2750,Plethodon sp.,NA,19,unknown
2850,Plethodon sp.,NA,59,unknown
2850,Plethodon sp.,NA,62,Female
2850,Plethodon sp.,NA,62,Female
2850,Plethodon sp.,NA,48,unknown
2850,Plethodon sp.,NA,36,unknown
2850,Plethodon sp.,NA,55,unknown
2850,Plethodon sp.,NA,38,unknown
2850,Plethodon sp.,NA,73,Female
2850,Plethodon sp.,NA,66,Male
2850,Plethodon sp.,NA,41,unknown
2850,Plethodon sp.,NA,20,unknown
2850,Plethodon sp.,NA,21,unknown
2850,Plethodon sp.,NA,50,unknown
2850,Plethodon sp.,NA,51,unknown
2850,Plethodon sp.,NA,64,Female
2850,Plethodon sp.,NA,39,unknown
2850,Plethodon sp.,NA,39,unknown
2850,Plethodon sp.,NA,68,Female
2850,Plethodon sp.,NA,55,unknown
2850,Plethodon sp.,NA,72,Female
2850,Plethodon sp.,NA,63,Female
2850,Plethodon sp.,NA,36,unknown
2850,Plethodon sp.,NA,54,unknown
2850,Plethodon sp.,NA,66,Female
2850,Plethodon sp.,NA,60,unknown
2950,Plethodon sp.,NA,36,unknown
2950,Plethodon sp.,NA,32,unknown
2950,Plethodon sp.,NA,76,unknown
2950,Plethodon sp.,NA,42,unknown
2950,Plethodon sp.,NA,33,unknown
2950,Plethodon sp.,NA,64,Female
2950,Plethodon sp.,NA,54,unknown
2950,Plethodon sp.,NA,44,unknown
2950,Plethodon sp.,NA,57,unknown
2950,Plethodon sp.,NA,13,unknown
2950,Plethodon sp.,NA,18,unknown
2950,Plethodon sp.,NA,27,unknown
2950,Plethodon sp.,NA,18,unknown
2950,Plethodon sp.,NA,53,unknown
2950,Plethodon sp.,NA,42,unknown
2950,Plethodon sp.,NA,33,unknown
2950,Plethodon sp.,NA,23,unknown
2950,Plethodon sp.,NA,34,unknown
2950,Plethodon sp.,NA,56,unknown
2950,Plethodon sp.,NA,55,unknown
2950,Plethodon sp.,NA,18,unknown
2950,Plethodon sp.,NA,17,unknown
2950,Plethodon sp.,NA,17,unknown
2950,Plethodon sp.,NA,13,unknown
2950,Plethodon sp.,NA,15,unknown
2950,Plethodon sp.,NA,16,unknown
2950,Plethodon sp.,NA,41,unknown
WS12,Plethodon hybrid,NA,46,female
WS12,Plethodon hybrid,NA,67,female
WS12,Plethodon hybrid,NA,42,unknown
WS12,Plethodon sp.,NA,67,female
WS12,Plethodon sp.,NA,44,unknown
WS12,Plethodon hybrid,NA,59,female
WS18C,Plethodon hybrid,NA,75,female
WS18R,Plethodon hybrid,NA,25,unknown
WS6M,Plethodon hybrid,NA,NA,unknown
WS6M,Plethodon hybrid,NA,NA,unknown
WS6M,Plethodon sp.,NA,49,unknown
FOSSite1,Plethodon hybrid,NA,56,female
2750,Plethodon sp.,NA,42,unknown
2750,Plethodon sp.,NA,43,unknown
2750,Plethodon sp.,NA,44,unknown
2750,Plethodon sp.,NA,39,unknown
2750,Plethodon sp.,NA,37,unknown
2750,Plethodon sp.,NA,60,Female
2750,Plethodon sp.,NA,57,unknown
2750,Plethodon sp.,NA,57,Female
2750,Plethodon sp.,NA,41,unknown
2850,Plethodon sp.,NA,18,unknown
2850,Plethodon sp.,NA,59,Female
2850,Plethodon sp.,NA,63,Female
2850,Plethodon sp.,NA,72,Female
2850,Plethodon sp.,NA,68,Female
2850,Plethodon sp.,NA,54,unknown
2850,Plethodon sp.,NA,49,unknown
2850,Plethodon sp.,NA,54,unknown
2850,Plethodon sp.,NA,72,Female
2850,Plethodon sp.,NA,64,Female
2950,Plethodon sp.,NA,31,unknown
2950,Plethodon sp.,NA,54,unknown
2950,Plethodon sp.,NA,34,unknown
2950,Plethodon sp.,NA,32,unknown
2950,Plethodon sp.,NA,28,unknown
2950,Plethodon sp.,NA,58,unknown
2950,Plethodon sp.,NA,48,unknown
2950,Plethodon sp.,NA,69,Female
2950,Plethodon sp.,NA,19,unknown
2950,Plethodon sp.,NA,18,unknown
2950,Plethodon sp.,NA,63,unknown
2950,Plethodon sp.,NA,47,unknown
2950,Plethodon sp.,NA,24,unknown
2950,Plethodon sp.,NA,46,unknown
2950,Plethodon sp.,NA,11,unknown
2950,Plethodon sp.,NA,19,unknown
2950,Plethodon sp.,NA,18,unknown
2950,Plethodon sp.,NA,17,unknown
WSXM,Plethodon hybrid,NA,39,unknown
WSXM,Plethodon hybrid,NA,34,unknown
WSXM,Plethodon hybrid,NA,NA,unknown
WSXM,Plethodon hybrid,NA,53,female
2750,Plethodon sp.,NA,39,unknown
2750,Plethodon sp.,NA,64,Female
2750,Plethodon sp.,NA,17,unknown
2750,Plethodon sp.,NA,53,unknown
2850,Plethodon sp.,NA,53,unknown
2850,Plethodon sp.,NA,41,unknown
2850,Plethodon sp.,NA,60,Male
2850,Plethodon sp.,NA,21,unknown
2850,Plethodon sp.,NA,57,unknown
2850,Plethodon sp.,NA,32,unknown
2850,Plethodon sp.,NA,16,unknown
2850,Plethodon sp.,NA,20,unknown
2850,Plethodon sp.,NA,59,Male
2950,Plethodon sp.,NA,32,unknown
2950,Plethodon sp.,NA,33,unknown
2950,Plethodon sp.,NA,58,Female
2950,Plethodon sp.,NA,56,unknown
2950,Plethodon sp.,NA,31,unknown
2950,Plethodon sp.,NA,37,unknown
2950,Plethodon sp.,NA,41,unknown
2950,Plethodon sp.,NA,77,Female
2950,Plethodon sp.,NA,14,unknown
WS27R,Plethodon hybrid,NA,32,female
WS27R,Plethodon hybrid,NA,15,unknown
WS27R,Plethodon hybrid,NA,32,unknown
WS27R,Plethodon hybrid,NA,22,unknown
WS27R,Plethodon hybrid,NA,NA,unknown
WS27R,Plethodon hybrid,NA,40,female
WS27R,Plethodon hybrid,NA,50,female
WS27R,Plethodon hybrid,NA,38,unknown
WS27R,Plethodon hybrid,NA,15,unknown
WS27R,Plethodon hybrid,NA,35,female
WS27R,Plethodon hybrid,NA,48,male
WS7C,Plethodon hybrid,NA,22,unknown
WS40R,Plethodon hybrid,NA,63,female
WS40R,Plethodon hybrid,NA,59,female
WS40R,Plethodon hybrid,NA,21,unknown
WS36R,Plethodon hybrid,NA,47,female
WS36R,Plethodon hybrid,NA,43,unknown
WS36M,Plethodon hybrid,NA,38,unknown
WS36M,Plethodon hybrid,NA,NA,unknown
WS36M,Plethodon hybrid,NA,39,unknown
WS36M,Plethodon hybrid,NA,52,female
WS36M,Plethodon hybrid,NA,NA,unknown
WS36M,Plethodon hybrid,NA,58,female
WS36M,Plethodon hybrid,NA,32,unknown
WS36M,Plethodon hybrid,NA,19,unknown
WS36M,Plethodon hybrid,NA,36,female
WSXC,Plethodon hybrid,NA,46,female
WSXC,Plethodon hybrid,NA,44,female
WSXC,Plethodon hybrid,NA,66,female
Hurricane Creek Sassafras Ridge,Plethodon hybrid,NA,32,unknown
Hurricane Creek Sassafras Ridge,Plethodon hybrid,NA,31,unknown
Hurricane Creek Sassafras Ridge,Plethodon hybrid,NA,44,unknown
Hurricane Creek Sassafras Ridge,Plethodon hybrid,NA,36,unknown
Hurricane Creek Sassafras Ridge,Plethodon hybrid,NA,24,unknown
Hurricane Creek Sassafras Ridge,Plethodon hybrid,NA,50,female
Hurricane Creek Sassafras Ridge,Plethodon hybrid,NA,51,unknown
Hurricane Creek Sassafras Ridge,Plethodon hybrid,NA,52,unknown
Hurricane Creek Sassafras Ridge,Plethodon hybrid,NA,40,unknown
Hurricane Creek Sassafras Ridge,Plethodon hybrid,NA,43,unknown
Hurricane Creek Sassafras Ridge,Plethodon hybrid,NA,NA,unknown
Hurricane Creek Sassafras Ridge,Plethodon hybrid,NA,13,unknown
Hurricane Creek Sassafras Ridge,Plethodon hybrid,NA,42,female
Hurricane Creek Sassafras Ridge,Plethodon hybrid,NA,45,female
Hurricane Creek Sassafras Ridge,Plethodon hybrid,NA,48,female
Hurricane Creek Sassafras Ridge,Plethodon hybrid,NA,22,unknown
Hurricane Creek Sassafras Ridge,Plethodon hybrid,NA,55,female
Hurricane Creek Sassafras Ridge,Plethodon shermani,NA,41,unknown
Hurricane Creek Sassafras Ridge,Plethodon shermani,NA,42,female
Hurricane Creek Sassafras Ridge,Plethodon shermani,NA,40,male
Hurricane Creek Sassafras Ridge,Plethodon shermani,NA,31,unknown
Hurricane Creek Sassafras Ridge,Plethodon shermani,NA,50,male
Hurricane Creek Sassafras Ridge,Plethodon hybrid,NA,40,unknown
Hurricane Creek Sassafras Ridge,Plethodon hybrid,NA,32,unknown
Hurricane Creek Sassafras Ridge,Plethodon hybrid,NA,NA,unknown
Hurricane Creek Sassafras Ridge,Plethodon hybrid,NA,58,female
Hurricane Creek Sassafras Ridge,Plethodon hybrid,NA,37,unknown
Hurricane Creek Sassafras Ridge,Plethodon hybrid,NA,51,female
Hurricane Creek Sassafras Ridge,Plethodon hybrid,NA,38,unknown
Hurricane Creek Sassafras Ridge,Plethodon hybrid,NA,30,unknown
Hurricane Creek Sassafras Ridge,Plethodon hybrid,NA,31,unknown
Hurricane Creek Sassafras Ridge,Plethodon hybrid,NA,NA,unknown
Hurricane Creek Sassafras Ridge,Plethodon hybrid,NA,31,unknown
Hurricane Creek Sassafras Ridge,Plethodon hybrid,NA,42,unknown
Hurricane Creek Sassafras Ridge,Plethodon hybrid,NA,43,unknown
Hurricane Creek Sassafras Ridge,Plethodon hybrid,NA,35,unknown
Hurricane Creek Sassafras Ridge,Plethodon hybrid,NA,27,unknown
Hurricane Creek Sassafras Ridge,Plethodon hybrid,NA,31,unknown
Hurricane Creek Sassafras Ridge,Plethodon hybrid,NA,NA,unknown
Hurricane Creek Sassafras Ridge,Plethodon hybrid,NA,43,unknown
Hurricane Creek Sassafras Ridge,Plethodon hybrid,NA,32,unknown
Hurricane Creek Sassafras Ridge,Plethodon hybrid,NA,65,female
Hurricane Creek Sassafras Ridge,Plethodon hybrid,NA,29,unknown
Hurricane Creek Sassafras Ridge,Plethodon hybrid,NA,32,unknown
Hurricane Creek Sassafras Ridge,Plethodon hybrid,NA,43,unknown
Hurricane Creek Sassafras Ridge,Plethodon hybrid,NA,31,unknown
Hurricane Creek Sassafras Ridge,Plethodon hybrid,NA,32,unknown
Hurricane Creek Sassafras Ridge,Plethodon hybrid,NA,28,unknown
Hurricane Creek Sassafras Ridge,Plethodon hybrid,NA,45,female
Hurricane Creek Sassafras Ridge,Plethodon hybrid,NA,65,female
Hurricane Creek Sassafras Ridge,Plethodon hybrid,NA,33,unknown
Hurricane Creek Sassafras Ridge,Plethodon hybrid,NA,28,unknown
Hurricane Creek Sassafras Ridge,Plethodon hybrid,NA,43,unknown
Hurricane Creek Sassafras Ridge,Plethodon hybrid,NA,56,female
Hurricane Creek Sassafras Ridge,Plethodon hybrid,NA,16,unknown
Hurricane Creek Sassafras Ridge,Plethodon hybrid,NA,53,female
Hurricane Creek Sassafras Ridge,Plethodon hybrid,NA,50,male
Hurricane Creek Sassafras Ridge,Plethodon hybrid,NA,30,unknown
Hurricane Creek Sassafras Ridge,Plethodon hybrid,NA,35,unknown
Hurricane Creek Sassafras Ridge,Plethodon hybrid,NA,32,unknown
Hurricane Creek Sassafras Ridge,Plethodon hybrid,NA,58,female
Hurricane Creek Sassafras Ridge,Plethodon hybrid,NA,25,unknown
Hurricane Creek Sassafras Ridge,Plethodon hybrid,NA,48,unknown
Hurricane Creek Sassafras Ridge,Plethodon hybrid,NA,48,female
Hurricane Creek Sassafras Ridge,Plethodon hybrid,NA,30,unknown
Hurricane Creek Sassafras Ridge,Plethodon hybrid,NA,32,unknown
Hurricane Creek Sassafras Ridge,Plethodon hybrid,NA,25,unknown
Hurricane Creek Sassafras Ridge,Plethodon hybrid,NA,40,unknown
Hurricane Creek Sassafras Ridge,Plethodon hybrid,NA,45,unknown
Hurricane Creek Sassafras Ridge,Plethodon hybrid,NA,35,unknown
Hurricane Creek Sassafras Ridge,Plethodon hybrid,NA,32,unknown
Hurricane Creek Sassafras Ridge,Plethodon hybrid,NA,32,unknown
Hurricane Creek Sassafras Ridge,Plethodon hybrid,NA,45,male
Hurricane Creek Sassafras Ridge,Plethodon hybrid,NA,35,unknown
Hurricane Creek Sassafras Ridge,Plethodon hybrid,NA,32,unknown
Hurricane Creek Sassafras Ridge,Plethodon hybrid,NA,25,unknown
Hurricane Creek Sassafras Ridge,Plethodon hybrid,NA,40,unknown
WSXC,Plethodon hybrid,NA,62,female
WSXC,Plethodon hybrid,NA,53,female
WSXC,Plethodon hybrid,NA,58,female
WSXC,Plethodon hybrid,NA,53,female
WSXC,Plethodon hybrid,NA,58,female
WSXM,Plethodon hybrid,NA,NA,unknown
WSXM,Plethodon hybrid,NA,NA,unknown
WSXM,Plethodon hybrid,NA,NA,unknown
WSXM,Plethodon hybrid,NA,NA,unknown
WSXM,Plethodon hybrid,NA,36,unknown
WSXM,Plethodon hybrid,NA,17,unknown
WSXM,Plethodon hybrid,NA,42,male
WSXM,Plethodon hybrid,NA,18,unknown
Bearpen,Plethodon shermani,NA,46,unknown
Bearpen,Plethodon shermani,NA,42,unknown
Bearpen,Plethodon shermani,NA,42,unknown
Bearpen,Plethodon shermani,NA,53,female
Bearpen,Plethodon shermani,NA,33,unknown
Bearpen,Plethodon shermani,NA,NA,unknown
Bearpen,Plethodon shermani,NA,33,unknown
Bearpen,Plethodon shermani,NA,43,unknown
Bearpen,Plethodon shermani,NA,33,unknown
Bearpen,Plethodon shermani,NA,NA,unknown
Bearpen,Plethodon shermani,NA,35,unknown
Bearpen,Plethodon shermani,NA,42,unknown
Bearpen,Plethodon shermani,NA,43,unknown
Bearpen,Plethodon hybrid,NA,40,unknown
Bearpen,Plethodon hybrid,NA,32,unknown
Bearpen,Plethodon hybrid,NA,40,unknown
Bearpen,Plethodon hybrid,NA,22,unknown
Bearpen,Plethodon shermani,NA,25,unknown
Bearpen,Plethodon shermani,NA,28,unknown
Bearpen,Plethodon shermani,NA,45,unknown
Bearpen,Plethodon shermani,NA,31,unknown
Bearpen,Plethodon shermani,NA,59,female
Bearpen,Plethodon shermani,NA,35,unknown
Bearpen,Plethodon shermani,NA,38,unknown
Bearpen,Plethodon shermani,NA,30,unknown
Bearpen,Plethodon shermani,NA,30,unknown
Bearpen,Plethodon shermani,NA,42,unknown
Bearpen,Plethodon shermani,NA,28,unknown
Bearpen,Plethodon shermani,NA,52,unknown
Bearpen,Plethodon shermani,NA,50,unknown
Bearpen,Plethodon shermani,NA,38,unknown
Bearpen,Plethodon shermani,NA,NA,unknown
Bearpen,Plethodon shermani,NA,42,unknown
Bearpen,Plethodon shermani,NA,45,unknown
Bearpen,Plethodon shermani,NA,48,female
Bearpen,Plethodon shermani,NA,45,unknown
Bearpen,Plethodon shermani,NA,32,unknown
Bearpen,Plethodon shermani,NA,40,unknown
Bearpen,Plethodon shermani,NA,48,unknown
Bearpen,Plethodon shermani,NA,40,unknown
Bearpen,Plethodon shermani,NA,57,unknown
Bearpen,Plethodon shermani,NA,NA,unknown
Bearpen,Plethodon shermani,NA,53,male
Bearpen,Plethodon shermani,NA,59,female
Bearpen,Plethodon shermani,NA,35,unknown
Bearpen,Plethodon shermani,NA,38,unknown
Bearpen,Plethodon shermani,NA,32,unknown
Hurricane Creek Sassafras Ridge,Plethodon shermani,NA,36,unknown
Hurricane Creek Sassafras Ridge,Plethodon shermani,NA,NA,unknown
Hurricane Creek Sassafras Ridge,Plethodon shermani,NA,54,unknown
Hurricane Creek Sassafras Ridge,Plethodon shermani,NA,45,unknown
Hurricane Creek Sassafras Ridge,Plethodon shermani,NA,34,unknown
Hurricane Creek Sassafras Ridge,Plethodon hybrid,NA,22,unknown
Hurricane Creek Sassafras Ridge,Plethodon hybrid,NA,NA,unknown
Hurricane Creek Sassafras Ridge,Plethodon hybrid,NA,35,unknown
Hurricane Creek Sassafras Ridge,Plethodon hybrid,NA,36,unknown
Hurricane Creek Sassafras Ridge,Plethodon hybrid,NA,27,unknown
Hurricane Creek Sassafras Ridge,Plethodon hybrid,NA,32,unknown
Hurricane Creek Sassafras Ridge,Plethodon hybrid,NA,38,unknown
Hurricane Creek Sassafras Ridge,Plethodon hybrid,NA,28,unknown
Hurricane Creek Sassafras Ridge,Plethodon hybrid,NA,15,unknown
Hurricane Creek Sassafras Ridge,Plethodon hybrid,NA,30,unknown
Hurricane Creek Sassafras Ridge,Plethodon hybrid,NA,50,female
Hurricane Creek Sassafras Ridge,Plethodon hybrid,NA,45,male
Hurricane Creek Sassafras Ridge,Plethodon hybrid,NA,30,unknown
Buck Creek,Plethodon shermani,NA,55,unknown
Buck Creek,Plethodon shermani,NA,32,unknown
Buck Creek,Plethodon shermani,NA,NA,unknown
Buck Creek,Plethodon shermani,NA,47,unknown
Buck Creek,Plethodon shermani,NA,65,female
Buck Creek,Plethodon shermani,NA,42,unknown
Buck Creek,Plethodon shermani,NA,63,female
Buck Creek,Plethodon shermani,NA,57,female
Buck Creek,Plethodon shermani,NA,44,unknown
Buck Creek,Plethodon shermani,NA,34,unknown
Buck Creek,Plethodon shermani,NA,16,unknown
Buck Creek,Plethodon shermani,NA,63,female
Buck Creek,Plethodon shermani,NA,49,female
Buck Creek,Plethodon shermani,NA,42,unknown
Buck Creek,Plethodon shermani,NA,46,unknown
Buck Creek,Plethodon shermani,NA,40,unknown
Buck Creek,Plethodon shermani,NA,50,female
Buck Creek,Plethodon shermani,NA,45,unknown
Buck Creek,Plethodon shermani,NA,61,female
Buck Creek,Plethodon shermani,NA,32,unknown
Buck Creek,Plethodon shermani,NA,58,female
Buck Creek,Plethodon shermani,NA,43,unknown
Buck Creek,Plethodon shermani,NA,42,unknown
Buck Creek,Plethodon shermani,NA,51,female
Buck Creek,Plethodon shermani,NA,41,unknown
Buck Creek,Plethodon shermani,NA,53,female
Buck Creek,Plethodon shermani,NA,39,unknown
Buck Creek,Plethodon shermani,NA,41,unknown
Buck Creek,Plethodon shermani,NA,64,female
Buck Creek,Plethodon shermani,NA,62,female
Buck Creek,Plethodon shermani,NA,62,female
Buck Creek,Plethodon shermani,NA,15,unknown
Buck Creek,Plethodon shermani,NA,41,unknown
Buck Creek,Plethodon shermani,NA,52,unknown
Buck Creek,Plethodon shermani,NA,61,female
Buck Creek,Plethodon shermani,NA,50,unknown
Buck Creek,Plethodon shermani,NA,52,unknown
Buck Creek,Plethodon shermani,NA,50,unknown
Buck Creek,Plethodon shermani,NA,56,female
Buck Creek,Plethodon shermani,NA,36,unknown
Buck Creek,Plethodon shermani,NA,45,unknown
Buck Creek,Plethodon shermani,NA,NA,unknown
Buck Creek,Plethodon shermani,NA,60,male
Buck Creek,Plethodon shermani,NA,61,male
Buck Creek,Plethodon shermani,NA,60,male
Buck Creek,Plethodon shermani,NA,45,unknown
Buck Creek,Plethodon shermani,NA,50,unknown
Buck Creek,Plethodon shermani,NA,48,unknown
Buck Creek,Plethodon shermani,NA,31,unknown
Buck Creek,Plethodon shermani,NA,52,unknown
Buck Creek,Plethodon shermani,NA,34,unknown
Buck Creek,Plethodon shermani,NA,57,male
Buck Creek,Plethodon shermani,NA,43,unknown
Buck Creek,Plethodon shermani,NA,40,unknown
Buck Creek,Plethodon shermani,NA,62,female
Buck Creek,Plethodon shermani,NA,36,unknown
Buck Creek,Plethodon shermani,NA,30,unknown
Buck Creek,Plethodon shermani,NA,38,unknown
Buck Creek,Plethodon shermani,NA,30,unknown
Buck Creek,Plethodon shermani,NA,32,unknown
Buck Creek,Plethodon shermani,NA,20,unknown
Buck Creek,Plethodon shermani,NA,56,male
Buck Creek,Plethodon shermani,NA,66,female
Buck Creek,Plethodon shermani,NA,58,female
Buck Creek,Plethodon shermani,NA,18,unknown
Buck Creek,Plethodon shermani,NA,35,unknown
Buck Creek,Plethodon shermani,NA,58,female
Buck Creek,Plethodon shermani,NA,45,unknown
Buck Creek,Plethodon shermani,NA,NA,unknown
Buck Creek,Plethodon shermani,NA,55,female
Buck Creek,Plethodon shermani,NA,NA,unknown
Buck Creek,Plethodon shermani,NA,40,unknown
Buck Creek,Plethodon shermani,NA,45,unknown
Buck Creek,Plethodon shermani,NA,20,unknown
Buck Creek,Plethodon shermani,NA,31,unknown
Buck Creek,Plethodon shermani,NA,33,unknown
Buck Creek,Plethodon shermani,NA,51,female
Buck Creek,Plethodon shermani,NA,55,female
Buck Creek,Plethodon shermani,NA,59,female
Buck Creek,Plethodon shermani,NA,42,female
Buck Creek,Plethodon shermani,NA,55,female
Buck Creek,Plethodon shermani,NA,41,unknown
Buck Creek,Plethodon shermani,NA,47,female
Buck Creek,Plethodon shermani,NA,NA,unknown
Buck Creek,Plethodon shermani,NA,30,unknown
Buck Creek,Plethodon shermani,NA,50,female
Buck Creek,Plethodon shermani,NA,36,unknown
Buck Creek,Plethodon shermani,NA,45,unknown
Buck Creek,Plethodon shermani,NA,42,unknown
Buck Creek,Plethodon shermani,NA,58,female
Buck Creek,Plethodon shermani,NA,40,unknown
Buck Creek,Plethodon shermani,NA,45,unknown
Buck Creek,Plethodon shermani,NA,48,male
Buck Creek,Plethodon shermani,NA,52,female
Buck Creek,Plethodon shermani,NA,25,unknown
Buck Creek,Plethodon shermani,NA,42,unknown
Buck Creek,Plethodon shermani,NA,45,unknown
Buck Creek,Plethodon shermani,NA,36,unknown
Buck Creek,Plethodon shermani,NA,45,unknown
Buck Creek,Plethodon shermani,NA,60,female
Buck Creek,Plethodon shermani,NA,50,female
Buck Creek,Plethodon shermani,NA,52,male
Buck Creek,Plethodon shermani,NA,50,male
Buck Creek,Plethodon shermani,NA,33,unknown
Buck Creek,Plethodon shermani,NA,59,female
Buck Creek,Plethodon shermani,NA,55,unknown
Buck Creek,Plethodon shermani,NA,55,female
Buck Creek,Plethodon shermani,NA,50,unknown
Buck Creek,Plethodon shermani,NA,48,unknown
Buck Creek,Plethodon shermani,NA,68,female
Buck Creek,Plethodon shermani,NA,64,unknown
Buck Creek,Plethodon shermani,NA,16,unknown
Buck Creek,Plethodon shermani,NA,58,female
Buck Creek,Plethodon shermani,NA,52,female
Buck Creek,Plethodon shermani,NA,62,female
Buck Creek,Plethodon shermani,NA,60,female
Buck Creek,Plethodon shermani,NA,34,unknown
Buck Creek,Plethodon shermani,NA,43,unknown
Buck Creek,Plethodon shermani,NA,63,female
Buck Creek,Plethodon shermani,NA,43,unknown
Buck Creek,Plethodon shermani,NA,NA,unknown
Buck Creek,Plethodon shermani,NA,NA,unknown
Buck Creek,Plethodon shermani,NA,61,female
Buck Creek,Plethodon shermani,NA,37,unknown
Buck Creek,Plethodon shermani,NA,33,unknown
Buck Creek,Plethodon shermani,NA,38,unknown
Buck Creek,Plethodon shermani,NA,16,unknown
Buck Creek,Plethodon shermani,NA,32,unknown
Buck Creek,Plethodon shermani,NA,61,female
Buck Creek,Plethodon shermani,NA,50,unknown
Lordamercy Cove,Plethodon chattahoochee,NA,45,female
Lordamercy Cove,Plethodon chattahoochee,NA,55,female
Lordamercy Cove,Plethodon chattahoochee,NA,50,male
Lordamercy Cove,Plethodon chattahoochee,NA,25,unknown
Lordamercy Cove,Plethodon chattahoochee,NA,NA,unknown
Lordamercy Cove,Plethodon chattahoochee,NA,NA,unknown
Lordamercy Cove,Plethodon chattahoochee,NA,40,unknown
Lordamercy Cove,Plethodon chattahoochee,NA,51,female
Lordamercy Cove,Plethodon chattahoochee,NA,59,female
Lordamercy Cove,Plethodon chattahoochee,NA,61,female
Lordamercy Cove,Plethodon chattahoochee,NA,54,female
Lordamercy Cove,Plethodon chattahoochee,NA,59,female
Lordamercy Cove,Plethodon chattahoochee,NA,25,unknown
Lordamercy Cove,Plethodon chattahoochee,NA,50,female
Lordamercy Cove,Plethodon chattahoochee,NA,61,female
Lordamercy Cove,Plethodon chattahoochee,NA,83,female
Lordamercy Cove,Plethodon chattahoochee,NA,25,unknown
Lordamercy Cove,Plethodon chattahoochee,NA,70,female
Lordamercy Cove,Plethodon chattahoochee,NA,40,unknown
Lordamercy Cove,Plethodon chattahoochee,NA,42,unknown
Lordamercy Cove,Plethodon chattahoochee,NA,25,unknown
Lordamercy Cove,Plethodon chattahoochee,NA,48,male
Lordamercy Cove,Plethodon chattahoochee,NA,50,female
Lordamercy Cove,Plethodon chattahoochee,NA,48,unknown
Lordamercy Cove,Plethodon chattahoochee,NA,45,unknown
Lordamercy Cove,Plethodon chattahoochee,NA,50,female
Lordamercy Cove,Plethodon chattahoochee,NA,62,female
Lordamercy Cove,Plethodon chattahoochee,NA,60,female
Lordamercy Cove,Plethodon chattahoochee,NA,15,unknown
Lordamercy Cove,Plethodon chattahoochee,NA,44,unknown
Lordamercy Cove,Plethodon chattahoochee,NA,25,unknown
Lordamercy Cove,Plethodon chattahoochee,NA,66,female
Lordamercy Cove,Plethodon chattahoochee,NA,56,female
DF5,Plethodon hybrid,NA,79,female
DF5,Plethodon hybrid,NA,NA,unknown
DF4,Plethodon hybrid,NA,56,female
DF4,Plethodon hybrid,NA,79,female
DF4,Plethodon hybrid,NA,63,female
DF4,Plethodon hybrid,NA,80,female
DF4,Plethodon hybrid,NA,NA,unknown
DF4,Plethodon hybrid,NA,71,female
DF3,Plethodon hybrid,NA,45,unknown
DF2,Plethodon hybrid,NA,36,unknown
DF2,Plethodon hybrid,NA,29,unknown
DF2,Plethodon hybrid,NA,20,unknown
DF2,Plethodon hybrid,NA,NA,unknown
DF2,Plethodon hybrid,NA,17,unknown
DF2,Plethodon hybrid,NA,66,female
DF2,Plethodon hybrid,NA,58,male
DF2,Plethodon hybrid,NA,58,female
DF2,Plethodon hybrid,NA,36,female
DF3,Plethodon hybrid,NA,81,female
DF2,Plethodon hybrid,NA,51,female
DF2,Plethodon hybrid,NA,NA,unknown
DF2,Plethodon hybrid,NA,32,unknown
DF2,Plethodon hybrid,NA,46,female
DF1,Plethodon hybrid,NA,NA,unknown
DF1,Plethodon hybrid,NA,32,unknown
DF1,Plethodon hybrid,NA,60,male
DF1,Plethodon hybrid,NA,19,unknown
DF1,Plethodon hybrid,NA,63,female
DF1,Plethodon hybrid,NA,17,unknown
DF2,Plethodon hybrid,NA,53,female
DF2,Plethodon hybrid,NA,36,unknown
DF2,Plethodon hybrid,NA,33,unknown
DF2,Plethodon hybrid,NA,NA,unknown
Forge Creek,Plethodon teyahalee,NA,32,unknown
McKee Branch,Plethodon metcalfi,NA,NA,unknown
McKee Branch,Plethodon metcalfi,NA,51,unknown
McKee Branch,Plethodon metcalfi,NA,50,female
McKee Branch,Plethodon metcalfi,NA,44,unknown
McKee Branch,Plethodon metcalfi,NA,61,female
McKee Branch,Plethodon metcalfi,NA,53,unknown
McKee Branch,Plethodon cinereus,NA,36,female
McKee Branch,Plethodon metcalfi,NA,47,unknown
McKee Branch,Plethodon metcalfi,NA,49,female
McKee Branch,Plethodon metcalfi,NA,51,female
McKee Branch,Plethodon metcalfi,NA,44,unknown
McKee Branch,Plethodon metcalfi,NA,41,unknown
McKee Branch,Plethodon metcalfi,NA,52,male
McKee Branch,Plethodon metcalfi,NA,65,female
McKee Branch,Plethodon metcalfi,NA,52,unknown
McKee Branch,Plethodon metcalfi,NA,61,female
McKee Branch,Plethodon metcalfi,NA,43,unknown
McKee Branch,Plethodon metcalfi,NA,45,female
McKee Branch,Plethodon metcalfi,NA,43,unknown
McKee Branch,Plethodon metcalfi,NA,27,unknown
McKee Branch,Plethodon metcalfi,NA,57,female
McKee Branch,Plethodon metcalfi,NA,37,unknown
McKee Branch,Plethodon metcalfi,NA,24,unknown
McKee Branch,Plethodon metcalfi,NA,26,unknown
McKee Branch,Plethodon metcalfi,NA,47,male
McKee Branch,Plethodon metcalfi,NA,NA,unknown
McKee Branch,Plethodon metcalfi,NA,41,unknown
McKee Branch,Plethodon metcalfi,NA,NA,unknown
McKee Branch,Plethodon metcalfi,NA,33,unknown
McKee Branch,Plethodon metcalfi,NA,64,female
McKee Branch,Plethodon metcalfi,NA,30,unknown
McKee Branch,Plethodon metcalfi,NA,50,female
McKee Branch,Plethodon metcalfi,NA,NA,unknown
McKee Branch,Plethodon metcalfi,NA,NA,unknown
McKee Branch,Plethodon metcalfi,NA,65,male
McKee Branch,Plethodon metcalfi,NA,52,female
McKee Branch,Plethodon metcalfi,NA,28,unknown
McKee Branch,Plethodon metcalfi,NA,59,female
McKee Branch,Plethodon metcalfi,NA,65,female
McKee Branch,Plethodon metcalfi,NA,49,male
McKee Branch,Plethodon metcalfi,NA,36,unknown
McKee Branch,Plethodon metcalfi,NA,33,unknown
McKee Branch,Plethodon metcalfi,NA,55,female
McKee Branch,Plethodon metcalfi,NA,NA,unknown
McKee Branch,Plethodon metcalfi,NA,NA,unknown
McKee Branch,Plethodon metcalfi,NA,53,female
Kephart Prong,Plethodon jordani,NA,36,unknown
Kephart Prong,Plethodon jordani,NA,51,unknown
Kephart Prong,Plethodon jordani,NA,47,unknown
Kephart Prong,Plethodon jordani,NA,50,female
Kephart Prong,Plethodon jordani,NA,59,female
Kephart Prong,Plethodon jordani,NA,53,female
Kephart Prong,Plethodon jordani,NA,48,female
Kephart Prong,Plethodon jordani,NA,19,unknown
Kephart Prong,Plethodon jordani,NA,38,unknown
Kephart Prong,Plethodon jordani,NA,60,female
Kephart Prong,Plethodon jordani,NA,52,unknown
Kephart Prong,Plethodon jordani,NA,56,female
Kephart Prong,Plethodon jordani,NA,52,female
Kephart Prong,Plethodon jordani,NA,51,female
Kephart Prong,Plethodon jordani,NA,42,unknown
Kephart Prong,Plethodon jordani,NA,42,unknown
Kephart Prong,Plethodon jordani,NA,51,female
Kephart Prong,Plethodon jordani,NA,55,female
Kephart Prong,Plethodon jordani,NA,60,female
Kephart Prong,Plethodon jordani,NA,34,unknown
Kephart Prong,Plethodon jordani,NA,62,female
Kephart Prong,Plethodon jordani,NA,49,female
Kephart Prong,Plethodon jordani,NA,54,female
Kephart Prong,Plethodon jordani,NA,42,unknown
Kephart Prong,Plethodon jordani,NA,60,female
Kephart Prong,Plethodon jordani,NA,41,unknown
Kephart Prong,Plethodon jordani,NA,42,unknown
Kephart Prong,Plethodon jordani,NA,43,unknown
Kephart Prong,Plethodon jordani,NA,45,unknown
Kephart Prong,Plethodon jordani,NA,55,female
Kephart Prong,Plethodon jordani,NA,49,female
Kephart Prong,Plethodon jordani,NA,61,female
Kephart Prong,Plethodon jordani,NA,52,female
Kephart Prong,Plethodon jordani,NA,42,unknown
Kephart Prong,Plethodon jordani,NA,43,unknown
Kephart Prong,Plethodon jordani,NA,NA,unknown
Kephart Prong,Plethodon jordani,NA,52,female
Kephart Prong,Plethodon jordani,NA,NA,unknown
Kephart Prong,Plethodon jordani,NA,55,female
Kephart Prong,Plethodon jordani,NA,44,unknown
Kephart Prong,Plethodon jordani,NA,53,female
Kephart Prong,Plethodon jordani,NA,55,female
Kephart Prong,Plethodon jordani,NA,43,unknown
Kephart Prong,Plethodon jordani,NA,45,unknown
Kephart Prong,Plethodon jordani,NA,34,unknown
Kephart Prong,Plethodon jordani,NA,42,unknown
Kephart Prong,Plethodon jordani,NA,49,female
Kephart Prong,Plethodon jordani,NA,37,unknown
Kephart Prong,Plethodon jordani,NA,36,unknown
Kephart Prong,Plethodon jordani,NA,49,female
Kephart Prong,Plethodon jordani,NA,50,female
Kephart Prong,Plethodon jordani,NA,17,unknown
Kephart Prong,Plethodon jordani,NA,47,unknown
Kephart Prong,Plethodon jordani,NA,40,unknown
Kephart Prong,Plethodon jordani,NA,45,unknown
Kephart Prong,Plethodon jordani,NA,34,unknown
Kephart Prong,Plethodon jordani,NA,20,unknown
Kephart Prong,Plethodon jordani,NA,54,female
Long Bunk Trail,Plethodon cinereus,NA,43,female
Long Bunk Trail,Plethodon teyahalee,NA,60,female
Long Bunk Trail,Plethodon teyahalee,NA,43,unknown
Long Bunk Trail,Plethodon teyahalee,NA,38,unknown
Long Bunk Trail,Plethodon teyahalee,NA,21,unknown
Long Bunk Trail,Plethodon teyahalee,NA,53,female
Long Bunk Trail,Plethodon jordani,NA,63,female
Long Bunk Trail,Plethodon jordani,NA,51,unknown
Long Bunk Trail,Plethodon teyahalee,NA,67,female
Long Bunk Trail,Plethodon teyahalee,NA,24,unknown
Long Bunk Trail,Plethodon teyahalee,NA,55,female
Long Bunk Trail,Plethodon teyahalee,NA,47,unknown
Long Bunk Trail,Plethodon jordani,NA,72,male
Long Bunk Trail,Plethodon teyahalee,NA,38,unknown
Long Bunk Trail,Plethodon teyahalee,NA,52,male
Long Bunk Trail,Plethodon teyahalee,NA,24,unknown
Long Bunk Trail,Plethodon teyahalee,NA,46,unknown
Long Bunk Trail,Plethodon jordani,NA,63,female
Long Bunk Trail,Plethodon teyahalee,NA,61,female
Long Bunk Trail,Plethodon serratus,NA,41,female
Long Bunk Trail,Plethodon serratus,NA,35,male
Long Bunk Trail,Plethodon jordani,NA,57,female
Long Bunk Trail,Plethodon jordani,NA,30,unknown
Long Bunk Trail,Plethodon jordani,NA,NA,unknown
Long Bunk Trail,Plethodon teyahalee,NA,42,unknown
Long Bunk Trail,Plethodon jordani,NA,49,female
Long Bunk Trail,Plethodon jordani,NA,NA,unknown
Long Bunk Trail,Plethodon teyahalee,NA,57,male
Long Bunk Trail,Plethodon teyahalee,NA,34,unknown
Long Bunk Trail,Plethodon teyahalee,NA,65,male
Long Bunk Trail,Plethodon teyahalee,NA,44,unknown
Long Bunk Trail,Plethodon hybrid,NA,52,female
Long Bunk Trail,Plethodon jordani,NA,57,female
Long Bunk Trail,Plethodon teyahalee,NA,39,unknown
Long Bunk Trail,Plethodon teyahalee,NA,52,female
Long Bunk Trail,Plethodon teyahalee,NA,NA,unknown
Long Bunk Trail,Plethodon teyahalee,NA,68,male
Long Bunk Trail,Plethodon teyahalee,NA,62,male
Kephart Prong,Plethodon jordani,NA,45,female
Kephart Prong,Plethodon jordani,NA,54,female
Kephart Prong,Plethodon jordani,NA,47,female
Kephart Prong,Plethodon jordani,NA,44,female
Kephart Prong,Plethodon jordani,NA,27,unknown
Kephart Prong,Plethodon jordani,NA,43,female
Kephart Prong,Plethodon jordani,NA,52,female
Kephart Prong,Plethodon jordani,NA,50,female
Kephart Prong,Plethodon jordani,NA,45,female
Kephart Prong,Plethodon jordani,NA,44,female
Kephart Prong,Plethodon jordani,NA,43,female
Kephart Prong,Plethodon jordani,NA,31,unknown
Kephart Prong,Plethodon jordani,NA,42,female
Kephart Prong,Plethodon jordani,NA,37,unknown
Kephart Prong,Plethodon jordani,NA,43,unknown
Kephart Prong,Plethodon jordani,NA,62,female
Kephart Prong,Plethodon jordani,NA,42,unknown
Kephart Prong,Plethodon jordani,NA,47,unknown
Kephart Prong,Plethodon jordani,NA,41,unknown
Kephart Prong,Plethodon jordani,NA,39,unknown
Kephart Prong,Plethodon jordani,NA,38,unknown
Kephart Prong,Plethodon jordani,NA,38,unknown
Kephart Prong,Plethodon jordani,NA,49,female
Kephart Prong,Plethodon jordani,NA,34,unknown
Kephart Prong,Plethodon jordani,NA,48,female
Kephart Prong,Plethodon jordani,NA,NA,unknown
Kephart Prong,Plethodon jordani,NA,60,female
Kephart Prong,Plethodon jordani,NA,NA,unknown
Kephart Prong,Plethodon jordani,NA,NA,unknown
Kephart Prong,Plethodon jordani,NA,48,unknown
Kephart Prong,Plethodon jordani,NA,45,unknown
Kephart Prong,Plethodon jordani,NA,55,female
Kephart Prong,Plethodon jordani,NA,49,female
Kephart Prong,Plethodon jordani,NA,55,female
Kephart Prong,Plethodon jordani,NA,57,male
Kephart Prong,Plethodon jordani,NA,45,female
Kephart Prong,Plethodon jordani,NA,51,male
Kephart Prong,Plethodon jordani,NA,56,female
Kephart Prong,Plethodon jordani,NA,37,unknown
Kephart Prong,Plethodon jordani,NA,56,female
Kephart Prong,Plethodon jordani,NA,51,female
Kephart Prong,Plethodon jordani,NA,52,unknown
Kephart Prong,Plethodon jordani,NA,18,unknown
Kephart Prong,Plethodon jordani,NA,53,male
Kephart Prong,Plethodon jordani,NA,54,female
Kephart Prong,Plethodon jordani,NA,NA,unknown
Kephart Prong,Plethodon jordani,NA,56,male
Kephart Prong,Plethodon jordani,NA,62,female
Kephart Prong,Plethodon hybrid,NA,55,male
Kephart Prong,Plethodon jordani,NA,45,male
Kephart Prong,Plethodon jordani,NA,37,unknown
Ramsey Cascade,Plethodon jordani,NA,45,unknown
Ramsey Cascade,Plethodon jordani,NA,49,female
Ramsey Cascade,Plethodon jordani,NA,34,unknown
Ramsey Cascade,Plethodon jordani,NA,47,unknown
Ramsey Cascade,Plethodon jordani,NA,36,unknown
Ramsey Cascade,Plethodon jordani,NA,35,unknown
Ramsey Cascade,Plethodon jordani,NA,37,unknown
Ramsey Cascade,Plethodon jordani,NA,32,unknown
Ramsey Cascade,Plethodon jordani,NA,20,unknown
Ramsey Cascade,Plethodon jordani,NA,65,female
Ramsey Cascade,Plethodon jordani,NA,60,female
Ramsey Cascade,Plethodon jordani,NA,73,female
Ramsey Cascade,Plethodon jordani,NA,63,female
Ramsey Cascade,Plethodon jordani,NA,61,female
Ramsey Cascade,Plethodon jordani,NA,41,unknown
Ramsey Cascade,Plethodon jordani,NA,52,female
Ramsey Cascade,Plethodon jordani,NA,46,unknown
Ramsey Cascade,Plethodon jordani,NA,49,female
Ramsey Cascade,Plethodon jordani,NA,61,female
Ramsey Cascade,Plethodon jordani,NA,55,female
Ramsey Cascade,Plethodon jordani,NA,4,unknown
Ramsey Cascade,Plethodon jordani,NA,52,female
Ramsey Cascade,Plethodon jordani,NA,53,female
Ramsey Cascade,Plethodon jordani,NA,43,unknown
Ramsey Cascade,Plethodon jordani,NA,43,unknown
Ramsey Cascade,Plethodon jordani,NA,60,female
Ramsey Cascade,Plethodon jordani,NA,34,unknown
Ramsey Cascade,Plethodon jordani,NA,51,unknown
Ramsey Cascade,Plethodon jordani,NA,61,female
Ramsey Cascade,Plethodon jordani,NA,50,female
Ramsey Cascade,Plethodon jordani,NA,52,female
Ramsey Cascade,Plethodon jordani,NA,63,female
Ramsey Cascade,Plethodon jordani,NA,74,female
Ramsey Cascade,Plethodon jordani,NA,66,female
Ramsey Cascade,Plethodon jordani,NA,60,female
Long Creek,Plethodon chattahoochee,NA,45,female
Long Creek,Plethodon chattahoochee,NA,26,unknown
Long Creek,Plethodon chattahoochee,NA,47,female
Long Creek,Plethodon chattahoochee,NA,24,unknown
Long Creek,Plethodon chattahoochee,NA,67,female
Long Creek,Plethodon chattahoochee,NA,71,female
Long Creek,Plethodon chattahoochee,NA,54,female
Long Creek,Plethodon chattahoochee,NA,64,female
Long Creek,Plethodon chattahoochee,NA,71,female
Long Creek,Plethodon chattahoochee,NA,64,female
Long Creek,Plethodon chattahoochee,NA,62,female
Long Creek,Plethodon chattahoochee,NA,56,female
Long Creek,Plethodon chattahoochee,NA,75,female
Long Creek,Plethodon chattahoochee,NA,54,female
Long Creek,Plethodon chattahoochee,NA,50,female
Long Creek,Plethodon chattahoochee,NA,47,female
Long Creek,Plethodon chattahoochee,NA,58,female
Long Creek,Plethodon chattahoochee,NA,59,female
Long Creek,Plethodon chattahoochee,NA,23,unknown
Long Creek,Plethodon chattahoochee,NA,43,unknown
Long Creek,Plethodon chattahoochee,NA,61,female
Long Creek,Plethodon chattahoochee,NA,17,unknown
Long Creek,Plethodon chattahoochee,NA,62,female
Long Creek,Plethodon chattahoochee,NA,51,female
Long Creek,Plethodon chattahoochee,NA,34,unknown
Long Creek,Plethodon chattahoochee,NA,48,female
Long Creek,Plethodon chattahoochee,NA,44,unknown
Long Creek,Plethodon chattahoochee,NA,56,female
Long Creek,Plethodon chattahoochee,NA,43,unknown
Long Creek,Plethodon chattahoochee,NA,46,female
Long Creek,Plethodon chattahoochee,NA,NA,unknown
Long Creek,Plethodon chattahoochee,NA,46,female
Long Creek,Plethodon chattahoochee,NA,37,unknown
Long Creek,Plethodon chattahoochee,NA,16,unknown
Long Creek,Plethodon chattahoochee,NA,47,female
Long Creek,Plethodon chattahoochee,NA,55,female
Long Creek,Plethodon chattahoochee,NA,22,unknown
Long Creek,Plethodon chattahoochee,NA,22,unknown
Long Creek,Plethodon chattahoochee,NA,NA,unknown
Long Creek,Plethodon chattahoochee,NA,32,unknown
Long Creek,Plethodon chattahoochee,NA,37,unknown
Long Creek,Plethodon chattahoochee,NA,39,unknown
Long Creek,Plethodon chattahoochee,NA,41,unknown
Long Creek,Plethodon chattahoochee,NA,34,unknown
Long Creek,Plethodon chattahoochee,NA,49,female
Long Creek,Plethodon chattahoochee,NA,45,female
Long Creek,Plethodon chattahoochee,NA,NA,unknown
Long Creek,Plethodon chattahoochee,NA,68,female
Long Creek,Plethodon chattahoochee,NA,NA,unknown
Long Creek,Plethodon chattahoochee,NA,22,unknown
Long Creek,Plethodon chattahoochee,NA,59,female
Long Creek,Plethodon chattahoochee,NA,44,unknown
Long Creek,Plethodon chattahoochee,NA,22,unknown
Long Creek,Plethodon chattahoochee,NA,62,female
Long Creek,Plethodon chattahoochee,NA,56,female
Long Creek,Plethodon chattahoochee,NA,21,unknown
Long Creek,Plethodon chattahoochee,NA,21,unknown
Long Creek,Plethodon chattahoochee,NA,15,unknown
Long Creek,Plethodon chattahoochee,NA,20,unknown
Long Creek,Plethodon chattahoochee,NA,48,female
Long Creek,Plethodon chattahoochee,NA,33,unknown
Long Creek,Plethodon chattahoochee,NA,NA,unknown
Long Creek,Plethodon chattahoochee,NA,40,unknown
Long Creek,Plethodon chattahoochee,NA,40,unknown
Long Creek,Plethodon chattahoochee,NA,40,unknown
Long Creek,Plethodon chattahoochee,NA,19,unknown
Long Creek,Plethodon chattahoochee,NA,53,female
Swallow Creek,Plethodon chattahoochee,NA,53,female
Swallow Creek,Plethodon chattahoochee,NA,24,unknown
Swallow Creek,Plethodon chattahoochee,NA,22,unknown
Swallow Creek,Plethodon chattahoochee,NA,26,unknown
Swallow Creek,Plethodon chattahoochee,NA,30,unknown
Swallow Creek,Plethodon chattahoochee,NA,26,unknown
Swallow Creek,Plethodon chattahoochee,NA,25,unknown
Swallow Creek,Plethodon chattahoochee,NA,56,female
Swallow Creek,Plethodon chattahoochee,NA,58,female
Swallow Creek,Plethodon chattahoochee,NA,22,unknown
Swallow Creek,Plethodon chattahoochee,NA,50,female
Swallow Creek,Plethodon chattahoochee,NA,NA,unknown
Swallow Creek,Plethodon chattahoochee,NA,NA,unknown
Swallow Creek,Plethodon chattahoochee,NA,45,female
Swallow Creek,Plethodon chattahoochee,NA,26,unknown
Swallow Creek,Plethodon chattahoochee,NA,55,female
Swallow Creek,Plethodon chattahoochee,NA,65,female
Swallow Creek,Plethodon chattahoochee,NA,69,female
Swallow Creek,Plethodon chattahoochee,NA,68,female
Swallow Creek,Plethodon chattahoochee,NA,24,unknown
Swallow Creek,Plethodon chattahoochee,NA,20,unknown
Swallow Creek,Plethodon chattahoochee,NA,22,unknown
Swallow Creek,Plethodon chattahoochee,NA,NA,unknown
Swallow Creek,Plethodon chattahoochee,NA,27,unknown
Swallow Creek,Plethodon chattahoochee,NA,51,female
Swallow Creek,Plethodon chattahoochee,NA,NA,unknown
Swallow Creek,Plethodon chattahoochee,NA,27,unknown
Swallow Creek,Plethodon chattahoochee,NA,24,unknown
Swallow Creek,Plethodon chattahoochee,NA,25,unknown
Swallow Creek,Plethodon chattahoochee,NA,65,female
Swallow Creek,Plethodon chattahoochee,NA,145,unknown
Swallow Creek,Plethodon chattahoochee,NA,64,female
Swallow Creek,Plethodon chattahoochee,NA,28,unknown
Swallow Creek,Plethodon chattahoochee,NA,66,female
Swallow Creek,Plethodon chattahoochee,NA,NA,unknown
Swallow Creek,Plethodon chattahoochee,NA,26,unknown
Swallow Creek,Plethodon chattahoochee,NA,60,male
Swallow Creek,Plethodon chattahoochee,NA,27,unknown
High Shoals,Plethodon chattahoochee,NA,45,unknown
High Shoals,Plethodon chattahoochee,NA,39,unknown
High Shoals,Plethodon chattahoochee,NA,42,unknown
High Shoals,Plethodon chattahoochee,NA,22,unknown
High Shoals,Plethodon chattahoochee,NA,65,female
High Shoals,Plethodon chattahoochee,NA,43,unknown
High Shoals,Plethodon chattahoochee,NA,47,unknown
High Shoals,Plethodon chattahoochee,NA,59,female
High Shoals,Plethodon chattahoochee,NA,23,unknown
High Shoals,Plethodon chattahoochee,NA,22,unknown
High Shoals,Plethodon chattahoochee,NA,58,female
Lordamercy Cove,Plethodon chattahoochee,NA,NA,unknown
Lordamercy Cove,Plethodon chattahoochee,NA,44,unknown
Lordamercy Cove,Plethodon chattahoochee,NA,32,unknown
Lordamercy Cove,Plethodon chattahoochee,NA,28,unknown
Lordamercy Cove,Plethodon chattahoochee,NA,26,unknown
Lordamercy Cove,Plethodon chattahoochee,NA,NA,unknown
Lordamercy Cove,Plethodon chattahoochee,NA,52,female
Lordamercy Cove,Plethodon chattahoochee,NA,NA,unknown
Lordamercy Cove,Plethodon chattahoochee,NA,NA,unknown
Lordamercy Cove,Plethodon chattahoochee,NA,NA,unknown
Lordamercy Cove,Plethodon chattahoochee,NA,42,female
Lordamercy Cove,Plethodon chattahoochee,NA,42,female
Lordamercy Cove,Plethodon chattahoochee,NA,26,unknown
Lordamercy Cove,Plethodon chattahoochee,NA,54,female
Lordamercy Cove,Plethodon chattahoochee,NA,54,female
Lordamercy Cove,Plethodon chattahoochee,NA,NA,unknown
Lordamercy Cove,Plethodon chattahoochee,NA,57,female
Lordamercy Cove,Plethodon chattahoochee,NA,64,female
Lordamercy Cove,Plethodon chattahoochee,NA,34,unknown
Lordamercy Cove,Plethodon chattahoochee,NA,30,unknown
Lordamercy Cove,Plethodon chattahoochee,NA,79,female
Lordamercy Cove,Plethodon chattahoochee,NA,31,unknown
Lordamercy Cove,Plethodon chattahoochee,NA,53,female
Lordamercy Cove,Plethodon chattahoochee,NA,26,unknown
Lordamercy Cove,Plethodon chattahoochee,NA,62,female
Lordamercy Cove,Plethodon chattahoochee,NA,67,female
Lordamercy Cove,Plethodon chattahoochee,NA,24,unknown
Lordamercy Cove,Plethodon chattahoochee,NA,72,female
Lordamercy Cove,Plethodon chattahoochee,NA,48,unknown
Long Creek,Plethodon chattahoochee,NA,22,unknown
Long Creek,Plethodon chattahoochee,NA,NA,unknown
Long Creek,Plethodon chattahoochee,NA,58,female
Long Creek,Plethodon chattahoochee,NA,78,female
Long Creek,Plethodon chattahoochee,NA,57,female
Long Creek,Plethodon chattahoochee,NA,45,unknown
Long Creek,Plethodon chattahoochee,NA,NA,unknown
Long Creek,Plethodon chattahoochee,NA,NA,unknown
Long Creek,Plethodon chattahoochee,NA,49,unknown
Long Creek,Plethodon chattahoochee,NA,NA,unknown
Long Creek,Plethodon chattahoochee,NA,52,male
Long Creek,Plethodon chattahoochee,NA,45,male
Long Creek,Plethodon chattahoochee,NA,52,male
Long Creek,Plethodon chattahoochee,NA,68,female
Long Creek,Plethodon chattahoochee,NA,41,unknown
Long Creek,Plethodon chattahoochee,NA,24,unknown
Long Creek,Plethodon chattahoochee,NA,54,female
Long Creek,Plethodon chattahoochee,NA,53,female
Long Creek,Plethodon chattahoochee,NA,53,female
Long Creek,Plethodon chattahoochee,NA,40,unknown
Long Creek,Plethodon chattahoochee,NA,21,unknown
Long Creek,Plethodon chattahoochee,NA,53,unknown
Long Creek,Plethodon chattahoochee,NA,46,unknown
Long Creek,Plethodon chattahoochee,NA,24,unknown
Long Creek,Plethodon chattahoochee,NA,22,unknown
Long Creek,Plethodon chattahoochee,NA,61,female
Long Creek,Plethodon chattahoochee,NA,23,unknown
Long Creek,Plethodon chattahoochee,NA,25,unknown
Long Creek,Plethodon chattahoochee,NA,23,unknown
Long Creek,Plethodon chattahoochee,NA,77,female
Long Creek,Plethodon chattahoochee,NA,64,female
Long Creek,Plethodon chattahoochee,NA,58,unknown
Long Creek,Plethodon chattahoochee,NA,71,female
Long Creek,Plethodon chattahoochee,NA,52,female
Long Creek,Plethodon chattahoochee,NA,57,male
Long Creek,Plethodon chattahoochee,NA,NA,unknown
Long Creek,Plethodon chattahoochee,NA,53,female
Long Creek,Plethodon chattahoochee,NA,22,unknown
Long Creek,Plethodon chattahoochee,NA,55,unknown
Long Creek,Plethodon chattahoochee,NA,45,male
Long Creek,Plethodon chattahoochee,NA,21,unknown
Long Creek,Plethodon chattahoochee,NA,42,unknown
Long Creek,Plethodon chattahoochee,NA,48,male
Long Creek,Plethodon chattahoochee,NA,43,male
Long Creek,Plethodon chattahoochee,NA,51,male
Long Creek,Plethodon chattahoochee,NA,68,female
Long Creek,Plethodon chattahoochee,NA,40,unknown
Long Creek,Plethodon chattahoochee,NA,54,female
Long Creek,Plethodon chattahoochee,NA,41,unknown
Long Creek,Plethodon chattahoochee,NA,56,female
Long Creek,Plethodon chattahoochee,NA,41,unknown
Long Creek,Plethodon chattahoochee,NA,62,female
Long Creek,Plethodon chattahoochee,NA,51,unknown
Long Creek,Plethodon chattahoochee,NA,46,unknown
Long Creek,Plethodon chattahoochee,NA,22,unknown
Long Creek,Plethodon chattahoochee,NA,47,female
Long Creek,Plethodon chattahoochee,NA,35,unknown
Long Creek,Plethodon chattahoochee,NA,43,female
Long Creek,Plethodon chattahoochee,NA,NA,unknown
Long Creek,Plethodon chattahoochee,NA,49,female
Long Creek,Plethodon chattahoochee,NA,53,female
Long Creek,Plethodon chattahoochee,NA,20,unknown
Long Creek,Plethodon chattahoochee,NA,22,unknown
Long Creek,Plethodon chattahoochee,NA,37,unknown
Long Creek,Plethodon chattahoochee,NA,23,unknown
Lordamercy Cove,Plethodon chattahoochee,NA,52,female
Lordamercy Cove,Plethodon chattahoochee,NA,43,female
Lordamercy Cove,Plethodon chattahoochee,NA,59,female
Lordamercy Cove,Plethodon chattahoochee,NA,NA,unknown
Lordamercy Cove,Plethodon chattahoochee,NA,47,female
Lordamercy Cove,Plethodon chattahoochee,NA,46,unknown
Lordamercy Cove,Plethodon chattahoochee,NA,67,female
Lordamercy Cove,Plethodon chattahoochee,NA,44,female
Lordamercy Cove,Plethodon chattahoochee,NA,51,female
Long Creek,Plethodon chattahoochee,NA,21,unknown
Long Creek,Plethodon chattahoochee,NA,61,male
Swallow Creek,Plethodon chattahoochee,NA,NA,unknown
Swallow Creek,Plethodon chattahoochee,NA,45,unknown
Swallow Creek,Plethodon chattahoochee,NA,27,unknown
Swallow Creek,Plethodon chattahoochee,NA,55,female
Swallow Creek,Plethodon chattahoochee,NA,NA,unknown
Swallow Creek,Plethodon chattahoochee,NA,33,unknown
Swallow Creek,Plethodon chattahoochee,NA,NA,unknown
Swallow Creek,Plethodon chattahoochee,NA,25,unknown
Swallow Creek,Plethodon chattahoochee,NA,23,unknown
Swallow Creek,Plethodon chattahoochee,NA,29,unknown
Swallow Creek,Plethodon chattahoochee,NA,25,unknown
Swallow Creek,Plethodon chattahoochee,NA,NA,unknown
Swallow Creek,Plethodon chattahoochee,NA,75,male
Swallow Creek,Plethodon chattahoochee,NA,NA,unknown
Swallow Creek,Plethodon chattahoochee,NA,NA,unknown
Swallow Creek,Plethodon chattahoochee,NA,29,unknown
Swallow Creek,Plethodon chattahoochee,NA,25,unknown
Swallow Creek,Plethodon chattahoochee,NA,26,unknown
Swallow Creek,Plethodon chattahoochee,NA,20,unknown
Swallow Creek,Plethodon chattahoochee,NA,25,unknown
Swallow Creek,Plethodon chattahoochee,NA,27,unknown
Swallow Creek,Plethodon chattahoochee,NA,26,unknown
Swallow Creek,Plethodon chattahoochee,NA,NA,unknown
Swallow Creek,Plethodon chattahoochee,NA,24,unknown
Swallow Creek,Plethodon chattahoochee,NA,64,male
Swallow Creek,Plethodon chattahoochee,NA,80,male
Swallow Creek,Plethodon chattahoochee,NA,54,unknown
Swallow Creek,Plethodon chattahoochee,NA,24,unknown
Swallow Creek,Plethodon chattahoochee,NA,23,unknown
Swallow Creek,Plethodon chattahoochee,NA,54,female
Swallow Creek,Plethodon chattahoochee,NA,18,unknown
High Shoals,Plethodon chattahoochee,NA,40,unknown
High Shoals,Plethodon chattahoochee,NA,NA,unknown
High Shoals,Plethodon chattahoochee,NA,NA,unknown
High Shoals,Plethodon chattahoochee,NA,43,unknown
High Shoals,Plethodon chattahoochee,NA,20,unknown
High Shoals,Plethodon chattahoochee,NA,26,unknown
High Shoals,Plethodon chattahoochee,NA,26,unknown
High Shoals,Plethodon chattahoochee,NA,22,unknown
High Shoals,Plethodon chattahoochee,NA,25,unknown
High Shoals,Plethodon chattahoochee,NA,54,female
High Shoals,Plethodon chattahoochee,NA,NA,unknown
High Shoals,Plethodon chattahoochee,NA,37,unknown
High Shoals,Plethodon chattahoochee,NA,72,female
High Shoals,Plethodon teyahalee,NA,55,female
High Shoals,Plethodon chattahoochee,NA,52,female
High Shoals,Plethodon chattahoochee,NA,37,unknown
High Shoals,Plethodon chattahoochee,NA,26,unknown
High Shoals,Plethodon chattahoochee,NA,63,female
High Shoals,Plethodon chattahoochee,NA,49,female
High Shoals,Plethodon chattahoochee,NA,23,unknown
High Shoals,Plethodon chattahoochee,NA,66,female
High Shoals,Plethodon chattahoochee,NA,21,unknown
High Shoals,Plethodon chattahoochee,NA,NA,unknown
High Shoals,Plethodon chattahoochee,NA,62,female
High Shoals,Plethodon chattahoochee,NA,53,female
High Shoals,Plethodon chattahoochee,NA,65,male
High Shoals,Plethodon chattahoochee,NA,69,female
High Shoals,Plethodon chattahoochee,NA,48,unknown
High Shoals,Plethodon chattahoochee,NA,56,female
High Shoals,Plethodon chattahoochee,NA,57,female
High Shoals,Plethodon chattahoochee,NA,63,female
High Shoals,Plethodon chattahoochee,NA,21,unknown
High Shoals,Plethodon chattahoochee,NA,51,female
High Shoals,Plethodon chattahoochee,NA,30,unknown
High Shoals,Plethodon chattahoochee,NA,25,unknown
High Shoals,Plethodon chattahoochee,NA,24,unknown
High Shoals,Plethodon chattahoochee,NA,53,female
High Shoals,Plethodon chattahoochee,NA,57,female
High Shoals,Plethodon chattahoochee,NA,62,female
High Shoals,Plethodon chattahoochee,NA,23,unknown
High Shoals,Plethodon chattahoochee,NA,NA,unknown
High Shoals,Plethodon chattahoochee,NA,26,unknown
High Shoals,Plethodon chattahoochee,NA,23,unknown
High Shoals,Plethodon chattahoochee,NA,52,unknown
High Shoals,Plethodon chattahoochee,NA,49,unknown
McKee Branch,Plethodon metcalfi,NA,NA,unknown
McKee Branch,Plethodon metcalfi,NA,59,female
McKee Branch,Plethodon metcalfi,NA,45,male
McKee Branch,Plethodon metcalfi,NA,25,unknown
McKee Branch,Plethodon metcalfi,NA,60,female
McKee Branch,Plethodon metcalfi,NA,45,female
McKee Branch,Plethodon metcalfi,NA,61,female
McKee Branch,Plethodon metcalfi,NA,41,unknown
McKee Branch,Plethodon cinereus,NA,21,unknown
McKee Branch,Plethodon metcalfi,NA,42,unknown
McKee Branch,Plethodon metcalfi,NA,51,female
McKee Branch,Plethodon metcalfi,NA,45,unknown
McKee Branch,Plethodon metcalfi,NA,46,unknown
McKee Branch,Plethodon metcalfi,NA,56,female
McKee Branch,Plethodon metcalfi,NA,21,unknown
McKee Branch,Plethodon metcalfi,NA,59,female
McKee Branch,Plethodon metcalfi,NA,46,unknown
McKee Branch,Plethodon metcalfi,NA,44,unknown
McKee Branch,Plethodon metcalfi,NA,55,female
McKee Branch,Plethodon metcalfi,NA,NA,unknown
McKee Branch,Plethodon metcalfi,NA,NA,unknown
McKee Branch,Plethodon metcalfi,NA,NA,unknown
McKee Branch,Plethodon metcalfi,NA,NA,unknown
McKee Branch,Plethodon metcalfi,NA,54,female
McKee Branch,Plethodon metcalfi,NA,49,female
McKee Branch,Plethodon metcalfi,NA,54,female
McKee Branch,Plethodon metcalfi,NA,60,female
McKee Branch,Plethodon metcalfi,NA,20,unknown
McKee Branch,Plethodon metcalfi,NA,54,female
McKee Branch,Plethodon metcalfi,NA,46,unknown
McKee Branch,Plethodon metcalfi,NA,30,unknown
McKee Branch,Plethodon serratus,NA,28,female
McKee Branch,Plethodon metcalfi,NA,50,female
McKee Branch,Plethodon metcalfi,NA,66,female
McKee Branch,Plethodon metcalfi,NA,54,female
McKee Branch,Plethodon metcalfi,NA,44,female
McKee Branch,Plethodon metcalfi,NA,51,female
McKee Branch,Plethodon metcalfi,NA,61,female
McKee Branch,Plethodon metcalfi,NA,35,unknown
McKee Branch,Plethodon metcalfi,NA,53,female
McKee Branch,Plethodon metcalfi,NA,42,unknown
McKee Branch,Plethodon metcalfi,NA,33,unknown
McKee Branch,Plethodon metcalfi,NA,51,female
McKee Branch,Plethodon metcalfi,NA,44,male
McKee Branch,Plethodon metcalfi,NA,42,unknown
McKee Branch,Plethodon metcalfi,NA,51,female
McKee Branch,Plethodon metcalfi,NA,52,female
McKee Branch,Plethodon metcalfi,NA,34,female
McKee Branch,Plethodon metcalfi,NA,NA,unknown
McKee Branch,Plethodon metcalfi,NA,25,unknown
McKee Branch,Plethodon metcalfi,NA,25,unknown
McKee Branch,Plethodon metcalfi,NA,61,female
McKee Branch,Plethodon metcalfi,NA,43,female
McKee Branch,Plethodon metcalfi,NA,48,female
McKee Branch,Plethodon metcalfi,NA,55,male
McKee Branch,Plethodon metcalfi,NA,39,unknown
McKee Branch,Plethodon metcalfi,NA,33,unknown
McKee Branch,Plethodon metcalfi,NA,35,unknown
McKee Branch,Plethodon metcalfi,NA,45,female
McKee Branch,Plethodon metcalfi,NA,47,female
McKee Branch,Plethodon metcalfi,NA,34,unknown
McKee Branch,Plethodon metcalfi,NA,46,unknown
McKee Branch,Plethodon metcalfi,NA,22,unknown
McKee Branch,Plethodon metcalfi,NA,66,female
McKee Branch,Plethodon metcalfi,NA,42,unknown
McKee Branch,Plethodon metcalfi,NA,22,unknown
McKee Branch,Plethodon metcalfi,NA,22,unknown
McKee Branch,Plethodon metcalfi,NA,19,unknown
McKee Branch,Plethodon metcalfi,NA,44,unknown
McKee Branch,Plethodon metcalfi,NA,37,unknown
McKee Branch,Plethodon metcalfi,NA,31,unknown
McKee Branch,Plethodon metcalfi,NA,20,unknown
McKee Branch,Plethodon metcalfi,NA,39,unknown
McKee Branch,Plethodon metcalfi,NA,23,unknown
McKee Branch,Plethodon metcalfi,NA,37,unknown
McKee Branch,Plethodon metcalfi,NA,23,unknown
McKee Branch,Plethodon metcalfi,NA,20,unknown
McKee Branch,Plethodon metcalfi,NA,51,female
McKee Branch,Plethodon metcalfi,NA,54,female
McKee Branch,Plethodon metcalfi,NA,32,unknown
McKee Branch,Plethodon metcalfi,NA,22,unknown
McKee Branch,Plethodon metcalfi,NA,30,unknown
McKee Branch,Plethodon metcalfi,NA,35,unknown
McKee Branch,Plethodon metcalfi,NA,34,unknown
McKee Branch,Plethodon metcalfi,NA,51,female
McKee Branch,Plethodon metcalfi,NA,55,female
McKee Branch,Plethodon metcalfi,NA,45,female
McKee Branch,Plethodon metcalfi,NA,14,unknown
McKee Branch,Plethodon metcalfi,NA,37,unknown
McKee Branch,Plethodon metcalfi,NA,NA,unknown
McKee Branch,Plethodon metcalfi,NA,20,unknown
McKee Branch,Plethodon metcalfi,NA,37,unknown
McKee Branch,Plethodon metcalfi,NA,45,female
McKee Branch,Plethodon metcalfi,NA,47,female
McKee Branch,Plethodon metcalfi,NA,25,unknown
McKee Branch,Plethodon metcalfi,NA,6,female
McKee Branch,Plethodon metcalfi,NA,25,unknown
McKee Branch,Plethodon metcalfi,NA,51,female
McKee Branch,Plethodon metcalfi,NA,55,male
McKee Branch,Plethodon metcalfi,NA,55,female
McKee Branch,Plethodon metcalfi,NA,22,unknown
McKee Branch,Plethodon metcalfi,NA,51,female
McKee Branch,Plethodon metcalfi,NA,30,unknown
McKee Branch,Plethodon metcalfi,NA,51,female
McKee Branch,Plethodon metcalfi,NA,35,unknown
McKee Branch,Plethodon metcalfi,NA,54,female
McKee Branch,Plethodon metcalfi,NA,39,unknown
McKee Branch,Plethodon metcalfi,NA,45,female
McKee Branch,Plethodon metcalfi,NA,45,female
McKee Branch,Plethodon metcalfi,NA,35,unknown
McKee Branch,Plethodon metcalfi,NA,47,female
McKee Branch,Plethodon metcalfi,NA,21,unknown
McKee Branch,Plethodon metcalfi,NA,55,female
McKee Branch,Plethodon metcalfi,NA,40,unknown
McKee Branch,Plethodon metcalfi,NA,NA,unknown
McKee Branch,Plethodon metcalfi,NA,NA,female
McKee Branch,Plethodon metcalfi,NA,60,female
McKee Branch,Plethodon metcalfi,NA,20,unknown
McKee Branch,Plethodon metcalfi,NA,45,female
McKee Branch,Plethodon metcalfi,NA,19,unknown
McKee Branch,Plethodon metcalfi,NA,37,unknown
McKee Branch,Plethodon metcalfi,NA,36,unknown
McKee Branch,Plethodon metcalfi,NA,27,unknown
McKee Branch,Plethodon metcalfi,NA,35,unknown
McKee Branch,Plethodon metcalfi,NA,36,unknown
McKee Branch,Plethodon metcalfi,NA,39,female
McKee Branch,Plethodon metcalfi,NA,55,female
McKee Branch,Plethodon metcalfi,NA,45,unknown
McKee Branch,Plethodon metcalfi,NA,49,female
McKee Branch,Plethodon metcalfi,NA,54,female
McKee Branch,Plethodon metcalfi,NA,29,unknown
McKee Branch,Plethodon metcalfi,NA,26,unknown
McKee Branch,Plethodon metcalfi,NA,40,unknown
McKee Branch,Plethodon metcalfi,NA,51,male
McKee Branch,Plethodon metcalfi,NA,55,female
McKee Branch,Plethodon metcalfi,NA,55,female
McKee Branch,Plethodon metcalfi,NA,31,unknown
McKee Branch,Plethodon metcalfi,NA,38,unknown
McKee Branch,Plethodon metcalfi,NA,54,female
McKee Branch,Plethodon metcalfi,NA,NA,unknown
McKee Branch,Plethodon metcalfi,NA,NA,unknown
McKee Branch,Plethodon metcalfi,NA,28,unknown
McKee Branch,Plethodon metcalfi,NA,32,unknown
McKee Branch,Plethodon metcalfi,NA,21,unknown
McKee Branch,Plethodon metcalfi,NA,17,unknown
McKee Branch,Plethodon metcalfi,NA,42,female
McKee Branch,Plethodon metcalfi,NA,57,female
McKee Branch,Plethodon metcalfi,NA,44,unknown
McKee Branch,Plethodon metcalfi,NA,33,unknown
McKee Branch,Plethodon metcalfi,NA,31,unknown
McKee Branch,Plethodon metcalfi,NA,55,female
McKee Branch,Plethodon metcalfi,NA,52,female
McKee Branch,Plethodon metcalfi,NA,NA,unknown
McKee Branch,Plethodon metcalfi,NA,54,female
McKee Branch,Plethodon metcalfi,NA,NA,unknown
McKee Branch,Plethodon metcalfi,NA,36,unknown
McKee Branch,Plethodon metcalfi,NA,18,unknown
McKee Branch,Plethodon metcalfi,NA,46,female
McKee Branch,Plethodon metcalfi,NA,54,female
McKee Branch,Plethodon metcalfi,NA,42,unknown
McKee Branch,Plethodon metcalfi,NA,56,female
McKee Branch,Plethodon metcalfi,NA,45,female
McKee Branch,Plethodon metcalfi,NA,40,unknown
McKee Branch,Plethodon metcalfi,NA,40,unknown
McKee Branch,Plethodon metcalfi,NA,58,female
McKee Branch,Plethodon metcalfi,NA,39,unknown
McKee Branch,Plethodon metcalfi,NA,38,unknown
McKee Branch,Plethodon metcalfi,NA,NA,unknown
McKee Branch,Plethodon metcalfi,NA,50,unknown
McKee Branch,Plethodon metcalfi,NA,53,female
McKee Branch,Plethodon metcalfi,NA,NA,unknown
McKee Branch,Plethodon metcalfi,NA,NA,unknown
McKee Branch,Plethodon metcalfi,NA,NA,unknown
McKee Branch,Plethodon metcalfi,NA,50,female
McKee Branch,Plethodon metcalfi,NA,58,female
McKee Branch,Plethodon metcalfi,NA,41,unknown
McKee Branch,Plethodon metcalfi,NA,49,female
McKee Branch,Plethodon metcalfi,NA,21,unknown
McKee Branch,Plethodon metcalfi,NA,42,unknown
McKee Branch,Plethodon metcalfi,NA,35,unknown
Kephart Prong,Plethodon hybrid,NA,16,unknown
Kephart Prong,Plethodon jordani,NA,55,female
Kephart Prong,Plethodon jordani,NA,55,unknown
Kephart Prong,Plethodon jordani,NA,26,unknown
Kephart Prong,Plethodon jordani,NA,34,unknown
Kephart Prong,Plethodon jordani,NA,51,female
Kephart Prong,Plethodon jordani,NA,56,female
Kephart Prong,Plethodon jordani,NA,47,female
Kephart Prong,Plethodon jordani,NA,NA,unknown
Kephart Prong,Plethodon jordani,NA,37,unknown
Kephart Prong,Plethodon jordani,NA,49,female
Kephart Prong,Plethodon jordani,NA,35,unknown
Kephart Prong,Plethodon jordani,NA,43,unknown
Kephart Prong,Plethodon jordani,NA,48,unknown
Kephart Prong,Plethodon jordani,NA,NA,unknown
Kephart Prong,Plethodon jordani,NA,23,unknown
Kephart Prong,Plethodon jordani,NA,44,unknown
Kephart Prong,Plethodon jordani,NA,56,female
Kephart Prong,Plethodon jordani,NA,32,unknown
Kephart Prong,Plethodon jordani,NA,50,female
Kephart Prong,Plethodon jordani,NA,44,unknown
Kephart Prong,Plethodon jordani,NA,47,female
Kephart Prong,Plethodon jordani,NA,42,unknown
Kephart Prong,Plethodon jordani,NA,48,female
Kephart Prong,Plethodon jordani,NA,45,female
Kephart Prong,Plethodon jordani,NA,49,female
Kephart Prong,Plethodon jordani,NA,45,female
Kephart Prong,Plethodon jordani,NA,48,male
Kephart Prong,Plethodon jordani,NA,43,unknown
Kephart Prong,Plethodon jordani,NA,45,female
Kephart Prong,Plethodon jordani,NA,36,unknown
Kephart Prong,Plethodon jordani,NA,24,unknown
Kephart Prong,Plethodon jordani,NA,26,unknown
Kephart Prong,Plethodon jordani,NA,42,unknown
Kephart Prong,Plethodon jordani,NA,21,unknown
Kephart Prong,Plethodon jordani,NA,60,female
Kephart Prong,Plethodon jordani,NA,48,female
Kephart Prong,Plethodon jordani,NA,50,unknown
Kephart Prong,Plethodon jordani,NA,45,unknown
Kephart Prong,Plethodon jordani,NA,24,unknown
Kephart Prong,Plethodon jordani,NA,40,unknown
Kephart Prong,Plethodon jordani,NA,50,female
Kephart Prong,Plethodon jordani,NA,36,unknown
Kephart Prong,Plethodon jordani,NA,49,female
Kephart Prong,Plethodon jordani,NA,50,female
Kephart Prong,Plethodon jordani,NA,37,unknown
Kephart Prong,Plethodon jordani,NA,37,unknown
Kephart Prong,Plethodon jordani,NA,36,unknown
Kephart Prong,Plethodon jordani,NA,50,female
Kephart Prong,Plethodon serratus,NA,24,unknown
Kephart Prong,Plethodon jordani,NA,38,unknown
Kephart Prong,Plethodon jordani,NA,38,unknown
Kephart Prong,Plethodon serratus,NA,20,unknown
Long Bunk Trail,Plethodon hybrid,NA,38,unknown
Long Bunk Trail,Plethodon hybrid,NA,24,unknown
Long Bunk Trail,Plethodon hybrid,NA,30,unknown
Long Bunk Trail,Plethodon hybrid,NA,60,female
Long Bunk Trail,Plethodon hybrid,NA,25,unknown
Long Bunk Trail,Plethodon hybrid,NA,60,female
Long Bunk Trail,Plethodon hybrid,NA,60,female
Long Bunk Trail,Plethodon jordani,NA,NA,unknown
Long Bunk Trail,Plethodon hybrid,NA,43,unknown
Long Bunk Trail,Plethodon hybrid,NA,36,unknown
Long Bunk Trail,Plethodon hybrid,NA,41,unknown
Long Bunk Trail,Plethodon hybrid,NA,31,unknown
Long Bunk Trail,Plethodon hybrid,NA,50,female
Long Bunk Trail,Plethodon hybrid,NA,NA,unknown
Long Bunk Trail,Plethodon hybrid,NA,32,unknown
Long Bunk Trail,Plethodon serratus,NA,36,unknown
Long Bunk Trail,Plethodon cinereus,NA,24,unknown
Long Bunk Trail,Plethodon hybrid,NA,NA,unknown
Long Bunk Trail,Plethodon hybrid,NA,46,unknown
Long Bunk Trail,Plethodon hybrid,NA,NA,unknown
Long Bunk Trail,Plethodon hybrid,NA,40,unknown
Long Bunk Trail,Plethodon cinereus,NA,25,female
Long Bunk Trail,Plethodon cinereus,NA,23,female
Long Bunk Trail,Plethodon hybrid,NA,60,male
Long Bunk Trail,Plethodon hybrid,NA,72,female
Long Bunk Trail,Plethodon hybrid,NA,26,unknown
Long Bunk Trail,Plethodon hybrid,NA,NA,unknown
Long Bunk Trail,Plethodon hybrid,NA,26,unknown
Long Bunk Trail,Plethodon hybrid,NA,43,female
Long Bunk Trail,Plethodon hybrid,NA,NA,unknown
Buck Creek,Plethodon shermani,NA,26,unknown
Buck Creek,Plethodon shermani,NA,24,unknown
Buck Creek,Plethodon shermani,NA,27,unknown
Buck Creek,Plethodon shermani,NA,41,unknown
Buck Creek,Plethodon shermani,NA,53,female
Buck Creek,Plethodon shermani,NA,NA,unknown
Buck Creek,Plethodon shermani,NA,31,unknown
Buck Creek,Plethodon shermani,NA,41,unknown
Buck Creek,Plethodon shermani,NA,29,unknown
Buck Creek,Plethodon shermani,NA,49,female
Buck Creek,Plethodon serratus,NA,26,unknown
Buck Creek,Plethodon shermani,NA,28,unknown
Buck Creek,Plethodon shermani,NA,26,unknown
Buck Creek,Plethodon shermani,NA,54,female
Buck Creek,Plethodon shermani,NA,27,unknown
Buck Creek,Plethodon shermani,NA,NA,unknown
Buck Creek,Plethodon shermani,NA,25,unknown
Buck Creek,Plethodon shermani,NA,41,unknown
Buck Creek,Plethodon shermani,NA,40,unknown
Buck Creek,Plethodon shermani,NA,47,unknown
Buck Creek,Plethodon hybrid,NA,56,female
Buck Creek,Plethodon hybrid,NA,50,female
Buck Creek,Plethodon hybrid,NA,47,female
Buck Creek,Plethodon hybrid,NA,37,unknown
Buck Creek,Plethodon hybrid,NA,24,unknown
Buck Creek,Plethodon hybrid,NA,36,unknown
Buck Creek,Plethodon hybrid,NA,25,unknown
Buck Creek,Plethodon hybrid,NA,40,unknown
Buck Creek,Plethodon hybrid,NA,NA,unknown
Buck Creek,Plethodon hybrid,NA,58,female
Buck Creek,Plethodon hybrid,NA,42,unknown
Buck Creek,Plethodon hybrid,NA,23,unknown
Buck Creek,Plethodon hybrid,NA,53,female
Buck Creek,Plethodon shermani,NA,44,female
Buck Creek,Plethodon shermani,NA,55,female
Buck Creek,Plethodon shermani,NA,51,female
Buck Creek,Plethodon shermani,NA,66,male
Buck Creek,Plethodon shermani,NA,32,unknown
Buck Creek,Plethodon shermani,NA,47,female
Buck Creek,Plethodon shermani,NA,44,female
Buck Creek,Plethodon shermani,NA,46,female
Buck Creek,Plethodon shermani,NA,21,unknown
Buck Creek,Plethodon shermani,NA,42,unknown
Buck Creek,Plethodon shermani,NA,21,unknown
Buck Creek,Plethodon shermani,NA,33,unknown
Buck Creek,Plethodon shermani,NA,51,female
Buck Creek,Plethodon shermani,NA,42,unknown
Buck Creek,Plethodon shermani,NA,27,unknown
Buck Creek,Plethodon shermani,NA,44,female
Buck Creek,Plethodon shermani,NA,25,unknown
Buck Creek,Plethodon shermani,NA,63,female
Buck Creek,Plethodon shermani,NA,39,unknown
Buck Creek,Plethodon shermani,NA,39,unknown
Buck Creek,Plethodon shermani,NA,23,unknown
Buck Creek,Plethodon shermani,NA,23,unknown
Buck Creek,Plethodon shermani,NA,23,unknown
Buck Creek,Plethodon shermani,NA,44,unknown
Buck Creek,Plethodon shermani,NA,38,unknown
Buck Creek,Plethodon shermani,NA,44,unknown
Buck Creek,Plethodon shermani,NA,38,unknown
Buck Creek,Plethodon shermani,NA,46,female
Buck Creek,Plethodon shermani,NA,43,unknown
Buck Creek,Plethodon hybrid,NA,49,female
Buck Creek,Plethodon hybrid,NA,23,unknown
Buck Creek,Plethodon hybrid,NA,49,female
Buck Creek,Plethodon hybrid,NA,44,unknown
Buck Creek,Plethodon hybrid,NA,24,unknown
Buck Creek,Plethodon hybrid,NA,25,unknown
Buck Creek,Plethodon hybrid,NA,45,female
Buck Creek,Plethodon hybrid,NA,39,unknown
Buck Creek,Plethodon hybrid,NA,39,unknown
Buck Creek,Plethodon hybrid,NA,35,unknown
Buck Creek,Plethodon hybrid,NA,22,unknown
Buck Creek,Plethodon hybrid,NA,45,female
Buck Creek,Plethodon hybrid,NA,48,female
Buck Creek,Plethodon hybrid,NA,38,unknown
Buck Creek,Plethodon hybrid,NA,26,unknown
Buck Creek,Plethodon hybrid,NA,50,female
Buck Creek,Plethodon hybrid,NA,48,female
Buck Creek,Plethodon hybrid,NA,50,female
Buck Creek,Plethodon shermani,NA,26,unknown
Buck Creek,Plethodon shermani,NA,62,female
Buck Creek,Plethodon shermani,NA,48,unknown
Buck Creek,Plethodon shermani,NA,23,unknown
Buck Creek,Plethodon shermani,NA,51,unknown
Buck Creek,Plethodon shermani,NA,NA,unknown
Buck Creek,Plethodon shermani,NA,25,unknown
Buck Creek,Plethodon shermani,NA,47,unknown
Buck Creek,Plethodon shermani,NA,25,unknown
Buck Creek,Plethodon shermani,NA,38,unknown
Buck Creek,Plethodon shermani,NA,25,unknown
Buck Creek,Plethodon shermani,NA,39,unknown
Buck Creek,Plethodon shermani,NA,28,unknown
Buck Creek,Plethodon shermani,NA,29,unknown
Buck Creek,Plethodon shermani,NA,30,unknown
Buck Creek,Plethodon shermani,NA,25,unknown
Buck Creek,Plethodon shermani,NA,24,unknown
Buck Creek,Plethodon shermani,NA,21,unknown
Buck Creek,Plethodon shermani,NA,49,unknown
Buck Creek,Plethodon shermani,NA,46,unknown
Buck Creek,Plethodon hybrid,NA,22,unknown
Buck Creek,Plethodon hybrid,NA,48,female
Buck Creek,Plethodon hybrid,NA,25,unknown
Buck Creek,Plethodon hybrid,NA,72,female
Buck Creek,Plethodon hybrid,NA,24,unknown
DF5,Plethodon hybrid,NA,61,male
DF2,Plethodon hybrid,NA,42,unknown
DF2,Plethodon hybrid,NA,NA,unknown
DF2,Plethodon hybrid,NA,49,female
DF2,Plethodon hybrid,NA,43,unknown
DF2,Plethodon hybrid,NA,59,male
DF2,Plethodon hybrid,NA,44,unknown
DF2,Plethodon hybrid,NA,36,unknown
DF5,Plethodon hybrid,NA,NA,male
DF4,Plethodon hybrid,NA,NA,unknown
DF4,Plethodon hybrid,NA,33,unknown
DF4,Plethodon hybrid,NA,30,unknown
DF4,Plethodon hybrid,NA,56,male
DF4,Plethodon hybrid,NA,56,female
DF4,Plethodon hybrid,NA,31,unknown
DF4,Plethodon hybrid,NA,31,unknown
DF4,Plethodon hybrid,NA,31,unknown
DF4,Plethodon hybrid,NA,21,unknown
DF4,Plethodon hybrid,NA,28,unknown
DF4,Plethodon hybrid,NA,23,unknown
DF4,Plethodon hybrid,NA,33,unknown
Buck Creek,Plethodon shermani,NA,27,unknown
Buck Creek,Plethodon shermani,NA,52,female
Buck Creek,Plethodon shermani,NA,42,unknown
Buck Creek,Plethodon shermani,NA,48,female
Buck Creek,Plethodon shermani,NA,21,unknown
Buck Creek,Plethodon shermani,NA,38,unknown
Buck Creek,Plethodon shermani,NA,22,unknown
Buck Creek,Plethodon shermani,NA,55,female
Buck Creek,Plethodon shermani,NA,23,unknown
Buck Creek,Plethodon shermani,NA,25,unknown
Buck Creek,Plethodon shermani,NA,43,unknown
Buck Creek,Plethodon shermani,NA,37,unknown
Buck Creek,Plethodon shermani,NA,46,unknown
Buck Creek,Plethodon shermani,NA,41,unknown
Buck Creek,Plethodon shermani,NA,43,unknown
Buck Creek,Plethodon shermani,NA,25,unknown
Buck Creek,Plethodon shermani,NA,41,unknown
Buck Creek,Plethodon shermani,NA,62,female
Buck Creek,Plethodon hybrid,NA,24,unknown
Buck Creek,Plethodon hybrid,NA,27,unknown
Buck Creek,Plethodon hybrid,NA,51,female
Buck Creek,Plethodon hybrid,NA,NA,female
Buck Creek,Plethodon hybrid,NA,26,unknown
Buck Creek,Plethodon hybrid,NA,48,female
Buck Creek,Plethodon hybrid,NA,34,unknown
Buck Creek,Plethodon hybrid,NA,46,male
Buck Creek,Plethodon hybrid,NA,33,unknown
Buck Creek,Plethodon hybrid,NA,44,male
Buck Creek,Plethodon hybrid,NA,36,unknown
Buck Creek,Plethodon hybrid,NA,56,male
Buck Creek,Plethodon hybrid,NA,50,male
Buck Creek,Plethodon hybrid,NA,22,unknown
Buck Creek,Plethodon hybrid,NA,23,unknown
Buck Creek,Plethodon hybrid,NA,26,unknown
Buck Creek,Plethodon hybrid,NA,23,unknown
Buck Creek,Plethodon hybrid,NA,39,unknown
Buck Creek,Plethodon shermani,NA,40,unknown
Buck Creek,Plethodon shermani,NA,42,unknown
Buck Creek,Plethodon shermani,NA,44,unknown
Buck Creek,Plethodon shermani,NA,41,unknown
Buck Creek,Plethodon shermani,NA,NA,unknown
Buck Creek,Plethodon shermani,NA,36,unknown
Buck Creek,Plethodon shermani,NA,67,female
Buck Creek,Plethodon shermani,NA,43,unknown
Buck Creek,Plethodon shermani,NA,28,unknown
Buck Creek,Plethodon shermani,NA,42,unknown
Buck Creek,Plethodon shermani,NA,45,unknown
Buck Creek,Plethodon shermani,NA,41,unknown
Buck Creek,Plethodon shermani,NA,51,unknown
Buck Creek,Plethodon hybrid,NA,52,female
Buck Creek,Plethodon hybrid,NA,NA,unknown
Buck Creek,Plethodon hybrid,NA,37,unknown
Buck Creek,Plethodon hybrid,NA,49,female
Buck Creek,Plethodon hybrid,NA,35,unknown
Buck Creek,Plethodon hybrid,NA,NA,unknown
Buck Creek,Plethodon hybrid,NA,24,unknown
2750,Plethodon sp.,NA,26,unknown
2750,Plethodon sp.,NA,29,unknown
2750,Plethodon sp.,NA,36,unknown
2750,Plethodon sp.,NA,26,unknown
2750,Plethodon sp.,NA,32,unknown
2750,Plethodon sp.,NA,24,unknown
2750,Plethodon sp.,NA,72,female
2750,Plethodon sp.,NA,29,unknown
2750,Plethodon sp.,NA,27,unknown
2850,Plethodon sp.,NA,27,unknown
2850,Plethodon sp.,NA,27,unknown
2850,Plethodon sp.,NA,48,unknown
2850,Plethodon sp.,NA,29,unknown
2850,Plethodon sp.,NA,26,unknown
2850,Plethodon sp.,NA,23,unknown
2850,Plethodon sp.,NA,37,unknown
2850,Plethodon sp.,NA,27,unknown
2850,Plethodon sp.,NA,25,unknown
2850,Plethodon sp.,NA,26,unknown
2850,Plethodon sp.,NA,52,unknown
2850,Plethodon sp.,NA,29,unknown
2850,Plethodon sp.,NA,23,unknown
2850,Plethodon sp.,NA,58,unknown
2850,Plethodon sp.,NA,22,unknown
2850,Plethodon sp.,NA,26,unknown
2850,Plethodon sp.,NA,29,unknown
2850,Plethodon sp.,NA,26,unknown
2850,Plethodon sp.,NA,25,unknown
2850,Plethodon sp.,NA,22,unknown
2850,Plethodon sp.,NA,27,unknown
2850,Plethodon sp.,NA,27,unknown
2950,Plethodon sp.,NA,46,unknown
2950,Plethodon sp.,NA,41,unknown
2950,Plethodon sp.,NA,36,unknown
2950,Plethodon sp.,NA,37,unknown
2950,Plethodon sp.,NA,54,female
2950,Plethodon sp.,NA,25,unknown
2950,Plethodon sp.,NA,23,unknown
2950,Plethodon sp.,NA,21,unknown
2950,Plethodon sp.,NA,40,unknown
2950,Plethodon sp.,NA,26,unknown
2950,Plethodon sp.,NA,20,unknown
2950,Plethodon sp.,NA,24,unknown
2950,Plethodon sp.,NA,26,unknown
2950,Plethodon sp.,NA,24,unknown
2950,Plethodon sp.,NA,24,unknown
2950,Plethodon sp.,NA,23,unknown
2950,Plethodon sp.,NA,24,unknown
2950,Plethodon sp.,NA,22,unknown
2950,Plethodon sp.,NA,22,unknown
2950,Plethodon sp.,NA,67,female
2950,Plethodon sp.,NA,25,unknown
2950,Plethodon sp.,NA,39,unknown
2950,Plethodon sp.,NA,23,unknown
2950,Plethodon sp.,NA,21,unknown
2950,Plethodon sp.,NA,21,unknown
2950,Plethodon sp.,NA,51,unknown
2950,Plethodon sp.,NA,22,unknown
DF3,Plethodon hybrid,NA,27,unknown
DF3,Plethodon hybrid,NA,56,female
WS27C,Plethodon hybrid,NA,41,unknown
WS27C,Plethodon hybrid,NA,22,unknown
WS27C,Plethodon hybrid,NA,54,female
WS27C,Plethodon hybrid,NA,38,unknown
WS27C,Plethodon hybrid,NA,37,unknown
WS27C,Plethodon hybrid,NA,61,female
WS27C,Plethodon hybrid,NA,44,unknown
WS27C,Plethodon hybrid,NA,50,female
WS27C,Plethodon hybrid,NA,25,unknown
WS27C,Plethodon hybrid,NA,23,unknown
WS27C,Plethodon hybrid,NA,24,unknown
WS27C,Plethodon hybrid,NA,26,unknown
WS27C,Plethodon hybrid,NA,23,unknown
WSXF,Plethodon hybrid,NA,26,unknown
WSXF,Plethodon hybrid,NA,23,unknown
WSXR,Plethodon hybrid,NA,NA,unknown
WSXR,Plethodon hybrid,NA,NA,unknown
WSXR,Plethodon hybrid,NA,45,female
WSXR,Plethodon hybrid,NA,34,unknown
WSXR,Plethodon hybrid,NA,42,unknown
WSXR,Plethodon hybrid,NA,34,unknown
WSXR,Plethodon hybrid,NA,25,unknown
WSXR,Plethodon hybrid,NA,27,unknown
WSXR,Plethodon hybrid,NA,NA,unknown
WSXR,Plethodon hybrid,NA,37,unknown
WSXR,Plethodon hybrid,NA,34,unknown
WSXR,Plethodon hybrid,NA,64,female
WSXR,Plethodon hybrid,NA,40,unknown
WSXR,Plethodon hybrid,NA,23,unknown
WSXR,Plethodon hybrid,NA,38,unknown
WSXR,Plethodon hybrid,NA,24,unknown
WSXR,Plethodon hybrid,NA,23,unknown
WSXR,Plethodon hybrid,NA,56,female
WSXR,Plethodon hybrid,NA,46,unknown
WSXR,Plethodon hybrid,NA,33,unknown
WSXR,Plethodon hybrid,NA,43,unknown
WSXR,Plethodon hybrid,NA,44,unknown
WSXR,Plethodon hybrid,NA,22,unknown
WS31,Plethodon hybrid,NA,31,unknown
WS32,Plethodon hybrid,NA,26,unknown
WS32,Plethodon hybrid,NA,NA,unknown
WS32,Plethodon hybrid,NA,25,unknown
WS32,Plethodon hybrid,NA,28,unknown
WS32,Plethodon hybrid,NA,26,unknown
WS32,Plethodon hybrid,NA,23,unknown
WS32,Plethodon hybrid,NA,25,unknown
2750,Plethodon sp.,NA,30,unknown
2750,Plethodon sp.,NA,24,unknown
2750,Plethodon sp.,NA,32,unknown
2750,Plethodon sp.,NA,47,unknown
2750,Plethodon sp.,NA,26,unknown
2750,Plethodon sp.,NA,31,unknown
2750,Plethodon sp.,NA,42,unknown
2750,Plethodon sp.,NA,23,unknown
2750,Plethodon sp.,NA,22,unknown
2750,Plethodon sp.,NA,27,unknown
2850,Plethodon sp.,NA,28,unknown
2850,Plethodon sp.,NA,26,unknown
2850,Plethodon sp.,NA,21,unknown
2850,Plethodon sp.,NA,25,unknown
2850,Plethodon sp.,NA,24,unknown
2850,Plethodon sp.,NA,28,unknown
2850,Plethodon sp.,NA,20,unknown
2850,Plethodon sp.,NA,23,unknown
2850,Plethodon sp.,NA,26,unknown
2850,Plethodon sp.,NA,28,unknown
2850,Plethodon sp.,NA,42,unknown
2850,Plethodon sp.,NA,23,unknown
2850,Plethodon sp.,NA,26,unknown
2850,Plethodon sp.,NA,27,unknown
2850,Plethodon sp.,NA,26,unknown
2850,Plethodon sp.,NA,27,unknown
2850,Plethodon sp.,NA,25,unknown
2850,Plethodon sp.,NA,43,unknown
2950,Plethodon sp.,NA,48,unknown
2950,Plethodon sp.,NA,37,unknown
2950,Plethodon sp.,NA,56,unknown
2950,Plethodon sp.,NA,60,male
2950,Plethodon sp.,NA,65,female
2950,Plethodon sp.,NA,26,unknown
2950,Plethodon sp.,NA,26,unknown
2950,Plethodon sp.,NA,22,unknown
2950,Plethodon sp.,NA,27,unknown
2950,Plethodon sp.,NA,22,unknown
2950,Plethodon sp.,NA,23,unknown
2950,Plethodon sp.,NA,23,unknown
DF2,Plethodon hybrid,NA,NA,unknown
DF2,Plethodon hybrid,NA,49,unknown
DF2,Plethodon hybrid,NA,52,unknown
DF2,Plethodon hybrid,NA,44,unknown
DF2,Plethodon hybrid,NA,62,female
DF2,Plethodon hybrid,NA,NA,unknown
DF2,Plethodon hybrid,NA,45,unknown
DF2,Plethodon hybrid,NA,55,female
DF2,Plethodon hybrid,NA,42,unknown
DF2,Plethodon hybrid,NA,NA,unknown
DF2,Plethodon hybrid,NA,25,unknown
DF2,Plethodon hybrid,NA,55,female
DF2,Plethodon hybrid,NA,60,female
DF2,Plethodon hybrid,NA,71,female
WS32,Plethodon hybrid,NA,24,unknown
WS32,Plethodon hybrid,NA,50,female
WS32,Plethodon hybrid,NA,25,unknown
WS32,Plethodon hybrid,NA,25,unknown
DF1,Plethodon hybrid,NA,37,unknown
DF1,Plethodon hybrid,NA,25,unknown
DF1,Plethodon hybrid,NA,66,female
DF1,Plethodon hybrid,NA,29,unknown
DF1,Plethodon hybrid,NA,27,unknown
DF1,Plethodon hybrid,NA,26,unknown
DF1,Plethodon hybrid,NA,53,unknown
DF2,Plethodon hybrid,NA,26,unknown
DF2,Plethodon hybrid,NA,39,unknown
DF2,Plethodon hybrid,NA,23,unknown
DF2,Plethodon hybrid,NA,23,unknown
DF2,Plethodon hybrid,NA,NA,unknown
DF2,Plethodon hybrid,NA,24,unknown
DF2,Plethodon hybrid,NA,NA,unknown
DF2,Plethodon hybrid,NA,52,unknown
WS32,Plethodon hybrid,NA,26,unknown
WS32,Plethodon hybrid,NA,26,unknown
WS32,Plethodon hybrid,NA,NA,unknown
WS32,Plethodon hybrid,NA,69,female
WS32,Plethodon hybrid,NA,NA,unknown
WS32,Plethodon hybrid,NA,29,unknown
WS32,Plethodon hybrid,NA,NA,unknown
WS32,Plethodon hybrid,NA,55,male
WS32,Plethodon hybrid,NA,78,female
WS32,Plethodon hybrid,NA,25,unknown
WS32,Plethodon hybrid,NA,28,unknown
WS27C,Plethodon hybrid,NA,53,female
WS27C,Plethodon hybrid,NA,42,unknown
WS27C,Plethodon hybrid,NA,38,unknown
WS27C,Plethodon hybrid,NA,23,unknown
WS27C,Plethodon hybrid,NA,31,unknown
WS27C,Plethodon hybrid,NA,53,unknown
WS27C,Plethodon hybrid,NA,56,unknown
WS27C,Plethodon hybrid,NA,25,unknown
WS27C,Plethodon hybrid,NA,50,unknown
WS27C,Plethodon hybrid,NA,40,unknown
WS27C,Plethodon hybrid,NA,35,unknown
WS27C,Plethodon hybrid,NA,24,unknown
WS27C,Plethodon hybrid,NA,41,unknown
WS27C,Plethodon hybrid,NA,52,female
WS27C,Plethodon hybrid,NA,58,female
WS27C,Plethodon hybrid,NA,40,unknown
WS40M,Plethodon hybrid,NA,31,unknown
WS40M,Plethodon hybrid,NA,27,unknown
WS40M,Plethodon hybrid,NA,47,unknown
WS40M,Plethodon hybrid,NA,32,unknown
WS40M,Plethodon hybrid,NA,74,female
WS40M,Plethodon hybrid,NA,53,female
WS40M,Plethodon hybrid,NA,NA,unknown
WS40M,Plethodon hybrid,NA,31,unknown
WS10M,Plethodon hybrid,NA,27,unknown
WS10M,Plethodon hybrid,NA,NA,male
WS10M,Plethodon hybrid,NA,32,unknown
WS10R,Plethodon hybrid,NA,NA,unknown
WS10R,Plethodon hybrid,NA,34,unknown
WS10R,Plethodon hybrid,NA,80,female
WS7R,Plethodon hybrid,NA,NA,unknown
WS40M,Plethodon hybrid,NA,51,female
WS40R,Plethodon hybrid,NA,62,female
WS40R,Plethodon hybrid,NA,47,female
WS40R,Plethodon hybrid,NA,28,unknown
WS40R,Plethodon hybrid,NA,48,female
WS40R,Plethodon hybrid,NA,25,unknown
WS40R,Plethodon hybrid,NA,46,unknown
2750,Plethodon sp.,NA,49,unknown
2750,Plethodon sp.,NA,50,unknown
2750,Plethodon sp.,NA,29,unknown
2750,Plethodon sp.,NA,72,female
2850,Plethodon sp.,NA,26,unknown
2850,Plethodon sp.,NA,26,unknown
2850,Plethodon sp.,NA,44,unknown
2850,Plethodon sp.,NA,27,unknown
2850,Plethodon sp.,NA,25,unknown
2850,Plethodon sp.,NA,48,unknown
2850,Plethodon sp.,NA,25,unknown
2850,Plethodon sp.,NA,26,unknown
2850,Plethodon sp.,NA,27,unknown
2850,Plethodon sp.,NA,28,unknown
2850,Plethodon sp.,NA,30,unknown
2850,Plethodon sp.,NA,27,unknown
2850,Plethodon sp.,NA,29,unknown
2850,Plethodon sp.,NA,19,unknown
2850,Plethodon sp.,NA,22,unknown
2850,Plethodon sp.,NA,28,unknown
2950,Plethodon sp.,NA,23,unknown
2950,Plethodon sp.,NA,21,unknown
2950,Plethodon sp.,NA,28,unknown
2950,Plethodon sp.,NA,24,unknown
2950,Plethodon sp.,NA,24,unknown
2950,Plethodon sp.,NA,53,unknown
2950,Plethodon sp.,NA,74,female
2950,Plethodon sp.,NA,19,unknown
2950,Plethodon sp.,NA,25,unknown
2950,Plethodon sp.,NA,27,unknown
2950,Plethodon sp.,NA,21,unknown
2950,Plethodon sp.,NA,24,unknown
2950,Plethodon sp.,NA,24,unknown
2950,Plethodon sp.,NA,41,unknown
2950,Plethodon sp.,NA,21,unknown
2950,Plethodon sp.,NA,20,unknown
2950,Plethodon sp.,NA,22,unknown
2950,Plethodon sp.,NA,21,unknown
2950,Plethodon sp.,NA,24,unknown
2950,Plethodon sp.,NA,20,unknown
2950,Plethodon sp.,NA,35,unknown
2950,Plethodon sp.,NA,20,unknown
2950,Plethodon sp.,NA,24,unknown
2950,Plethodon sp.,NA,21,unknown
WS32,Plethodon hybrid,NA,67,female
WS32,Plethodon hybrid,NA,45,unknown
WS32,Plethodon hybrid,NA,44,unknown
WS32,Plethodon hybrid,NA,26,unknown
WS32,Plethodon hybrid,NA,44,unknown
WS32,Plethodon hybrid,NA,47,unknown
WS32,Plethodon hybrid,NA,23,unknown
WS32,Plethodon hybrid,NA,41,male
WS32,Plethodon hybrid,NA,NA,unknown
WS32,Plethodon hybrid,NA,66,female
WS32,Plethodon hybrid,NA,29,unknown
WS32,Plethodon hybrid,NA,27,unknown
WS32,Plethodon hybrid,NA,43,unknown
WS32,Plethodon hybrid,NA,43,unknown
WS32,Plethodon hybrid,NA,41,unknown
WS32,Plethodon hybrid,NA,25,unknown
WS32,Plethodon hybrid,NA,NA,unknown
WS32,Plethodon hybrid,NA,20,unknown
WS32,Plethodon hybrid,NA,28,unknown
WS32,Plethodon hybrid,NA,28,unknown
WS32,Plethodon hybrid,NA,35,unknown
WS32,Plethodon hybrid,NA,45,female
WS40C,Plethodon hybrid,NA,26,unknown
WS40C,Plethodon hybrid,NA,75,male
WS40C,Plethodon hybrid,NA,68,female
WS40C,Plethodon hybrid,NA,30,unknown
WS40C,Plethodon hybrid,NA,27,unknown
WS40C,Plethodon hybrid,NA,29,unknown
WS40C,Plethodon hybrid,NA,NA,unknown
WS40C,Plethodon hybrid,NA,31,unknown
WS40C,Plethodon hybrid,NA,40,unknown
WS40C,Plethodon hybrid,NA,21,unknown
WS40C,Plethodon hybrid,NA,32,unknown
WS40C,Plethodon hybrid,NA,31,unknown
WS40C,Plethodon hybrid,NA,30,unknown
WS40C,Plethodon hybrid,NA,28,unknown
WS40M,Plethodon hybrid,NA,32,unknown
WS40M,Plethodon hybrid,NA,NA,unknown
WS40M,Plethodon hybrid,NA,26,unknown
WS40M,Plethodon hybrid,NA,27,unknown
WS40M,Plethodon hybrid,NA,26,unknown
WS40C,Plethodon hybrid,NA,47,female
WS40C,Plethodon hybrid,NA,NA,unknown
WS10C,Plethodon hybrid,NA,NA,unknown
WS10C,Plethodon hybrid,NA,NA,unknown
WS27R,Plethodon hybrid,NA,47,unknown
WS27R,Plethodon hybrid,NA,44,unknown
WS27R,Plethodon hybrid,NA,32,unknown
WS27R,Plethodon hybrid,NA,NA,unknown
WS27R,Plethodon hybrid,NA,39,unknown
WS27R,Plethodon hybrid,NA,NA,unknown
WS27R,Plethodon hybrid,NA,58,female
WS27R,Plethodon hybrid,NA,27,unknown
WS27R,Plethodon hybrid,NA,26,unknown
WS27R,Plethodon hybrid,NA,40,unknown
WS27R,Plethodon hybrid,NA,53,unknown
WS27R,Plethodon hybrid,NA,NA,unknown
WS27R,Plethodon hybrid,NA,39,unknown
WS27R,Plethodon hybrid,NA,26,unknown
WS27R,Plethodon hybrid,NA,NA,unknown
WS27R,Plethodon hybrid,NA,49,female
WS27R,Plethodon hybrid,NA,NA,unknown
WS27R,Plethodon hybrid,NA,NA,unknown
WS27R,Plethodon hybrid,NA,NA,unknown
WS27R,Plethodon hybrid,NA,NA,unknown
WS27R,Plethodon hybrid,NA,NA,unknown
WS27R,Plethodon hybrid,NA,33,unknown
WS27R,Plethodon hybrid,NA,22,unknown
WS27R,Plethodon hybrid,NA,35,unknown
WS27R,Plethodon hybrid,NA,40,unknown
WS27R,Plethodon hybrid,NA,22,unknown
WS27R,Plethodon hybrid,NA,39,unknown
WS27R,Plethodon hybrid,NA,58,female
WS27R,Plethodon hybrid,NA,52,female
WS27R,Plethodon hybrid,NA,34,unknown
WS27R,Plethodon hybrid,NA,NA,unknown
WS27R,Plethodon hybrid,NA,29,unknown
WS27R,Plethodon hybrid,NA,45,female
WS27R,Plethodon hybrid,NA,54,female
WS27R,Plethodon hybrid,NA,51,female
WS27R,Plethodon hybrid,NA,22,unknown
WS27R,Plethodon hybrid,NA,22,unknown
WS27R,Plethodon hybrid,NA,35,unknown
WS27R,Plethodon hybrid,NA,32,unknown
WS27R,Plethodon hybrid,NA,55,female
WS27R,Plethodon hybrid,NA,42,unknown
WS27R,Plethodon hybrid,NA,43,unknown
WS27R,Plethodon hybrid,NA,36,unknown
WS27R,Plethodon hybrid,NA,22,unknown
WS27R,Plethodon hybrid,NA,36,unknown
WS27R,Plethodon hybrid,NA,51,female
WS27R,Plethodon hybrid,NA,NA,unknown
WS27R,Plethodon hybrid,NA,35,unknown
WS27R,Plethodon hybrid,NA,24,unknown
WS27R,Plethodon hybrid,NA,67,male
WS27R,Plethodon hybrid,NA,22,unknown
WS27R,Plethodon hybrid,NA,39,unknown
WS27R,Plethodon hybrid,NA,22,unknown
WS27R,Plethodon hybrid,NA,26,unknown
WS27R,Plethodon hybrid,NA,56,female
WS27R,Plethodon hybrid,NA,46,unknown
WS27R,Plethodon hybrid,NA,20,unknown
WS27R,Plethodon hybrid,NA,30,unknown
WS27R,Plethodon hybrid,NA,21,unknown
FOSSite1,Plethodon hybrid,NA,NA,unknown
FOSSite1,Plethodon hybrid,NA,NA,unknown
FOSSite1,Plethodon hybrid,NA,49,female
WS7C,Plethodon hybrid,NA,24,unknown
WS7C,Plethodon hybrid,NA,NA,unknown
WS7C,Plethodon hybrid,NA,NA,unknown
WS7C,Plethodon hybrid,NA,43,unknown
WS7C,Plethodon hybrid,NA,NA,unknown
WS7C,Plethodon hybrid,NA,NA,unknown
WS7C,Plethodon hybrid,NA,83,female
WS12,Plethodon hybrid,NA,48,unknown
WS12,Plethodon hybrid,NA,46,unknown
WS12,Plethodon hybrid,NA,26,unknown
WS12,Plethodon hybrid,NA,NA,unknown
Hurricane Creek Sassafras Ridge,Plethodon shermani,NA,43,unknown
Hurricane Creek Sassafras Ridge,Plethodon shermani,NA,51,female
Hurricane Creek Sassafras Ridge,Plethodon shermani,NA,36,unknown
Hurricane Creek Sassafras Ridge,Plethodon shermani,NA,47,unknown
Hurricane Creek Sassafras Ridge,Plethodon shermani,NA,38,unknown
Hurricane Creek Sassafras Ridge,Plethodon shermani,NA,51,unknown
Hurricane Creek Sassafras Ridge,Plethodon hybrid,NA,31,unknown
Hurricane Creek Sassafras Ridge,Plethodon hybrid,NA,66,female
Hurricane Creek Sassafras Ridge,Plethodon hybrid,NA,47,unknown
Hurricane Creek Sassafras Ridge,Plethodon hybrid,NA,NA,unknown
Hurricane Creek Sassafras Ridge,Plethodon hybrid,NA,47,unknown
Hurricane Creek Sassafras Ridge,Plethodon hybrid,NA,62,female
Hurricane Creek Sassafras Ridge,Plethodon hybrid,NA,40,unknown
Hurricane Creek Sassafras Ridge,Plethodon hybrid,NA,35,unknown
Hurricane Creek Sassafras Ridge,Plethodon hybrid,NA,21,unknown
Hurricane Creek Sassafras Ridge,Plethodon hybrid,NA,57,female
Hurricane Creek Sassafras Ridge,Plethodon hybrid,NA,25,unknown
Hurricane Creek Sassafras Ridge,Plethodon hybrid,NA,25,unknown
Hurricane Creek Sassafras Ridge,Plethodon shermani,NA,48,unknown
Hurricane Creek Sassafras Ridge,Plethodon shermani,NA,39,unknown
Hurricane Creek Sassafras Ridge,Plethodon shermani,NA,37,unknown
Hurricane Creek Sassafras Ridge,Plethodon shermani,NA,NA,unknown
Hurricane Creek Sassafras Ridge,Plethodon hybrid,NA,39,unknown
Hurricane Creek Sassafras Ridge,Plethodon hybrid,NA,42,unknown
Hurricane Creek Sassafras Ridge,Plethodon hybrid,NA,46,female
Hurricane Creek Sassafras Ridge,Plethodon hybrid,NA,38,unknown
Hurricane Creek Sassafras Ridge,Plethodon hybrid,NA,38,unknown
Hurricane Creek Sassafras Ridge,Plethodon hybrid,NA,69,female
Hurricane Creek Sassafras Ridge,Plethodon hybrid,NA,51,female
Hurricane Creek Sassafras Ridge,Plethodon shermani,NA,27,unknown
Hurricane Creek Sassafras Ridge,Plethodon shermani,NA,38,unknown
Hurricane Creek Sassafras Ridge,Plethodon shermani,NA,46,unknown
Hurricane Creek Sassafras Ridge,Plethodon hybrid,NA,24,unknown
Hurricane Creek Sassafras Ridge,Plethodon hybrid,NA,41,unknown
Hurricane Creek Sassafras Ridge,Plethodon hybrid,NA,41,unknown
Hurricane Creek Sassafras Ridge,Plethodon hybrid,NA,26,unknown
Hurricane Creek Sassafras Ridge,Plethodon hybrid,NA,51,female
Hurricane Creek Sassafras Ridge,Plethodon hybrid,NA,67,female
Hurricane Creek Sassafras Ridge,Plethodon hybrid,NA,41,unknown
Hurricane Creek Sassafras Ridge,Plethodon hybrid,NA,60,female
Hurricane Creek Sassafras Ridge,Plethodon hybrid,NA,49,female
Hurricane Creek Sassafras Ridge,Plethodon hybrid,NA,42,unknown
Hurricane Creek Sassafras Ridge,Plethodon hybrid,NA,56,female
Hurricane Creek Sassafras Ridge,Plethodon hybrid,NA,39,unknown
Hurricane Creek Sassafras Ridge,Plethodon hybrid,NA,41,unknown
Hurricane Creek Sassafras Ridge,Plethodon hybrid,NA,55,female
Hurricane Creek Sassafras Ridge,Plethodon hybrid,NA,88,female
Hurricane Creek Sassafras Ridge,Plethodon hybrid,NA,23,unknown
Hurricane Creek Sassafras Ridge,Plethodon hybrid,NA,47,female
Hurricane Creek Sassafras Ridge,Plethodon hybrid,NA,39,unknown
Hurricane Creek Sassafras Ridge,Plethodon hybrid,NA,39,unknown
Hurricane Creek Sassafras Ridge,Plethodon hybrid,NA,32,unknown
Hurricane Creek Sassafras Ridge,Plethodon hybrid,NA,42,unknown
Hurricane Creek Sassafras Ridge,Plethodon hybrid,NA,53,female
Hurricane Creek Sassafras Ridge,Plethodon shermani,NA,49,female
Hurricane Creek Sassafras Ridge,Plethodon shermani,NA,24,unknown
Hurricane Creek Sassafras Ridge,Plethodon shermani,NA,44,unknown
Hurricane Creek Sassafras Ridge,Plethodon shermani,NA,24,unknown
Hurricane Creek Sassafras Ridge,Plethodon shermani,NA,25,unknown
Hurricane Creek Sassafras Ridge,Plethodon shermani,NA,45,unknown
Hurricane Creek Sassafras Ridge,Plethodon shermani,NA,21,unknown
Hurricane Creek Sassafras Ridge,Plethodon shermani,NA,40,unknown
Hurricane Creek Sassafras Ridge,Plethodon shermani,NA,36,unknown
Hurricane Creek Sassafras Ridge,Plethodon shermani,NA,21,unknown
Hurricane Creek Sassafras Ridge,Plethodon shermani,NA,33,unknown
Hurricane Creek Sassafras Ridge,Plethodon shermani,NA,47,unknown
Hurricane Creek Sassafras Ridge,Plethodon shermani,NA,42,unknown
Hurricane Creek Sassafras Ridge,Plethodon shermani,NA,36,unknown
Hurricane Creek Sassafras Ridge,Plethodon shermani,NA,37,unknown
Hurricane Creek Sassafras Ridge,Plethodon shermani,NA,55,female
Hurricane Creek Sassafras Ridge,Plethodon shermani,NA,36,unknown
Hurricane Creek Sassafras Ridge,Plethodon shermani,NA,44,unknown
Hurricane Creek Sassafras Ridge,Plethodon shermani,NA,41,unknown
Hurricane Creek Sassafras Ridge,Plethodon shermani,NA,40,unknown
Hurricane Creek Sassafras Ridge,Plethodon shermani,NA,42,unknown
Hurricane Creek Sassafras Ridge,Plethodon shermani,NA,39,unknown
Hurricane Creek Sassafras Ridge,Plethodon shermani,NA,44,unknown
Hurricane Creek Sassafras Ridge,Plethodon shermani,NA,43,unknown
Hurricane Creek Sassafras Ridge,Plethodon shermani,NA,45,unknown
Hurricane Creek Sassafras Ridge,Plethodon shermani,NA,NA,unknown
Hurricane Creek Sassafras Ridge,Plethodon shermani,NA,55,female
WSXC,Plethodon hybrid,NA,49,female
WSXC,Plethodon hybrid,NA,43,unknown
WSXC,Plethodon hybrid,NA,42,unknown
WSXM,Plethodon hybrid,NA,66,female
WSXM,Plethodon hybrid,NA,24,unknown
WSXM,Plethodon hybrid,NA,39,unknown
WSXM,Plethodon hybrid,NA,NA,unknown
WSXM,Plethodon hybrid,NA,27,unknown
WSXM,Plethodon hybrid,NA,29,unknown
WSXM,Plethodon hybrid,NA,19,unknown
WSXM,Plethodon hybrid,NA,NA,unknown
WSXM,Plethodon hybrid,NA,50,female
WSXM,Plethodon hybrid,NA,50,female
WSXM,Plethodon hybrid,NA,23,unknown
WSXC,Plethodon hybrid,NA,46,female
WSXC,Plethodon hybrid,NA,22,unknown
WSXC,Plethodon hybrid,NA,NA,unknown
WSXC,Plethodon hybrid,NA,26,unknown
WSXM,Plethodon hybrid,NA,35,unknown
WSXM,Plethodon hybrid,NA,35,unknown
WSXM,Plethodon hybrid,NA,44,unknown
WSXM,Plethodon hybrid,NA,27,unknown
WSXM,Plethodon hybrid,NA,39,unknown
WSXC,Plethodon hybrid,NA,NA,unknown
WSXC,Plethodon hybrid,NA,28,unknown
WSXM,Plethodon hybrid,NA,31,unknown
WSXC,Plethodon hybrid,NA,28,unknown
WSXC,Plethodon hybrid,NA,NA,unknown
WS6M,Plethodon hybrid,NA,57,unknown
WS6M,Plethodon hybrid,NA,31,unknown
WS6M,Plethodon hybrid,NA,NA,unknown
WS6M,Plethodon hybrid,NA,33,unknown
WS6M,Plethodon hybrid,NA,85,female
WS6M,Plethodon hybrid,NA,31,unknown
WS36M,Plethodon hybrid,NA,53,male
WS36M,Plethodon hybrid,NA,NA,unknown
WS36M,Plethodon hybrid,NA,22,unknown
WS36M,Plethodon hybrid,NA,51,female
WS36M,Plethodon hybrid,NA,54,female
WS36M,Plethodon hybrid,NA,55,female
WS36M,Plethodon hybrid,NA,24,unknown
WS36M,Plethodon hybrid,NA,43,unknown
WS36M,Plethodon hybrid,NA,53,female
WS36M,Plethodon hybrid,NA,29,unknown
WS36M,Plethodon hybrid,NA,55,male
WS36M,Plethodon hybrid,NA,40,unknown
WS36M,Plethodon hybrid,NA,42,unknown
WS36M,Plethodon hybrid,NA,29,unknown
WS36M,Plethodon hybrid,NA,NA,unknown
WS36M,Plethodon hybrid,NA,45,unknown
WS36M,Plethodon hybrid,NA,24,unknown
WS36M,Plethodon hybrid,NA,27,unknown
WS36M,Plethodon hybrid,NA,34,unknown
WS36M,Plethodon hybrid,NA,22,unknown
WS36M,Plethodon hybrid,NA,62,female
WS36M,Plethodon hybrid,NA,52,male
WS36M,Plethodon hybrid,NA,26,unknown
WS36M,Plethodon hybrid,NA,26,unknown
WS36M,Plethodon hybrid,NA,NA,unknown
WS36M,Plethodon hybrid,NA,44,female
WS36M,Plethodon hybrid,NA,36,unknown
WS36M,Plethodon hybrid,NA,NA,unknown
WS36M,Plethodon hybrid,NA,43,unknown
WS36M,Plethodon hybrid,NA,NA,unknown
WS36M,Plethodon hybrid,NA,24,unknown
WS36M,Plethodon hybrid,NA,26,unknown
WS36M,Plethodon hybrid,NA,NA,unknown
WS36M,Plethodon hybrid,NA,26,unknown
WS36M,Plethodon hybrid,NA,28,unknown
WS36M,Plethodon hybrid,NA,28,unknown
WS36M,Plethodon hybrid,NA,NA,unknown
WS36M,Plethodon hybrid,NA,26,unknown
WS36M,Plethodon hybrid,NA,23,unknown
WS36M,Plethodon hybrid,NA,24,unknown
WS36M,Plethodon hybrid,NA,43,unknown
WS36M,Plethodon hybrid,NA,43,unknown
WS36M,Plethodon hybrid,NA,50,unknown
WS36M,Plethodon hybrid,NA,43,unknown
WS36M,Plethodon hybrid,NA,53,unknown
WS36M,Plethodon hybrid,NA,28,unknown
WS36M,Plethodon hybrid,NA,65,female
WS36M,Plethodon hybrid,NA,29,unknown
WS36M,Plethodon hybrid,NA,25,unknown
WS36M,Plethodon hybrid,NA,29,unknown
WS36M,Plethodon hybrid,NA,29,unknown
WS36M,Plethodon hybrid,NA,31,unknown
WS36M,Plethodon hybrid,NA,42,unknown
Bearpen,Plethodon shermani,NA,NA,unknown
Bearpen,Plethodon shermani,NA,49,female
Bearpen,Plethodon shermani,NA,47,female
Bearpen,Plethodon shermani,NA,NA,unknown
Bearpen,Plethodon shermani,NA,NA,unknown
Bearpen,Plethodon shermani,NA,40,unknown
Bearpen,Plethodon shermani,NA,24,unknown
Bearpen,Plethodon shermani,NA,24,unknown
Bearpen,Plethodon shermani,NA,26,unknown
Bearpen,Plethodon shermani,NA,41,unknown
Bearpen,Plethodon shermani,NA,NA,unknown
Bearpen,Plethodon shermani,NA,NA,unknown
Bearpen,Plethodon shermani,NA,NA,unknown
Bearpen,Plethodon shermani,NA,NA,unknown
Bearpen,Plethodon shermani,NA,NA,unknown
Bearpen,Plethodon shermani,NA,NA,unknown
Bearpen,Plethodon shermani,NA,48,female
Bearpen,Plethodon shermani,NA,54,female
Bearpen,Plethodon hybrid,NA,NA,unknown
Bearpen,Plethodon hybrid,NA,NA,unknown
Bearpen,Plethodon hybrid,NA,41,unknown
Bearpen,Plethodon shermani,NA,NA,unknown
Bearpen,Plethodon shermani,NA,42,unknown
Bearpen,Plethodon shermani,NA,41,unknown
Bearpen,Plethodon shermani,NA,41,unknown
Bearpen,Plethodon shermani,NA,47,unknown
Bearpen,Plethodon shermani,NA,38,unknown
Bearpen,Plethodon shermani,NA,42,unknown
Bearpen,Plethodon shermani,NA,51,unknown
Bearpen,Plethodon shermani,NA,43,unknown
Bearpen,Plethodon shermani,NA,40,unknown
Bearpen,Plethodon shermani,NA,61,female
Bearpen,Plethodon shermani,NA,43,unknown
Bearpen,Plethodon shermani,NA,23,unknown
Bearpen,Plethodon shermani,NA,45,unknown
Bearpen,Plethodon shermani,NA,NA,unknown
Bearpen,Plethodon shermani,NA,40,unknown
Bearpen,Plethodon shermani,NA,26,unknown
Bearpen,Plethodon shermani,NA,26,unknown
Bearpen,Plethodon shermani,NA,44,unknown
Bearpen,Plethodon shermani,NA,54,female
Bearpen,Plethodon shermani,NA,56,female
Bearpen,Plethodon shermani,NA,83,unknown
Bearpen,Plethodon shermani,NA,26,unknown
Bearpen,Plethodon shermani,NA,26,unknown
Bearpen,Plethodon shermani,NA,25,unknown
Bearpen,Plethodon shermani,NA,NA,unknown
Bearpen,Plethodon shermani,NA,24,unknown
Bearpen,Plethodon shermani,NA,36,unknown
Bearpen,Plethodon shermani,NA,41,unknown
Bearpen,Plethodon shermani,NA,46,female
Bearpen,Plethodon shermani,NA,20,unknown
Bearpen,Plethodon shermani,NA,31,unknown
Bearpen,Plethodon shermani,NA,44,female
Bearpen,Plethodon shermani,NA,41,unknown
Bearpen,Plethodon shermani,NA,56,female
Bearpen,Plethodon shermani,NA,54,female
Bearpen,Plethodon shermani,NA,43,unknown
Bearpen,Plethodon shermani,NA,43,unknown
Bearpen,Plethodon shermani,NA,42,unknown
Bearpen,Plethodon shermani,NA,37,unknown
Bearpen,Plethodon shermani,NA,28,unknown
Bearpen,Plethodon shermani,NA,49,unknown
Bearpen,Plethodon shermani,NA,27,unknown
Bearpen,Plethodon shermani,NA,43,unknown
Bearpen,Plethodon shermani,NA,44,unknown
Bearpen,Plethodon shermani,NA,31,unknown
Bearpen,Plethodon shermani,NA,NA,unknown
Bearpen,Plethodon shermani,NA,24,unknown
Bearpen,Plethodon shermani,NA,41,unknown
Bearpen,Plethodon shermani,NA,24,unknown
Bearpen,Plethodon shermani,NA,22,unknown
Bearpen,Plethodon shermani,NA,25,unknown
Bearpen,Plethodon shermani,NA,25,unknown
Bearpen,Plethodon shermani,NA,21,unknown
Bearpen,Plethodon shermani,NA,23,unknown
Bearpen,Plethodon shermani,NA,48,unknown
Bearpen,Plethodon shermani,NA,23,unknown
Bearpen,Plethodon shermani,NA,26,unknown
Bearpen,Plethodon shermani,NA,44,unknown
FOSSite2,Plethodon hybrid,NA,NA,unknown
Hurricane Creek Sassafras Ridge,Plethodon shermani,NA,50,unknown
Hurricane Creek Sassafras Ridge,Plethodon shermani,NA,40,unknown
Hurricane Creek Sassafras Ridge,Plethodon shermani,NA,NA,unknown
Hurricane Creek Sassafras Ridge,Plethodon shermani,NA,42,unknown
Hurricane Creek Sassafras Ridge,Plethodon shermani,NA,NA,unknown
Hurricane Creek Sassafras Ridge,Plethodon shermani,NA,38,unknown
Hurricane Creek Sassafras Ridge,Plethodon shermani,NA,36,unknown
Hurricane Creek Sassafras Ridge,Plethodon shermani,NA,55,unknown
Hurricane Creek Sassafras Ridge,Plethodon shermani,NA,21,unknown
Hurricane Creek Sassafras Ridge,Plethodon shermani,NA,NA,unknown
Hurricane Creek Sassafras Ridge,Plethodon shermani,NA,43,unknown
Hurricane Creek Sassafras Ridge,Plethodon shermani,NA,35,unknown
Hurricane Creek Sassafras Ridge,Plethodon shermani,NA,47,unknown
Hurricane Creek Sassafras Ridge,Plethodon shermani,NA,39,unknown
Hurricane Creek Sassafras Ridge,Plethodon hybrid,NA,36,unknown
Hurricane Creek Sassafras Ridge,Plethodon hybrid,NA,23,unknown
Hurricane Creek Sassafras Ridge,Plethodon hybrid,NA,45,female
Hurricane Creek Sassafras Ridge,Plethodon hybrid,NA,24,unknown
Hurricane Creek Sassafras Ridge,Plethodon hybrid,NA,45,female
Hurricane Creek Sassafras Ridge,Plethodon hybrid,NA,37,unknown
Hurricane Creek Sassafras Ridge,Plethodon hybrid,NA,23,unknown
Hurricane Creek Sassafras Ridge,Plethodon hybrid,NA,35,unknown
Hurricane Creek Sassafras Ridge,Plethodon hybrid,NA,41,unknown
Hurricane Creek Sassafras Ridge,Plethodon hybrid,NA,37,unknown
Hurricane Creek Sassafras Ridge,Plethodon hybrid,NA,28,unknown
Hurricane Creek Sassafras Ridge,Plethodon hybrid,NA,41,unknown
Hurricane Creek Sassafras Ridge,Plethodon hybrid,NA,25,unknown
Hurricane Creek Sassafras Ridge,Plethodon hybrid,NA,39,unknown
Hurricane Creek Sassafras Ridge,Plethodon hybrid,NA,36,unknown
Hurricane Creek Sassafras Ridge,Plethodon hybrid,NA,41,unknown
Hurricane Creek Sassafras Ridge,Plethodon hybrid,NA,41,unknown
Hurricane Creek Sassafras Ridge,Plethodon hybrid,NA,48,female
Hurricane Creek Sassafras Ridge,Plethodon hybrid,NA,43,unknown
Hurricane Creek Sassafras Ridge,Plethodon hybrid,NA,39,unknown
Hurricane Creek Sassafras Ridge,Plethodon hybrid,NA,34,unknown
Hurricane Creek Sassafras Ridge,Plethodon hybrid,NA,44,unknown
Hurricane Creek Sassafras Ridge,Plethodon hybrid,NA,21,unknown
Hurricane Creek Sassafras Ridge,Plethodon hybrid,NA,47,female
Hurricane Creek Sassafras Ridge,Plethodon shermani,NA,44,unknown
Hurricane Creek Sassafras Ridge,Plethodon shermani,NA,47,female
Hurricane Creek Sassafras Ridge,Plethodon shermani,NA,25,unknown
Hurricane Creek Sassafras Ridge,Plethodon shermani,NA,39,unknown
Hurricane Creek Sassafras Ridge,Plethodon shermani,NA,NA,unknown
Hurricane Creek Sassafras Ridge,Plethodon shermani,NA,51,female
Hurricane Creek Sassafras Ridge,Plethodon shermani,NA,27,unknown
Hurricane Creek Sassafras Ridge,Plethodon shermani,NA,49,female
Hurricane Creek Sassafras Ridge,Plethodon shermani,NA,25,unknown
Hurricane Creek Sassafras Ridge,Plethodon shermani,NA,49,female
Hurricane Creek Sassafras Ridge,Plethodon shermani,NA,46,female
Hurricane Creek Sassafras Ridge,Plethodon shermani,NA,42,unknown
Hurricane Creek Sassafras Ridge,Plethodon shermani,NA,50,female
Hurricane Creek Sassafras Ridge,Plethodon shermani,NA,37,unknown
Hurricane Creek Sassafras Ridge,Plethodon shermani,NA,59,female
Hurricane Creek Sassafras Ridge,Plethodon shermani,NA,34,unknown
Hurricane Creek Sassafras Ridge,Plethodon shermani,NA,59,female
Hurricane Creek Sassafras Ridge,Plethodon shermani,NA,47,female
Hurricane Creek Sassafras Ridge,Plethodon shermani,NA,23,unknown
Hurricane Creek Sassafras Ridge,Plethodon shermani,NA,22,unknown
Hurricane Creek Sassafras Ridge,Plethodon shermani,NA,26,unknown
Bearpen,Plethodon shermani,NA,NA,unknown
Bearpen,Plethodon shermani,NA,NA,unknown
Bearpen,Plethodon shermani,NA,NA,unknown
Bearpen,Plethodon shermani,NA,36,unknown
Bearpen,Plethodon shermani,NA,NA,unknown
Bearpen,Plethodon shermani,NA,23,unknown
Bearpen,Plethodon shermani,NA,24,unknown
Bearpen,Plethodon shermani,NA,46,unknown
Bearpen,Plethodon shermani,NA,33,unknown
Bearpen,Plethodon shermani,NA,21,unknown
Bearpen,Plethodon shermani,NA,24,unknown
Bearpen,Plethodon shermani,NA,39,unknown
Bearpen,Plethodon shermani,NA,22,unknown
Bearpen,Plethodon shermani,NA,23,unknown
Bearpen,Plethodon shermani,NA,24,unknown
FOSSite1,Plethodon hybrid,NA,42,unknown
WS36R,Plethodon hybrid,NA,45,unknown
WS36R,Plethodon hybrid,NA,50,unknown
WS36R,Plethodon hybrid,NA,41,unknown
WS36R,Plethodon hybrid,NA,26,unknown
WS36R,Plethodon hybrid,NA,38,unknown
WS36R,Plethodon hybrid,NA,38,unknown
WS36R,Plethodon hybrid,NA,41,unknown
WS36R,Plethodon hybrid,NA,41,unknown
WS36R,Plethodon hybrid,NA,53,male
WS36R,Plethodon hybrid,NA,53,female
WS36R,Plethodon hybrid,NA,NA,unknown
WS36R,Plethodon hybrid,NA,NA,unknown
WS36R,Plethodon hybrid,NA,61,female
WS36R,Plethodon hybrid,NA,51,female
WS36R,Plethodon hybrid,NA,44,unknown
WS36R,Plethodon hybrid,NA,41,unknown
WS36R,Plethodon hybrid,NA,52,unknown
WS36R,Plethodon hybrid,NA,58,female
WS36R,Plethodon hybrid,NA,49,unknown
WS36R,Plethodon hybrid,NA,NA,unknown
WS36R,Plethodon hybrid,NA,25,unknown
WS36R,Plethodon hybrid,NA,60,female
WS36R,Plethodon hybrid,NA,26,unknown
WS36R,Plethodon hybrid,NA,29,unknown
WS36R,Plethodon hybrid,NA,40,unknown
WS36R,Plethodon hybrid,NA,41,unknown
WS36R,Plethodon hybrid,NA,26,unknown
WS36R,Plethodon hybrid,NA,29,unknown
WS36R,Plethodon hybrid,NA,24,unknown
WS36R,Plethodon hybrid,NA,27,unknown
GMSite1,Plethodon montanus,NA,42,unknown
GMSite1,Plethodon montanus,NA,39,unknown
GMSite1,Plethodon montanus,NA,45,unknown
GMSite1,Plethodon yonahlossee,NA,32,unknown
GMSite1,Plethodon montanus,NA,40,unknown
GMSite1,Plethodon montanus,NA,36,unknown
GMSite1,Plethodon montanus,NA,39,unknown
GMSite1,Plethodon montanus,NA,29,unknown
GMSite1,Plethodon montanus,NA,NA,unknown
GMSite1,Plethodon montanus,NA,38,unknown
GMSite1,Plethodon montanus,NA,35,unknown
GMSite2,Plethodon montanus,NA,61,female
GMSite2,Plethodon montanus,NA,32,unknown
GMSite2,Plethodon montanus,NA,42,unknown
GMSite2,Plethodon montanus,NA,NA,unknown
GMSite2,Plethodon montanus,NA,43,unknown
GMSite2,Plethodon montanus,NA,NA,unknown
GMSite2,Plethodon montanus,NA,22,unknown
GMSite2,Plethodon montanus,NA,34,unknown
GMSite2,Plethodon montanus,NA,24,unknown
GMSite2,Plethodon montanus,NA,23,unknown
GMSite2,Plethodon montanus,NA,26,unknown
GMSite2,Plethodon montanus,NA,24,unknown
GMSite2,Plethodon montanus,NA,23,unknown
GMSite2,Plethodon montanus,NA,40,unknown
GMSite2,Plethodon yonahlossee,NA,57,female
GMSite2,Plethodon montanus,NA,23,unknown
GMSite2,Plethodon montanus,NA,50,female
2950,Plethodon sp.,NA,26,unknown
2950,Plethodon sp.,NA,43,unknown
2950,Plethodon sp.,NA,50,unknown
2950,Plethodon sp.,NA,63,male
2950,Plethodon sp.,NA,25,unknown
2950,Plethodon sp.,NA,23,unknown
2950,Plethodon sp.,NA,29,unknown
2950,Plethodon sp.,NA,34,unknown
2950,Plethodon sp.,NA,51,unknown
2950,Plethodon sp.,NA,32,unknown
2950,Plethodon sp.,NA,40,unknown
2950,Plethodon sp.,NA,46,unknown
2950,Plethodon sp.,NA,30,unknown
2950,Plethodon sp.,NA,43,unknown
2950,Plethodon sp.,NA,30,unknown
2950,Plethodon sp.,NA,31,unknown
2950,Plethodon sp.,NA,26,unknown
2950,Plethodon sp.,NA,32,unknown
2950,Plethodon sp.,NA,29,unknown
2950,Plethodon sp.,NA,44,unknown
2950,Plethodon sp.,NA,44,unknown
2950,Plethodon sp.,NA,31,unknown
2950,Plethodon sp.,NA,26,unknown
2950,Plethodon sp.,NA,27,unknown
2950,Plethodon sp.,NA,31,unknown
2950,Plethodon sp.,NA,27,unknown
2950,Plethodon sp.,NA,27,unknown
2850,Plethodon sp.,NA,63,female
2850,Plethodon sp.,NA,73,male
2850,Plethodon sp.,NA,71,female
2850,Plethodon sp.,NA,58,female
2850,Plethodon sp.,NA,32,unknown
2850,Plethodon sp.,NA,35,unknown
2850,Plethodon sp.,NA,31,Unknown
2850,Plethodon sp.,NA,33,unknown
2850,Plethodon sp.,NA,34,unknown
2850,Plethodon sp.,NA,56,male
2850,Plethodon sp.,NA,31,unknown
2850,Plethodon sp.,NA,36,unknown
2850,Plethodon sp.,NA,63,male
2850,Plethodon sp.,NA,31,unknown
2850,Plethodon sp.,NA,35,unknown
2850,Plethodon sp.,NA,61,male
2850,Plethodon sp.,NA,32,unknown
2850,Plethodon sp.,NA,29,unknown
2850,Plethodon sp.,NA,36,male
2850,Plethodon sp.,NA,45,unknown
2850,Plethodon sp.,NA,37,unknown
2750,Plethodon sp.,NA,47,unknown
2750,Plethodon sp.,NA,36,unknown
2750,Plethodon sp.,NA,37,unknown
2750,Plethodon sp.,NA,34,unknown
2750,Plethodon sp.,NA,47,unknown
2750,Plethodon sp.,NA,66,female
2750,Plethodon sp.,NA,65,male
2750,Plethodon sp.,NA,51,unknown
2750,Plethodon sp.,NA,64,male
2750,Plethodon sp.,NA,36,unknown
2750,Plethodon sp.,NA,73,male
2750,Plethodon sp.,NA,60,male
WS6M,Plethodon hybrid,NA,NA,unknown
WS6M,Plethodon hybrid,NA,35,unknown
WS6M,Plethodon hybrid,NA,42,unknown
WS12,Plethodon hybrid,NA,37,unknown
WS6R,Plethodon hybrid,NA,39,unknown
WS6R,Plethodon hybrid,NA,73,female
2950,Plethodon sp.,NA,52,unknown
2950,Plethodon sp.,NA,53,female
2950,Plethodon sp.,NA,30,unknown
2950,Plethodon sp.,NA,31,unknown
2950,Plethodon sp.,NA,32,unknown
2950,Plethodon sp.,NA,30,unknown
2950,Plethodon sp.,NA,61,female
2950,Plethodon sp.,NA,55,unknown
2950,Plethodon sp.,NA,46,unknown
2950,Plethodon sp.,NA,57,female
2950,Plethodon sp.,NA,50,unknown
2950,Plethodon sp.,NA,30,unknown
2950,Plethodon sp.,NA,29,unknown
2950,Plethodon sp.,NA,27,unknown
2850,Plethodon sp.,NA,31,unknown
2850,Plethodon sp.,NA,37,unknown
2850,Plethodon sp.,NA,46,unknown
2850,Plethodon sp.,NA,66,female
2850,Plethodon sp.,NA,47,unknown
2850,Plethodon sp.,NA,32,unknown
2850,Plethodon sp.,NA,50,unknown
2850,Plethodon sp.,NA,34,unknown
2850,Plethodon sp.,NA,35,unknown
2850,Plethodon sp.,NA,32,unknown
2850,Plethodon sp.,NA,32,unknown
2850,Plethodon sp.,NA,33,unknown
2850,Plethodon sp.,NA,55,female
2850,Plethodon sp.,NA,31,unknown
2850,Plethodon sp.,NA,49,unknown
2750,Plethodon sp.,NA,35,unknown
2750,Plethodon sp.,NA,35,unknown
2750,Plethodon sp.,NA,35,unknown
FOSSite1,Plethodon hybrid,NA,NA,unknown
FOSSite1,Plethodon hybrid,NA,40,unknown
FOSSite1,Plethodon hybrid,NA,31,unknown
FOSSite1,Plethodon hybrid,NA,40,unknown
WS36R,Plethodon hybrid,NA,47,female
WS36R,Plethodon hybrid,NA,44,unknown
WS36M,Plethodon hybrid,NA,29,unknown
WS36M,Plethodon hybrid,NA,34,unknown
WS40R,Plethodon hybrid,NA,NA,unknown
WS40M,Plethodon hybrid,NA,73,female
WS40M,Plethodon hybrid,NA,NA,unknown
WS40M,Plethodon hybrid,NA,37,unknown
WS36M,Plethodon hybrid,NA,NA,unknown
WS36M,Plethodon hybrid,NA,41,unknown
WS36M,Plethodon hybrid,NA,39,unknown
WS36M,Plethodon hybrid,NA,32,unknown
WS36M,Plethodon hybrid,NA,32,unknown
WS36M,Plethodon hybrid,NA,33,unknown
WS36M,Plethodon hybrid,NA,32,unknown
WS40R,Plethodon hybrid,NA,32,unknown
WS40R,Plethodon hybrid,NA,37,unknown
WS36R,Plethodon hybrid,NA,42,unknown
WS36M,Plethodon hybrid,NA,44,unknown
WS36M,Plethodon hybrid,NA,41,unknown
WS36M,Plethodon hybrid,NA,NA,unknown
WS36M,Plethodon hybrid,NA,43,unknown
WS40M,Plethodon hybrid,NA,37,unknown
2950,Plethodon sp.,NA,47,female
2950,Plethodon sp.,NA,41,unknown
2950,Plethodon sp.,NA,45,unknown
2950,Plethodon sp.,NA,30,unknown
2950,Plethodon sp.,NA,34,unknown
2950,Plethodon sp.,NA,31,unknown
2950,Plethodon sp.,NA,25,unknown
2950,Plethodon sp.,NA,35,unknown
2850,Plethodon sp.,NA,64,female
2850,Plethodon sp.,NA,36,unknown
2850,Plethodon sp.,NA,59,unknown
2750,Plethodon sp.,NA,29,unknown
WS40C,Plethodon hybrid,NA,41,unknown
WS40C,Plethodon hybrid,NA,41,unknown
WS40C,Plethodon hybrid,NA,54,female
WS40C,Plethodon hybrid,NA,35,unknown
WS40C,Plethodon hybrid,NA,52,female
WS40C,Plethodon hybrid,NA,36,unknown
WSXF,Plethodon hybrid,NA,NA,unknown
WSXF,Plethodon hybrid,NA,33,unknown
WSXC,Plethodon hybrid,NA,45,unknown
WSXC,Plethodon hybrid,NA,61,female
WSXC,Plethodon hybrid,NA,43,unknown
WSXC,Plethodon hybrid,NA,52,unknown
WSXC,Plethodon hybrid,NA,NA,unknown
WSXC,Plethodon hybrid,NA,NA,unknown
WSXR,Plethodon hybrid,NA,59,female
WSXR,Plethodon hybrid,NA,31,unknown
WSXR,Plethodon hybrid,NA,NA,unknown
DF1,Plethodon hybrid,NA,38,unknown
DF1,Plethodon hybrid,NA,31,unknown
DF1,Plethodon hybrid,NA,34,unknown
DF1,Plethodon hybrid,NA,30,unknown
DF1,Plethodon hybrid,NA,NA,unknown
DF1,Plethodon hybrid,NA,36,unknown
DF1,Plethodon hybrid,NA,31,unknown
DF1,Plethodon hybrid,NA,32,unknown
DF2,Plethodon hybrid,NA,49,female
DF2,Plethodon hybrid,NA,48,unknown
DF2,Plethodon hybrid,NA,31,unknown
DF3,Plethodon hybrid,NA,38,female
DF2,Plethodon hybrid,NA,60,female
DF2,Plethodon hybrid,NA,39,unknown
DF2,Plethodon hybrid,NA,40,unknown
DF2,Plethodon hybrid,NA,64,female
DF5,Plethodon hybrid,NA,72,female
DF3,Plethodon hybrid,NA,32,unknown
DF3,Plethodon hybrid,NA,54,female
WSXR,Plethodon hybrid,NA,74,female
WSXR,Plethodon hybrid,NA,NA,unknown
WSXR,Plethodon hybrid,NA,NA,unknown
WSXR,Plethodon hybrid,NA,32,unknown
WSXR,Plethodon hybrid,NA,39,unknown
WSXR,Plethodon hybrid,NA,31,unknown
WSXR,Plethodon hybrid,NA,NA,unknown
WSXR,Plethodon hybrid,NA,59,female
WSXR,Plethodon hybrid,NA,32,unknown
WS27R,Plethodon hybrid,NA,NA,unknown
WS27R,Plethodon hybrid,NA,34,unknown
WS27R,Plethodon hybrid,NA,51,female
WSXR,Plethodon hybrid,NA,29,unknown
WS27R,Plethodon hybrid,NA,42,female
WS27R,Plethodon hybrid,NA,22,unknown
WS27R,Plethodon hybrid,NA,35,unknown
WS27R,Plethodon hybrid,NA,NA,unknown
WS27R,Plethodon hybrid,NA,22,unknown
WS27R,Plethodon hybrid,NA,52,unknown
WS27R,Plethodon hybrid,NA,48,female
WS32,Plethodon hybrid,NA,NA,unknown
WS32,Plethodon hybrid,NA,35,unknown
WS32,Plethodon hybrid,NA,69,female
WS32,Plethodon hybrid,NA,41,unknown
WS31,Plethodon hybrid,NA,NA,unknown
WS31,Plethodon hybrid,NA,39,unknown
WS31,Plethodon hybrid,NA,43,unknown
WS31,Plethodon hybrid,NA,38,unknown
WS31,Plethodon hybrid,NA,56,female
WS31,Plethodon hybrid,NA,71,female
WS31,Plethodon hybrid,NA,35,unknown
WS31,Plethodon hybrid,NA,45,female
WS31,Plethodon hybrid,NA,43,unknown
WS31,Plethodon hybrid,NA,19,unknown
WS31,Plethodon hybrid,NA,NA,unknown
WS32,Plethodon hybrid,NA,69,female
WS31,Plethodon hybrid,NA,48,unknown
WS31,Plethodon hybrid,NA,46,unknown
WS32,Plethodon hybrid,NA,39,unknown
WS32,Plethodon hybrid,NA,54,unknown
WS32,Plethodon hybrid,NA,57,female
WS32,Plethodon hybrid,NA,66,female
WS32,Plethodon hybrid,NA,52,female
WS32,Plethodon hybrid,NA,52,unknown
WS31,Plethodon hybrid,NA,46,unknown
WS31,Plethodon hybrid,NA,70,male
WS31,Plethodon hybrid,NA,69,female
WS31,Plethodon hybrid,NA,69,female
WS31,Plethodon hybrid,NA,62,female
WS31,Plethodon hybrid,NA,NA,unknown
WS31,Plethodon hybrid,NA,51,unknown
WS32,Plethodon hybrid,NA,71,female
WS32,Plethodon hybrid,NA,70,female
WS32,Plethodon hybrid,NA,52,female
WS32,Plethodon hybrid,NA,53,female
WS32,Plethodon hybrid,NA,NA,unknown
WS32,Plethodon hybrid,NA,49,female
WS32,Plethodon hybrid,NA,48,female
WS32,Plethodon hybrid,NA,NA,unknown
WS32,Plethodon hybrid,NA,53,female
WS32,Plethodon hybrid,NA,20,unknown
WS32,Plethodon hybrid,NA,41,unknown
WS32,Plethodon hybrid,NA,NA,unknown
WS32,Plethodon hybrid,NA,18,unknown
WS32,Plethodon hybrid,NA,39,unknown
WS32,Plethodon hybrid,NA,35.5,unknown
WS32,Plethodon hybrid,NA,35,unknown
WS32,Plethodon hybrid,NA,19,unknown
WS32,Plethodon hybrid,NA,17,unknown
WS32,Plethodon hybrid,NA,17,unknown
WS32,Plethodon hybrid,NA,19,unknown
WS32,Plethodon hybrid,NA,16,unknown
WS32,Plethodon hybrid,NA,62,female
WS32,Plethodon hybrid,NA,55,unknown
WS32,Plethodon hybrid,NA,35,unknown
WS32,Plethodon hybrid,NA,52,female
WS32,Plethodon hybrid,NA,NA,unknown
WS32,Plethodon hybrid,NA,NA,unknown
WS32,Plethodon hybrid,NA,43,unknown
WS32,Plethodon hybrid,NA,71,female
WS32,Plethodon hybrid,NA,58,unknown
WS32,Plethodon hybrid,NA,48,unknown
WS32,Plethodon hybrid,NA,51,unknown
WS32,Plethodon hybrid,NA,37,unknown
WS32,Plethodon hybrid,NA,35,unknown
WS32,Plethodon hybrid,NA,NA,unknown
WS32,Plethodon hybrid,NA,39,unknown
WS32,Plethodon hybrid,NA,59,female
WS32,Plethodon hybrid,NA,38,unknown
WS32,Plethodon hybrid,NA,18,unknown
WS32,Plethodon hybrid,NA,47,unknown
WS32,Plethodon hybrid,NA,48,female
WS32,Plethodon hybrid,NA,20,unknown
WS32,Plethodon hybrid,NA,60,male
WS32,Plethodon hybrid,NA,42,unknown
WS32,Plethodon hybrid,NA,38,unknown
WS32,Plethodon hybrid,NA,39,unknown
WS32,Plethodon hybrid,NA,55,male
WS32,Plethodon hybrid,NA,52,unknown
WS32,Plethodon hybrid,NA,39,unknown
WS32,Plethodon hybrid,NA,57,unknown
WS32,Plethodon hybrid,NA,19.5,unknown
WS32,Plethodon hybrid,NA,37,unknown
WS31,Plethodon hybrid,NA,52,unknown
WS31,Plethodon hybrid,NA,61,female
WS32,Plethodon hybrid,NA,53,female
WS32,Plethodon hybrid,NA,49,female
WS32,Plethodon hybrid,NA,70,female
WS32,Plethodon hybrid,NA,49,female
WS32,Plethodon hybrid,NA,62,female
WS32,Plethodon hybrid,NA,32,unknown
WS32,Plethodon hybrid,NA,21,unknown
WS32,Plethodon hybrid,NA,76,female
WS32,Plethodon hybrid,NA,57,female
WS32,Plethodon hybrid,NA,NA,unknown
WS32,Plethodon hybrid,NA,45,unknown
WS32,Plethodon hybrid,NA,21,unknown
WS32,Plethodon hybrid,NA,21,unknown
WS32,Plethodon hybrid,NA,NA,unknown
WS32,Plethodon hybrid,NA,22,unknown
WS32,Plethodon hybrid,NA,41,unknown
WS32,Plethodon hybrid,NA,NA,unknown
WS32,Plethodon hybrid,NA,61,male
WS32,Plethodon hybrid,NA,19,unknown
WS31,Plethodon hybrid,NA,48,unknown
WS31,Plethodon hybrid,NA,70,unknown
WS31,Plethodon hybrid,NA,46,unknown
WS31,Plethodon hybrid,NA,76,unknown
WS31,Plethodon hybrid,NA,NA,unknown
WS31,Plethodon hybrid,NA,49,unknown
WS31,Plethodon hybrid,NA,66,unknown
WS31,Plethodon hybrid,NA,64,unknown
WS31,Plethodon hybrid,NA,64,male
WS31,Plethodon hybrid,NA,42,unknown
WS31,Plethodon hybrid,NA,62,male
WS31,Plethodon hybrid,NA,NA,unknown
WS32,Plethodon hybrid,NA,45,unknown
WS32,Plethodon hybrid,NA,57,male
WS32,Plethodon hybrid,NA,48,male
WS32,Plethodon hybrid,NA,60,male
WS32,Plethodon hybrid,NA,58,unknown
WS32,Plethodon hybrid,NA,23,unknown
WS31,Plethodon hybrid,NA,77,unknown
WS31,Plethodon hybrid,NA,27,unknown
WS31,Plethodon hybrid,NA,24,unknown
WS31,Plethodon hybrid,NA,71,male
WS31,Plethodon hybrid,NA,47,unknown
WS31,Plethodon hybrid,NA,26,unknown
WS31,Plethodon hybrid,NA,55,unknown
WS31,Plethodon hybrid,NA,47,unknown
WS31,Plethodon hybrid,NA,45,unknown
WS31,Plethodon hybrid,NA,64,female
WS31,Plethodon hybrid,NA,25,unknown
WS31,Plethodon hybrid,NA,24,unknown
WS31,Plethodon hybrid,NA,NA,unknown
WS32,Plethodon hybrid,NA,54,unknown
WS32,Plethodon hybrid,NA,49,unknown
WS32,Plethodon hybrid,NA,57,unknown
WS32,Plethodon hybrid,NA,59,unknown
WS31,Plethodon hybrid,NA,52,female
WS31,Plethodon hybrid,NA,23,unknown
WS31,Plethodon hybrid,NA,47,unknown
WS32,Plethodon hybrid,NA,45,unknown
WS32,Plethodon hybrid,NA,64,unknown
WS32,Plethodon hybrid,NA,41,unknown
WS32,Plethodon hybrid,NA,46,unknown
WS32,Plethodon hybrid,NA,64,unknown
WS32,Plethodon hybrid,NA,21,unknown
WS32,Plethodon hybrid,NA,53,unknown
WS32,Plethodon hybrid,NA,48,unknown
WS32,Plethodon hybrid,NA,41,unknown
WS32,Plethodon hybrid,NA,74,unknown
WS32,Plethodon hybrid,NA,59,unknown
WS32,Plethodon hybrid,NA,51,unknown
WS32,Plethodon hybrid,NA,27,unknown
WS32,Plethodon hybrid,NA,66,unknown
WS32,Plethodon hybrid,NA,46,unknown
WS32,Plethodon hybrid,NA,24,unknown
WS32,Plethodon hybrid,NA,50,unknown
WS32,Plethodon hybrid,NA,NA,unknown
WS32,Plethodon hybrid,NA,29,unknown
WS32,Plethodon hybrid,NA,25,unknown
WS32,Plethodon hybrid,NA,21,unknown
WS32,Plethodon hybrid,NA,23,unknown
WS31,Plethodon hybrid,NA,27,unknown
WS32,Plethodon hybrid,NA,66,unknown
WS32,Plethodon hybrid,NA,47,unknown
WS32,Plethodon hybrid,NA,45,unknown
WS32,Plethodon hybrid,NA,50,unknown
WS32,Plethodon hybrid,NA,42,unknown
WS31,Plethodon hybrid,NA,52,unknown
WS32,Plethodon hybrid,NA,64,unknown
WS32,Plethodon hybrid,NA,68,unknown
WS32,Plethodon hybrid,NA,42,unknown
WS32,Plethodon hybrid,NA,56,unknown
WS32,Plethodon hybrid,NA,58,unknown
WS32,Plethodon hybrid,NA,22,unknown
WS32,Plethodon hybrid,NA,40,unknown
WS32,Plethodon hybrid,NA,45,unknown
WS32,Plethodon hybrid,NA,42,unknown
WS32,Plethodon hybrid,NA,22,unknown
WS32,Plethodon hybrid,NA,23,unknown
WS32,Plethodon hybrid,NA,33,unknown
WS32,Plethodon hybrid,NA,39,unknown
WS32,Plethodon hybrid,NA,23,unknown
WS32,Plethodon hybrid,NA,NA,unknown
WS32,Plethodon hybrid,NA,57,unknown
WS32,Plethodon hybrid,NA,47,unknown
WS32,Plethodon hybrid,NA,26,unknown
WS32,Plethodon hybrid,NA,24,unknown
WS32,Plethodon hybrid,NA,25,unknown
WS31,Plethodon hybrid,NA,48,unknown
WS31,Plethodon hybrid,NA,NA,unknown
WS31,Plethodon hybrid,NA,75,male
WS31,Plethodon hybrid,NA,NA,unknown
WS32,Plethodon hybrid,NA,NA,unknown
WS32,Plethodon hybrid,NA,NA,unknown
WS32,Plethodon hybrid,NA,64,female
WS32,Plethodon hybrid,NA,79,female
WS32,Plethodon hybrid,NA,47,unknown
WS32,Plethodon hybrid,NA,27,unknown
WS32,Plethodon hybrid,NA,30,unknown
WS32,Plethodon hybrid,NA,45,unknown
WS32,Plethodon hybrid,NA,NA,unknown
WS32,Plethodon hybrid,NA,44,unknown
WS32,Plethodon hybrid,NA,40,unknown
WS32,Plethodon hybrid,NA,47,unknown
WS32,Plethodon hybrid,NA,49,unknown
WS32,Plethodon hybrid,NA,52,female
WS31,Plethodon hybrid,NA,NA,unknown
WS32,Plethodon hybrid,NA,44,unknown
WS32,Plethodon hybrid,NA,43,unknown
WS32,Plethodon hybrid,NA,52,female
WS32,Plethodon hybrid,NA,25,unknown
WS32,Plethodon hybrid,NA,NA,unknown
WS32,Plethodon hybrid,NA,65,male
WS32,Plethodon hybrid,NA,57,male
WS32,Plethodon hybrid,NA,68,female
WS31,Plethodon hybrid,NA,29,unknown
WS31,Plethodon hybrid,NA,29,unknown
WS31,Plethodon hybrid,NA,63,female
WS31,Plethodon hybrid,NA,57,female
WS31,Plethodon hybrid,NA,46,female
WS31,Plethodon hybrid,NA,51,female
WS32,Plethodon hybrid,NA,27,unknown
WS32,Plethodon hybrid,NA,45,unknown
WS32,Plethodon hybrid,NA,27,unknown
WS32,Plethodon hybrid,NA,26,unknown
WS32,Plethodon hybrid,NA,27,unknown
WS32,Plethodon hybrid,NA,26,unknown
WS32,Plethodon hybrid,NA,26,unknown
WS31,Plethodon hybrid,NA,27,unknown
WS31,Plethodon hybrid,NA,28,unknown
WS31,Plethodon hybrid,NA,24,unknown
WS31,Plethodon hybrid,NA,30,unknown
WS31,Plethodon hybrid,NA,NA,unknown
WS31,Plethodon hybrid,NA,45,unknown
WS31,Plethodon hybrid,NA,29,unknown
WS31,Plethodon hybrid,NA,NA,unknown
WS31,Plethodon hybrid,NA,30,unknown
WS31,Plethodon hybrid,NA,NA,unknown
WS31,Plethodon hybrid,NA,49,female
WS32,Plethodon hybrid,NA,58,female
WS32,Plethodon hybrid,NA,63,female
WS32,Plethodon hybrid,NA,30,unknown
WS31,Plethodon hybrid,NA,52,female
WS32,Plethodon hybrid,NA,56,female
WS32,Plethodon hybrid,NA,41,unknown
WS32,Plethodon hybrid,NA,29,unknown
WS31,Plethodon hybrid,NA,30,unknown
WS31,Plethodon hybrid,NA,32,unknown
WS31,Plethodon hybrid,NA,27,unknown
WS32,Plethodon hybrid,NA,27,unknown
WS32,Plethodon hybrid,NA,26,unknown
WS32,Plethodon hybrid,NA,NA,unknown
WS32,Plethodon hybrid,NA,NA,unknown
WS31,Plethodon hybrid,NA,64,female
WS31,Plethodon hybrid,NA,47,female
WS32,Plethodon hybrid,NA,58,female
WS32,Plethodon hybrid,NA,29,unknown
WS32,Plethodon hybrid,NA,30,unknown
WS32,Plethodon hybrid,NA,29,unknown
WS32,Plethodon hybrid,NA,47,unknown
WS32,Plethodon hybrid,NA,NA,unknown
WS32,Plethodon hybrid,NA,30,unknown
WS32,Plethodon hybrid,NA,27,unknown
WS32,Plethodon hybrid,NA,40,unknown
WS32,Plethodon hybrid,NA,60,female
WS32,Plethodon hybrid,NA,41,unknown
WS32,Plethodon hybrid,NA,25,unknown
WS32,Plethodon hybrid,NA,28,unknown
WS31,Plethodon hybrid,NA,37,unknown
WS31,Plethodon hybrid,NA,74,female
WS31,Plethodon hybrid,NA,68,male
WS31,Plethodon hybrid,NA,49,female
WS31,Plethodon hybrid,NA,61,female
WS31,Plethodon hybrid,NA,67,unknown
WS31,Plethodon hybrid,NA,37,unknown
WS31,Plethodon hybrid,NA,NA,unknown
WS31,Plethodon hybrid,NA,NA,unknown
WS31,Plethodon hybrid,NA,26,unknown
WS31,Plethodon hybrid,NA,31,unknown
WS31,Plethodon hybrid,NA,NA,unknown
WS31,Plethodon hybrid,NA,NA,unknown
WS31,Plethodon hybrid,NA,34,unknown
WS31,Plethodon hybrid,NA,NA,unknown
WS31,Plethodon hybrid,NA,27,unknown
WS31,Plethodon hybrid,NA,44,unknown
WS32,Plethodon hybrid,NA,31,unknown
WS32,Plethodon hybrid,NA,31,unknown
WS32,Plethodon hybrid,NA,66,unknown
WS32,Plethodon hybrid,NA,47,unknown
WS32,Plethodon hybrid,NA,NA,unknown
WS32,Plethodon hybrid,NA,NA,unknown
WS32,Plethodon hybrid,NA,45,unknown
WS32,Plethodon hybrid,NA,64,unknown
WS32,Plethodon hybrid,NA,65,unknown
WS32,Plethodon hybrid,NA,32,unknown
WS32,Plethodon hybrid,NA,31,unknown
WS32,Plethodon hybrid,NA,54,unknown
WS32,Plethodon hybrid,NA,47,unknown
WS32,Plethodon hybrid,NA,47,unknown
WS32,Plethodon hybrid,NA,35,unknown
WS32,Plethodon hybrid,NA,30,unknown
WS32,Plethodon hybrid,NA,28,unknown
WS32,Plethodon hybrid,NA,NA,unknown
WS32,Plethodon hybrid,NA,42,unknown
WS32,Plethodon hybrid,NA,54,unknown
WS32,Plethodon hybrid,NA,31,unknown
WS31,Plethodon hybrid,NA,NA,unknown
WS31,Plethodon hybrid,NA,51,unknown
WS32,Plethodon hybrid,NA,44,female
WS32,Plethodon hybrid,NA,32,unknown
WS32,Plethodon hybrid,NA,30,unknown
WS32,Plethodon hybrid,NA,32,unknown
WS32,Plethodon hybrid,NA,31,unknown
WS32,Plethodon hybrid,NA,31,unknown
WS32,Plethodon hybrid,NA,33,unknown
WS32,Plethodon hybrid,NA,52,unknown
WS32,Plethodon hybrid,NA,32,unknown
WS32,Plethodon hybrid,NA,50,unknown
WS32,Plethodon hybrid,NA,NA,unknown
WS32,Plethodon hybrid,NA,32,unknown
WS32,Plethodon hybrid,NA,54,unknown
WS32,Plethodon hybrid,NA,73,female
WS32,Plethodon hybrid,NA,53,unknown
WS32,Plethodon hybrid,NA,60,unknown
WS32,Plethodon hybrid,NA,49,unknown
WS32,Plethodon hybrid,NA,33,unknown
WS32,Plethodon hybrid,NA,47,unknown
WS32,Plethodon hybrid,NA,37,unknown
WS32,Plethodon hybrid,NA,33,unknown
WS32,Plethodon hybrid,NA,34,unknown
WS32,Plethodon hybrid,NA,39,unknown
WS32,Plethodon hybrid,NA,65,unknown
WS32,Plethodon hybrid,NA,38,unknown
WS32,Plethodon hybrid,NA,45,unknown
WS32,Plethodon hybrid,NA,36,unknown
WS32,Plethodon hybrid,NA,36,unknown
WS32,Plethodon hybrid,NA,35,unknown
WS32,Plethodon hybrid,NA,35,unknown
WS32,Plethodon hybrid,NA,46,unknown
WS32,Plethodon hybrid,NA,37,unknown
WS32,Plethodon hybrid,NA,NA,unknown
WS32,Plethodon hybrid,NA,68,unknown
WS32,Plethodon hybrid,NA,49,unknown
WS32,Plethodon hybrid,NA,52,unknown
WS32,Plethodon hybrid,NA,32,unknown
WS32,Plethodon hybrid,NA,46,unknown
WS32,Plethodon hybrid,NA,42,unknown
WS32,Plethodon hybrid,NA,33,unknown
WS32,Plethodon hybrid,NA,NA,unknown
WS32,Plethodon hybrid,NA,NA,unknown
WS32,Plethodon hybrid,NA,NA,unknown
WS32,Plethodon hybrid,NA,NA,unknown
WS32,Plethodon hybrid,NA,NA,unknown
WS32,Plethodon hybrid,NA,70,unknown
WS32,Plethodon hybrid,NA,58,unknown
WS32,Plethodon hybrid,NA,54,unknown
WS32,Plethodon hybrid,NA,43,unknown
WS32,Plethodon hybrid,NA,33,unknown
WS31,Plethodon hybrid,NA,35,unknown
WS31,Plethodon hybrid,NA,NA,unknown
WS31,Plethodon hybrid,NA,34,unknown
WS31,Plethodon hybrid,NA,38,unknown
WS31,Plethodon hybrid,NA,63,male
WS31,Plethodon hybrid,NA,68,female
WS31,Plethodon hybrid,NA,74,female
WS31,Plethodon hybrid,NA,38,unknown
WS31,Plethodon hybrid,NA,34,unknown
WS31,Plethodon hybrid,NA,47,unknown
WS31,Plethodon hybrid,NA,66,unknown
WS31,Plethodon hybrid,NA,49,unknown
WS31,Plethodon hybrid,NA,NA,unknown
WS31,Plethodon hybrid,NA,38,unknown
WS31,Plethodon hybrid,NA,52,unknown
WS31,Plethodon hybrid,NA,48,unknown
WS31,Plethodon hybrid,NA,53,unknown
WS31,Plethodon hybrid,NA,76,female
WS31,Plethodon hybrid,NA,51,female
WS31,Plethodon hybrid,NA,32,unknown
WS31,Plethodon hybrid,NA,50,unknown
WS31,Plethodon hybrid,NA,NA,unknown
WS31,Plethodon hybrid,NA,53,unknown
WS31,Plethodon hybrid,NA,NA,unknown
WS31,Plethodon hybrid,NA,31,unknown
WS31,Plethodon hybrid,NA,54,unknown
WS31,Plethodon hybrid,NA,85,unknown
WS31,Plethodon hybrid,NA,48,unknown
WS31,Plethodon hybrid,NA,49,unknown
WS31,Plethodon hybrid,NA,35,unknown
WS31,Plethodon hybrid,NA,NA,unknown
WS31,Plethodon hybrid,NA,53,unknown
WS31,Plethodon hybrid,NA,32,unknown
WS31,Plethodon hybrid,NA,43,unknown
WS31,Plethodon hybrid,NA,38,unknown
WS31,Plethodon hybrid,NA,32,unknown
WS31,Plethodon hybrid,NA,65,unknown
WS31,Plethodon hybrid,NA,46,unknown
WS31,Plethodon hybrid,NA,53,unknown
WS31,Plethodon hybrid,NA,67,unknown
WS31,Plethodon hybrid,NA,28,unknown
WS31,Plethodon hybrid,NA,30,unknown
WS32,Plethodon hybrid,NA,55,unknown
WS32,Plethodon hybrid,NA,57,unknown
WS32,Plethodon hybrid,NA,68,unknown
WS32,Plethodon hybrid,NA,37,unknown
WS32,Plethodon hybrid,NA,34,unknown
WS32,Plethodon hybrid,NA,NA,unknown
WS32,Plethodon hybrid,NA,39,unknown
WS32,Plethodon hybrid,NA,36,unknown
WS32,Plethodon hybrid,NA,34,unknown
WS32,Plethodon hybrid,NA,70,unknown
WS32,Plethodon hybrid,NA,51,unknown
WS32,Plethodon hybrid,NA,35,unknown
WS32,Plethodon hybrid,NA,73,female
WS31,Plethodon hybrid,NA,33,unknown
WS31,Plethodon hybrid,NA,34,unknown
WS31,Plethodon hybrid,NA,63,unknown
WS31,Plethodon hybrid,NA,57,unknown
WS31,Plethodon hybrid,NA,57,unknown
WS31,Plethodon hybrid,NA,53,unknown
WS31,Plethodon hybrid,NA,33,unknown
WS31,Plethodon hybrid,NA,54,unknown
WS31,Plethodon hybrid,NA,65,unknown
WS31,Plethodon hybrid,NA,36,unknown
WS31,Plethodon hybrid,NA,32,unknown
WS31,Plethodon hybrid,NA,NA,unknown
WS31,Plethodon hybrid,NA,NA,unknown
WS31,Plethodon hybrid,NA,74,unknown
WS31,Plethodon hybrid,NA,53,unknown
WS31,Plethodon hybrid,NA,72,unknown
WS31,Plethodon hybrid,NA,37,unknown
WS31,Plethodon hybrid,NA,36,unknown
WS31,Plethodon hybrid,NA,31,unknown
WS31,Plethodon hybrid,NA,36,unknown
WS31,Plethodon hybrid,NA,69,unknown
WS31,Plethodon hybrid,NA,60,unknown
WS31,Plethodon hybrid,NA,40,unknown
WS31,Plethodon hybrid,NA,NA,unknown
WS31,Plethodon hybrid,NA,39,unknown
WS31,Plethodon hybrid,NA,NA,unknown
WS31,Plethodon hybrid,NA,36,unknown
WS31,Plethodon hybrid,NA,40,unknown
WS31,Plethodon hybrid,NA,36,unknown
WS31,Plethodon hybrid,NA,NA,unknown
WS31,Plethodon hybrid,NA,NA,unknown
WS31,Plethodon hybrid,NA,NA,unknown
WS31,Plethodon hybrid,NA,NA,unknown
WS31,Plethodon hybrid,NA,31,unknown
WS31,Plethodon hybrid,NA,35,unknown
WS31,Plethodon hybrid,NA,NA,unknown
WS31,Plethodon hybrid,NA,NA,unknown
WS31,Plethodon hybrid,NA,NA,unknown
WS31,Plethodon hybrid,NA,42,unknown
WS31,Plethodon hybrid,NA,72,unknown
WS31,Plethodon hybrid,NA,35,unknown
WS31,Plethodon hybrid,NA,33,unknown
WS31,Plethodon hybrid,NA,45,unknown
WS31,Plethodon hybrid,NA,62,unknown
WS32,Plethodon hybrid,NA,37,unknown
WS32,Plethodon hybrid,NA,63,unknown
WS32,Plethodon hybrid,NA,64,unknown
WS32,Plethodon hybrid,NA,51,unknown
WS32,Plethodon hybrid,NA,31,unknown
WS32,Plethodon hybrid,NA,49,male
WS31,Plethodon hybrid,NA,55,unknown
WS31,Plethodon hybrid,NA,30,unknown
WS31,Plethodon hybrid,NA,NA,unknown
WSXR,Plethodon hybrid,NA,23,unknown
WS18C,Plethodon sp.,NA,NA,unknown
WS40M,Plethodon sp.,NA,NA,unknown
WS40M,Plethodon sp.,NA,NA,juvenile
WS40M,Plethodon sp.,NA,NA,unknown
WS40M,Plethodon sp.,NA,NA,unknown
WS40M,Plethodon sp.,NA,NA,unknown
WS40M,Plethodon sp.,NA,NA,juvenile
WS40M,Plethodon sp.,NA,NA,unknown
WS40R,Plethodon sp.,NA,NA,juvenile
WSXR,Plethodon sp.,NA,NA,juvenile
WSXR,Plethodon sp.,NA,NA,male
WSXR,Plethodon sp.,NA,51,female
WSXR,Plethodon sp.,NA,49,female
WSXR,Plethodon sp.,NA,52,female
WSXC,Plethodon sp.,NA,NA,male
WSXC,Plethodon sp.,NA,NA,female
WSXC,Plethodon sp.,NA,NA,juvenile
WSXC,Plethodon sp.,NA,NA,male
WS7C,Plethodon hybrid,NA,22,unknown
2850,Plethodon hybrid,NA,61,Female
2850,Plethodon hybrid,NA,62,Female
2850,Plethodon hybrid,NA,61,Female
2750,Plethodon hybrid,NA,62,Female
2850,Plethodon hybrid,NA,57,Female
2850,Plethodon hybrid,NA,63,Female
2850,Plethodon hybrid,NA,67,Female
2850,Plethodon hybrid,NA,67,Female
2950,Plethodon hybrid,NA,54,Female
2950,Plethodon hybrid,NA,52,Female
2750,Plethodon hybrid,NA,69,Male
2750,Plethodon hybrid,NA,60,Unknown
2850,Plethodon hybrid,NA,45,Unknown
2850,Plethodon hybrid,NA,55,Unknown
2950,Plethodon hybrid,NA,36,Unknown
2950,Plethodon hybrid,NA,22,Unknown
2950,Plethodon hybrid,NA,23,Unknown
2950,Plethodon hybrid,NA,46,Unknown
2950,Plethodon hybrid,NA,52,Unknown
2950,Plethodon hybrid,NA,21,Unknown
2950,Plethodon hybrid,NA,41,Unknown
2950,Plethodon hybrid,NA,40,Unknown
2950,Plethodon hybrid,NA,60,Female
2750,Plethodon hybrid,NA,25,Unknown
2750,Plethodon hybrid,NA,27,Unknown
2750,Plethodon hybrid,NA,25,Unknown
2750,Plethodon hybrid,NA,25,Unknown
2750,Plethodon hybrid,NA,23,Unknown
2750,Plethodon hybrid,NA,26,Unknown
2750,Plethodon hybrid,NA,25,Unknown
2850,Plethodon hybrid,NA,24,Unknown
2850,Plethodon hybrid,NA,27,Unknown
2850,Plethodon hybrid,NA,23,Unknown
2850,Plethodon hybrid,NA,42,Unknown
2850,Plethodon hybrid,NA,27,Unknown
2850,Plethodon hybrid,NA,26,Unknown
2850,Plethodon hybrid,NA,25,Unknown
2850,Plethodon hybrid,NA,26,Unknown
2850,Plethodon hybrid,NA,26,Unknown
2850,Plethodon hybrid,NA,26,Unknown
2850,Plethodon hybrid,NA,48,Unknown
2850,Plethodon hybrid,NA,26,Unknown
2850,Plethodon hybrid,NA,38,Unknown
2850,Plethodon hybrid,NA,27,Unknown
2850,Plethodon hybrid,NA,23,Unknown
2750,Plethodon hybrid,NA,60,Unknown
2750,Plethodon hybrid,NA,57,Unknown
2850,Plethodon hybrid,NA,60,Female
2750,Plethodon hybrid,NA,51,Unknown
2750,Plethodon hybrid,NA,20,Unknown
2850,Plethodon hybrid,NA,41,Unknown
2850,Plethodon hybrid,NA,55,Unknown
2850,Plethodon hybrid,NA,60,Unknown
2850,Plethodon hybrid,NA,18,Unknown
2850,Plethodon hybrid,NA,42,Unknown
2950,Plethodon hybrid,NA,22,Unknown
2850,Plethodon hybrid,NA,55,Unknown
2950,Plethodon hybrid,NA,60,Female
2950,Plethodon hybrid,NA,40,Unknown
2950,Plethodon hybrid,NA,41,Unknown
2950,Plethodon hybrid,NA,21,Unknown
2950,Plethodon hybrid,NA,52,Unknown
2950,Plethodon hybrid,NA,46,Unknown
2950,Plethodon hybrid,NA,23,Unknown
2950,Plethodon hybrid,NA,36,Unknown
2850,Plethodon hybrid,NA,45,Unknown
2850,Plethodon hybrid,NA,23,Unknown
2850,Plethodon hybrid,NA,27,Unknown
2850,Plethodon hybrid,NA,38,Unknown
2850,Plethodon hybrid,NA,26,Unknown
2850,Plethodon hybrid,NA,48,Unknown
2850,Plethodon hybrid,NA,26,Unknown
2850,Plethodon hybrid,NA,26,Unknown
2850,Plethodon hybrid,NA,26,Unknown
2850,Plethodon hybrid,NA,25,Unknown
2850,Plethodon hybrid,NA,26,Unknown
2850,Plethodon hybrid,NA,27,Unknown
2850,Plethodon hybrid,NA,42,Unknown
2850,Plethodon hybrid,NA,23,Unknown
2850,Plethodon hybrid,NA,27,Unknown
2850,Plethodon hybrid,NA,24,Unknown
2750,Plethodon hybrid,NA,25,Unknown
2750,Plethodon hybrid,NA,26,Unknown
2750,Plethodon hybrid,NA,23,Unknown
2750,Plethodon hybrid,NA,25,Unknown
2750,Plethodon hybrid,NA,25,Unknown
2750,Plethodon hybrid,NA,27,Unknown
2750,Plethodon hybrid,NA,25,Unknown
2850,Plethodon hybrid,NA,35,Unknown
2850,Plethodon hybrid,NA,38,Unknown
2750,Plethodon hybrid,NA,36,Unknown
2950,Plethodon hybrid,NA,57,Female
2950,Plethodon hybrid,NA,17,Unknown
2850,Plethodon hybrid,NA,37,Unknown
2850,Plethodon hybrid,NA,35,Unknown
2750,Plethodon hybrid,NA,43,Unknown
2750,Plethodon hybrid,NA,36,Unknown
2950,Plethodon hybrid,NA,33,Unknown
2950,Plethodon hybrid,NA,46,Unknown
2950,Plethodon hybrid,NA,30,Unknown
2950,Plethodon hybrid,NA,47,Unknown
2950,Plethodon hybrid,NA,35,Unknown
2850,Plethodon hybrid,NA,40,Unknown
2850,Plethodon hybrid,NA,57,Female
2850,Plethodon hybrid,NA,37,Unknown
2750,Plethodon hybrid,NA,29,Unknown
2750,Plethodon hybrid,NA,58,Female
2750,Plethodon hybrid,NA,51,Unknown
2750,Plethodon hybrid,NA,57,Unknown
2950,Plethodon hybrid,NA,48,Unknown
2850,Plethodon hybrid,NA,33,Unknown
2850,Plethodon hybrid,NA,41,Unknown
2750,Plethodon hybrid,NA,57,Female
2850,Plethodon hybrid,NA,39,Unknown
2750,Plethodon hybrid,NA,33,Unknown
2950,Plethodon hybrid,NA,31,Unknown
2850,Plethodon hybrid,NA,33,Unknown
2850,Plethodon hybrid,NA,30,Unknown
2750,Plethodon hybrid,NA,46,Unknown
2750,Plethodon hybrid,NA,28,Unknown
2750,Plethodon hybrid,NA,28,Unknown
2950,Plethodon hybrid,NA,27,Unknown
2950,Plethodon hybrid,NA,24,Unknown
2950,Plethodon hybrid,NA,23,Unknown
2950,Plethodon hybrid,NA,24,Unknown
2950,Plethodon hybrid,NA,23,Unknown
2950,Plethodon hybrid,NA,27,Unknown
2950,Plethodon hybrid,NA,24,Unknown
2950,Plethodon hybrid,NA,26,Unknown
2850,Plethodon hybrid,NA,28,Unknown
2850,Plethodon hybrid,NA,44,Unknown
2850,Plethodon hybrid,NA,30,Unknown
2850,Plethodon hybrid,NA,27,Unknown
2850,Plethodon hybrid,NA,24,Unknown
2750,Plethodon hybrid,NA,33,Unknown
2750,Plethodon hybrid,NA,29,Unknown
2750,Plethodon hybrid,NA,26,Unknown
2750,Plethodon hybrid,NA,35,Unknown
2750,Plethodon hybrid,NA,27,Unknown
2750,Plethodon hybrid,NA,32,Unknown
2750,Plethodon hybrid,NA,28,Unknown
2750,Plethodon hybrid,NA,32,Unknown
2750,Plethodon hybrid,NA,32,Unknown
2750,Plethodon hybrid,NA,31,Unknown
2750,Plethodon hybrid,NA,57,Female
2750,Plethodon hybrid,NA,64,Female
2750,Plethodon hybrid,NA,30,Unknown
2950,Plethodon hybrid,NA,26,Unknown
2950,Plethodon hybrid,NA,24,Unknown
2950,Plethodon hybrid,NA,23,Unknown
2950,Plethodon hybrid,NA,27,Unknown
2950,Plethodon hybrid,NA,58,Female
2850,Plethodon hybrid,NA,25,Unknown
2750,Plethodon hybrid,NA,27,Unknown
2750,Plethodon hybrid,NA,24,Unknown
2750,Plethodon hybrid,NA,34,Unknown
2750,Plethodon hybrid,NA,24,Unknown
2750,Plethodon hybrid,NA,26,Unknown
2750,Plethodon hybrid,NA,28,Unknown
2750,Plethodon hybrid,NA,28,Unknown
2750,Plethodon hybrid,NA,25,Unknown
2750,Plethodon hybrid,NA,28,Unknown
2750,Plethodon hybrid,NA,28,Unknown
2750,Plethodon hybrid,NA,25,Unknown
2850,Plethodon hybrid,NA,27,Unknown
2850,Plethodon hybrid,NA,45,Female
2850,Plethodon hybrid,NA,32,Female
2850,Plethodon hybrid,NA,43,Female
2850,Plethodon hybrid,NA,25,Unknown
2850,Plethodon hybrid,NA,31,Unknown
2850,Plethodon hybrid,NA,30,Unknown
2950,Plethodon hybrid,NA,28,Unknown
2950,Plethodon hybrid,NA,24,Unknown
2950,Plethodon hybrid,NA,23,Unknown
2950,Plethodon hybrid,NA,21,Unknown
2950,Plethodon hybrid,NA,22,Unknown
2950,Plethodon hybrid,NA,23,Unknown
2950,Plethodon hybrid,NA,34,Female
2950,Plethodon hybrid,NA,24,Unknown
2950,Plethodon hybrid,NA,69,Female
2950,Plethodon hybrid,NA,27,Unknown
2950,Plethodon hybrid,NA,26,Unknown
2950,Plethodon hybrid,NA,28,Unknown
2950,Plethodon hybrid,NA,27,Unknown
2950,Plethodon hybrid,NA,26,Unknown
2950,Plethodon hybrid,NA,26,Unknown
2950,Plethodon hybrid,NA,27,Unknown
2750,Plethodon hybrid,NA,29,Unknown
2950,Plethodon hybrid,NA,65,Female
2950,Plethodon hybrid,NA,32,Unknown
2950,Plethodon hybrid,NA,41,Unknown
2950,Plethodon hybrid,NA,32,Unknown
2950,Plethodon hybrid,NA,49,Female
2950,Plethodon hybrid,NA,29,Unknown
2950,Plethodon hybrid,NA,46,Unknown
2950,Plethodon hybrid,NA,32,Unknown
2950,Plethodon hybrid,NA,32,Unknown
2950,Plethodon hybrid,NA,32,Unknown
2950,Plethodon hybrid,NA,51,Unknown
2950,Plethodon hybrid,NA,61,Female
2950,Plethodon hybrid,NA,31,Unknown
2950,Plethodon hybrid,NA,47,Female
2950,Plethodon hybrid,NA,40,Unknown
2950,Plethodon hybrid,NA,32,Unknown
2950,Plethodon hybrid,NA,32,Unknown
2950,Plethodon hybrid,NA,31,Unknown
2950,Plethodon hybrid,NA,49,Female
2950,Plethodon hybrid,NA,67,Female
2950,Plethodon hybrid,NA,39,Unknown
2950,Plethodon hybrid,NA,16,Unknown
2950,Plethodon hybrid,NA,48,Female
2950,Plethodon hybrid,NA,32,Unknown
2950,Plethodon hybrid,NA,64,Female
2950,Plethodon hybrid,NA,36,Unknown
2950,Plethodon hybrid,NA,34,Unknown
2950,Plethodon hybrid,NA,13,Unknown
2950,Plethodon hybrid,NA,64,Female
2950,Plethodon hybrid,NA,47,Unknown
2950,Plethodon hybrid,NA,95,Female
2950,Plethodon hybrid,NA,57,Unknown
2950,Plethodon hybrid,NA,67,Unknown
2950,Plethodon hybrid,NA,55,Female
2750,Plethodon hybrid,NA,66,Female
2750,Plethodon hybrid,NA,33,Unknown
2950,Plethodon hybrid,NA,30,Unknown
2950,Plethodon hybrid,NA,34,Unknown
2950,Plethodon hybrid,NA,56,Unknown
2950,Plethodon hybrid,NA,66,Unknown
2950,Plethodon hybrid,NA,32,Unknown
2950,Plethodon hybrid,NA,48,Female
2950,Plethodon hybrid,NA,25,Unknown
2950,Plethodon hybrid,NA,60,Unknown
2950,Plethodon hybrid,NA,29,Unknown
2950,Plethodon hybrid,NA,14,Unknown
2950,Plethodon hybrid,NA,37,Unknown
2950,Plethodon hybrid,NA,32,Unknown
2950,Plethodon hybrid,NA,32,Unknown
2950,Plethodon hybrid,NA,42,Unknown
2950,Plethodon hybrid,NA,42,Unknown
2950,Plethodon hybrid,NA,102,Female
2950,Plethodon hybrid,NA,69,Unknown
2950,Plethodon hybrid,NA,65,Unknown
2950,Plethodon hybrid,NA,57,Unknown
2950,Plethodon hybrid,NA,37,Unknown
2950,Plethodon hybrid,NA,47,Unknown
2950,Plethodon hybrid,NA,29,Unknown
2950,Plethodon hybrid,NA,30,Unknown
2950,Plethodon hybrid,NA,62,Female
2950,Plethodon hybrid,NA,44,Unknown
2950,Plethodon hybrid,NA,30,Unknown
2950,Plethodon hybrid,NA,85,Unknown
2950,Plethodon hybrid,NA,127,Female
2950,Plethodon hybrid,NA,30,Unknown
2950,Plethodon hybrid,NA,26,Unknown
2950,Plethodon hybrid,NA,33,Unknown
2950,Plethodon hybrid,NA,30,Unknown
2950,Plethodon hybrid,NA,118,Female
2950,Plethodon hybrid,NA,56,Male
2850,Plethodon hybrid,NA,59,Male
2950,Plethodon hybrid,NA,52,Unknown
WS31,Plethodon hybrid,NA,35,Unknown
WS31,Plethodon hybrid,NA,8,Unknown
WS31,Plethodon hybrid,NA,65,Male
WS32,Plethodon hybrid,NA,52,Unknown
WS32,Plethodon hybrid,NA,NA,Unknown
WS32,Plethodon hybrid,NA,NA,Unknown
WS32,Plethodon hybrid,NA,62,Male
WS32,Plethodon hybrid,NA,43,Unknown
WS32,Plethodon hybrid,NA,50,Unknown
WS32,Plethodon hybrid,NA,65,Unknown
WS32,Plethodon hybrid,NA,18,Unknown
WS32,Plethodon hybrid,NA,15,Unknown
WS32,Plethodon hybrid,NA,52,Unknown
WS32,Plethodon hybrid,NA,57,Unknown
WS32,Plethodon hybrid,NA,58,Female
WS32,Plethodon hybrid,NA,NA,Unknown
WS32,Plethodon hybrid,NA,36,Unknown
WS31,Plethodon hybrid,NA,NA,Unknown
WS31,Plethodon hybrid,NA,NA,Unknown
WS32,Plethodon hybrid,NA,NA,Unknown
WS32,Plethodon hybrid,NA,48,Unknown
WS32,Plethodon hybrid,NA,NA,Unknown
WS32,Plethodon hybrid,NA,NA,Unknown
WS32,Plethodon hybrid,NA,50,Unknown
Chimney Tops,Plethodon jordani,NA,44,Unknown
Chimney Tops,Plethodon jordani,NA,43,Unknown
Chimney Tops,Plethodon jordani,NA,29,Unknown
Chimney Tops,Plethodon jordani,NA,43,Unknown
Chimney Tops,Plethodon jordani,NA,56,Unknown
Cole Creek,Plethodon metcalfi,NA,45,Unknown
Cole Creek,Plethodon teyahalee,NA,66,Unknown
Cole Creek,Plethodon teyahalee,NA,41,Unknown
Cole Creek,Plethodon teyahalee,NA,43,Unknown
Chimney Picnic Area,Plethodon jordani,NA,54,Male
Chimney Picnic Area,Plethodon jordani,NA,39,Unknown
Chimney Picnic Area,Plethodon jordani,NA,38,Unknown
Lordamercy Cove,Plethodon chattahoochee,NA,49,Unknown
Lordamercy Cove,Plethodon chattahoochee,NA,54,Unknown
Lordamercy Cove,Plethodon chattahoochee,NA,44,Unknown
WS31,Plethodon hybrid,NA,68,Female
WS31,Plethodon hybrid,NA,70,Female
WS31,Plethodon hybrid,NA,46,Unknown
WS31,Plethodon hybrid,NA,57,Female
WS31,Plethodon hybrid,NA,45,Unknown
WS31,Plethodon hybrid,NA,42,Unknown
WS32,Plethodon hybrid,NA,60,Female
WS32,Plethodon hybrid,NA,42,Unknown
WS32,Plethodon hybrid,NA,39,Unknown
WS32,Plethodon hybrid,NA,65,Unknown
WS32,Plethodon hybrid,NA,63,Female
WS32,Plethodon hybrid,NA,66,Female
WS32,Plethodon hybrid,NA,61,Female
WS32,Plethodon hybrid,NA,35,Unknown
WS32,Plethodon hybrid,NA,46,Unknown
WS32,Plethodon hybrid,NA,48,Unknown
WS32,Plethodon hybrid,NA,53,Female
WS32,Plethodon hybrid,NA,20,Unknown
WS32,Plethodon hybrid,NA,NA,Unknown
WS32,Plethodon hybrid,NA,40,Unknown
WS31,Plethodon hybrid,NA,70,Female
WS32,Plethodon hybrid,NA,33,Unknown
WS32,Plethodon hybrid,NA,19,Unknown
WS32,Plethodon hybrid,NA,20,Unknown
WS32,Plethodon hybrid,NA,32,Unknown
WS31,Plethodon hybrid,NA,74,Female
WS31,Plethodon hybrid,NA,53,Unknown
WS31,Plethodon hybrid,NA,67,Female
WS31,Plethodon hybrid,NA,57,Unknown
Chimney Tops,Plethodon jordani,NA,56,Female
Chimney Tops,Plethodon jordani,NA,50,Female
Chimney Tops,Plethodon jordani,NA,60,Male
Chimney Tops,Plethodon jordani,NA,45,Female
Chimney Tops,Plethodon jordani,NA,62,Female
Chimney Tops,Plethodon jordani,NA,55,Female
Chimney Tops,Plethodon jordani,NA,54,Male
Chimney Tops,Plethodon jordani,NA,46,Male
Chimney Tops,Plethodon jordani,NA,37,Male
McKee Branch,Plethodon metcalfi,NA,54,Female
McKee Branch,Plethodon metcalfi,NA,48,Female
McKee Branch,Plethodon metcalfi,NA,52,Male
McKee Branch,Plethodon metcalfi,NA,52,Female
McKee Branch,Plethodon metcalfi,NA,47,Female
McKee Branch,Plethodon metcalfi,NA,45,Male
McKee Branch,Plethodon metcalfi,NA,53,Male
McKee Branch,Plethodon metcalfi,NA,40,Male
McKee Branch,Plethodon metcalfi,NA,52,Male
Cole Creek,Plethodon teyahalee,NA,57,Female
Cole Creek,Plethodon teyahalee,NA,60,Female
Cole Creek,Plethodon teyahalee,NA,67,Female
Curtis Creek,Plethodon shermani,NA,38,Unknown
Curtis Creek,Plethodon shermani,NA,32,Unknown
Curtis Creek,Plethodon shermani,NA,42,Unknown
Curtis Creek,Plethodon shermani,NA,56,Male
Curtis Creek,Plethodon shermani,NA,57,Female
Buck Creek,Plethodon shermani,NA,62,Female
Buck Creek,Plethodon shermani,NA,49,Female
Buck Creek,Plethodon shermani,NA,43,Female
Curtis Creek,Plethodon shermani,NA,55,Female
Curtis Creek,Plethodon shermani,NA,46,Female
Curtis Creek,Plethodon shermani,NA,48,Unknown
Curtis Creek,Plethodon shermani,NA,47,Unknown
Buck Creek,Plethodon shermani,NA,55,Unknown
Buck Creek,Plethodon shermani,NA,62,Female
Buck Creek,Plethodon shermani,NA,43,Unknown
Buck Creek,Plethodon shermani,NA,42,Unknown
Buck Creek,Plethodon shermani,NA,60,Female
Buck Creek,Plethodon shermani,NA,50,Unknown
Buck Creek,Plethodon shermani,NA,44,Unknown
Lordamercy Cove,Plethodon chattahoochee,NA,31,Unknown
Lordamercy Cove,Plethodon chattahoochee,NA,31,Unknown
Lordamercy Cove,Plethodon chattahoochee,NA,74,Female
Lordamercy Cove,Plethodon chattahoochee,NA,31,Unknown
Lordamercy Cove,Plethodon chattahoochee,NA,28,Unknown
Lordamercy Cove,Plethodon chattahoochee,NA,57,Unknown
WS32,Plethodon hybrid,NA,32,Unknown
WS32,Plethodon hybrid,NA,62,Female
WS32,Plethodon hybrid,NA,45,Unknown
WS32,Plethodon hybrid,NA,32,Unknown
WS32,Plethodon hybrid,NA,32,Unknown
WS32,Plethodon hybrid,NA,61,Female
WS32,Plethodon hybrid,NA,48,Unknown
WS32,Plethodon hybrid,NA,65,Female
WS32,Plethodon hybrid,NA,57,Female
WS31,Plethodon hybrid,NA,34,Unknown
WS32,Plethodon hybrid,NA,25,Unknown
WS32,Plethodon hybrid,NA,49,Female
WS32,Plethodon hybrid,NA,30,Unknown
WS32,Plethodon hybrid,NA,65,Female
WS32,Plethodon hybrid,NA,25,Unknown
WS32,Plethodon hybrid,NA,66,Male
WS32,Plethodon hybrid,NA,55,Female
WS32,Plethodon hybrid,NA,35,Female
WS32,Plethodon hybrid,NA,32,Unknown
WS32,Plethodon hybrid,NA,55,Male
WS32,Plethodon hybrid,NA,53,Female
WS32,Plethodon hybrid,NA,55,Female
WS31,Plethodon hybrid,NA,56,Female
WS31,Plethodon hybrid,NA,33,Unknown
WS31,Plethodon hybrid,NA,46,Unknown
WS32,Plethodon hybrid,NA,75,Female
WS32,Plethodon hybrid,NA,58,Male
WS32,Plethodon hybrid,NA,32,Unknown
WS32,Plethodon hybrid,NA,34,Unknown
WS32,Plethodon hybrid,NA,44,Unknown
WS31,Plethodon hybrid,NA,38,Unknown
WS31,Plethodon hybrid,NA,52,Unknown
WS31,Plethodon hybrid,NA,38,Unknown
WS31,Plethodon hybrid,NA,55,Unknown
WS31,Plethodon hybrid,NA,62,Male
WS31,Plethodon hybrid,NA,43,Unknown
WS31,Plethodon hybrid,NA,NA,Unknown
WS32,Plethodon hybrid,NA,NA,Unknown
WS32,Plethodon hybrid,NA,64,Male
WS32,Plethodon hybrid,NA,38,Unknown
WS32,Plethodon hybrid,NA,38,Unknown
WS32,Plethodon hybrid,NA,68,Female
WS32,Plethodon hybrid,NA,37,Unknown
WS32,Plethodon hybrid,NA,42,Unknown
WS32,Plethodon hybrid,NA,36,Unknown
WS32,Plethodon hybrid,NA,46,Unknown
WS32,Plethodon hybrid,NA,NA,Female
WS32,Plethodon hybrid,NA,35,Unknown
WS32,Plethodon hybrid,NA,37,Unknown
WS32,Plethodon hybrid,NA,38,Unknown
WS32,Plethodon hybrid,NA,67,Female
WS32,Plethodon hybrid,NA,48,Unknown
2750,Plethodon hybrid,NA,49,Unknown
2750,Plethodon hybrid,NA,38,Unknown
2750,Plethodon hybrid,NA,42,Unknown
2750,Plethodon hybrid,NA,35,Unknown
2850,Plethodon hybrid,NA,48,Unknown
2850,Plethodon hybrid,NA,36,Unknown
WS31,Plethodon hybrid,NA,44,Unknown
WS31,Plethodon hybrid,NA,52,Unknown
2950,Plethodon hybrid,NA,57,Female
WS32,Plethodon hybrid,NA,58,Unknown
WS32,Plethodon hybrid,NA,34,Unknown
WS32,Plethodon hybrid,NA,53,Unknown
2950,Plethodon hybrid,NA,26,Unknown
2950,Plethodon hybrid,NA,56,Unknown
2950,Plethodon hybrid,NA,34,Unknown
2950,Plethodon hybrid,NA,44,Unknown
2950,Plethodon hybrid,NA,34,Unknown
2950,Plethodon hybrid,NA,63,Unknown
2950,Plethodon hybrid,NA,33,Unknown
2950,Plethodon hybrid,NA,33,Unknown
WS31,Plethodon hybrid,NA,77,Female
WS31,Plethodon hybrid,NA,70,Female
WS31,Plethodon hybrid,NA,44,Unknown
WS32,Plethodon hybrid,NA,38,Unknown
WS32,Plethodon hybrid,NA,62,Female
WS32,Plethodon hybrid,NA,47,Unknown
WS32,Plethodon hybrid,NA,69,Female
WS32,Plethodon hybrid,NA,42,Unknown
WS32,Plethodon hybrid,NA,36,Unknown
2950,Plethodon hybrid,NA,32,Unknown
2950,Plethodon hybrid,NA,48,Unknown
2950,Plethodon hybrid,NA,34,Unknown
2950,Plethodon hybrid,NA,31,Unknown
2950,Plethodon hybrid,NA,26,Unknown
2950,Plethodon hybrid,NA,34,Unknown
2950,Plethodon hybrid,NA,33,Unknown
2950,Plethodon hybrid,NA,57,Unknown
2950,Plethodon hybrid,NA,61,Unknown
2950,Plethodon hybrid,NA,44,Unknown
2950,Plethodon hybrid,NA,41,Unknown
2950,Plethodon hybrid,NA,42,Unknown
2950,Plethodon hybrid,NA,32,Unknown
2750,Plethodon hybrid,NA,38,Unknown
2750,Plethodon hybrid,NA,39,Unknown
2750,Plethodon hybrid,NA,37,Unknown
2750,Plethodon hybrid,NA,32,Unknown
2950,Plethodon hybrid,NA,41,Unknown
2750,Plethodon hybrid,NA,36,Unknown
2750,Plethodon hybrid,NA,37,Unknown
2750,Plethodon hybrid,NA,42,Unknown
2750,Plethodon hybrid,NA,42,Unknown
2850,Plethodon hybrid,NA,37,Unknown
2950,Plethodon hybrid,NA,59,Unknown
2950,Plethodon hybrid,NA,29,Unknown
2950,Plethodon hybrid,NA,56,Female
2950,Plethodon hybrid,NA,53,Unknown
2950,Plethodon hybrid,NA,29,Unknown
2950,Plethodon hybrid,NA,37,Unknown
2950,Plethodon hybrid,NA,29,Unknown
2950,Plethodon hybrid,NA,32,Unknown
2950,Plethodon hybrid,NA,26,Unknown
2950,Plethodon hybrid,NA,33,Unknown
2950,Plethodon hybrid,NA,39,Unknown
2950,Plethodon hybrid,NA,32,Unknown
2950,Plethodon hybrid,NA,29,Unknown
2750,Plethodon hybrid,NA,41,Unknown
2750,Plethodon hybrid,NA,38,Unknown
2750,Plethodon hybrid,NA,51,Unknown
2750,Plethodon hybrid,NA,39,Unknown
2750,Plethodon hybrid,NA,39,Unknown
2850,Plethodon hybrid,NA,36,Unknown
2850,Plethodon hybrid,NA,61,Unknown
2750,Plethodon hybrid,NA,38,Unknown
2750,Plethodon hybrid,NA,39,Unknown
2750,Plethodon hybrid,NA,35,Unknown
2750,Plethodon hybrid,NA,66,Female
2850,Plethodon hybrid,NA,35,Unknown
2850,Plethodon hybrid,NA,41,Unknown
2850,Plethodon hybrid,NA,38,Unknown
2750,Plethodon hybrid,NA,39,Unknown
2750,Plethodon hybrid,NA,41,Unknown
2850,Plethodon hybrid,NA,37,Unknown
2850,Plethodon hybrid,NA,52,Unknown
EF,Plethodon sp.,NA,72,male
EF,Plethodon sp.,NA,63,male
EF,Plethodon sp.,NA,51,unknown
EF,Plethodon sp.,NA,70,male
EF,Plethodon sp.,NA,55,unknown
EF,Plethodon sp.,NA,56,unknown
EF,Plethodon sp.,NA,74,male
EF,Plethodon sp.,NA,55,unknown
EF,Plethodon sp.,NA,71,male
EF,Plethodon sp.,NA,72,male
EF,Plethodon sp.,NA,72,male
EF,Plethodon sp.,NA,47,unknown
EF,Plethodon sp.,NA,64,unknown
EF,Plethodon sp.,NA,56,unknown
EF,Plethodon sp.,NA,59,male
EF,Plethodon sp.,NA,67,male
EF,Plethodon sp.,NA,50,unknown
Mid,Plethodon sp.,NA,69,male
Mid,Plethodon sp.,NA,52,unknown
Mid,Plethodon sp.,NA,72,unknown
Mid,Plethodon sp.,NA,63,male
Mid,Plethodon sp.,NA,67,male
Mid,Plethodon sp.,NA,65,male
Mid,Plethodon sp.,NA,52,unknown
Mid,Plethodon sp.,NA,55,unknown
Mid,Plethodon sp.,NA,65,male
Mid,Plethodon sp.,NA,52,unknown
Mid,Plethodon sp.,NA,72,male
Mid,Plethodon sp.,NA,50,unknown
Mid,Plethodon sp.,NA,64,male
Mid,Plethodon sp.,NA,43,unknown
Mid,Plethodon sp.,NA,58,male
Mid,Plethodon sp.,NA,72,male
Mid,Plethodon sp.,NA,73,male
Mid,Plethodon sp.,NA,58,male
Sat,Plethodon sp.,NA,NA,unknown
Sat,Plethodon sp.,NA,NA,unknown
Sat,Plethodon sp.,NA,NA,unknown